"FND_APP_DESCRIPTIVE_FLEXFIELD.DescriptiveFlexfieldCode","FND_APP_DESCRIPTIVE_FLEXFIELD.ApplicationId","ContextCode","ContextIdentifier","Name","Description","InstructionHelpText","EnabledFlag","MultirowFlag","AdvancedQueryFlag","TranslatableFlag","CreationDate","CreatedBy","LastUpdateDate","LastUpdatedBy","LastUpdateLogin"
"PER_JOBS_DFF","800","EEO6","Eeo6","EEO6","EEO6 Codes for Higher Education","","Y","","","","2016/04/22 16:29:53.0","CUSTOMIZED_USER","2016/04/22 16:30:22.102","CUSTOMIZED_USER","3115ECB7CAAE03DBE053790B548CC5A0"
"PER_JOBS_DFF","800","LAW","Law","LAW","","","Y","","","","2016/10/19 13:37:53.0","CUSTOMIZED_USER","2016/10/19 13:38:15.735","CUSTOMIZED_USER","3F38DBD175290B7CE0537AA3FD0A1002"
"PER_JOBS_DFF","800","SMCR","Smcr","SMCR","","","Y","","","","2016/10/07 08:52:57.295","CUSTOMIZED_USER","2016/10/07 08:53:52.199","CUSTOMIZED_USER","3E436F6D32371B2DE0537AA3FD0AF619"
"RA_INTERFACE_LINES","222","CONTRACT INTERNAL INVOICES","","Contract Internal Invoices","Capture contract details on internal invoice lines.","","Y","","","","2013/08/08 06:37:23.903","SEED_DATA_FROM_APPLICATION","2013/08/08 06:37:24.887","SEED_DATA_FROM_APPLICATION","-1"
"RA_INTERFACE_LINES","222","CONTRACT INVOICES","","Contract Invoices","Capture contract details on invoice lines.","","Y","","","","2013/08/08 06:37:24.016","SEED_DATA_FROM_APPLICATION","2013/08/08 06:37:24.898","SEED_DATA_FROM_APPLICATION","-1"
"RA_INTERFACE_LINES","222","Contracts Context","ContractsContext","Contracts Context","","","Y","","","","2017/09/19 17:54:57.0","SEED_DATA_FROM_APPLICATION","2017/09/19 17:54:58.761","SEED_DATA_FROM_APPLICATION","-1"
"RA_INTERFACE_LINES","222","DOO","","Distributed Order Orchestration","Capture Invoice lines details from Distributed Order Orchestration.","","Y","","","","2013/08/08 06:37:24.143","SEED_DATA_FROM_APPLICATION","2013/08/08 06:37:24.912","SEED_DATA_FROM_APPLICATION","-1"
"RA_INTERFACE_LINES","222","DS TRANSACTIONS BUILD AR","DsTransactionsBuildAr","DS TRANSACTIONS BUILD AR","","","Y","","","","2019/03/06 09:22:55.0","CUSTOMIZED_USER","2019/03/06 09:24:20.112","CUSTOMIZED_USER","836A6C71E6EF0FC4E053C390DF0A629A"
"RA_INTERFACE_LINES","222","EXTERNAL_SOURCE","","External Source","External Source Import","","Y","","","","2013/10/31 13:22:47.472","CUSTOMIZED_USER","2013/10/31 13:23:14.694","CUSTOMIZED_USER","EA070FCA706043B2E0436204548C3748"
"RA_INTERFACE_LINES","222","FOS","","Supply Chain Financial Orchestration","Product to orchestrate the intercompany and intracompany trade and financial transactions based on trade agreement","","Y","","","","2014/07/16 15:26:31.475","SEED_DATA_FROM_APPLICATION","2014/07/16 15:26:35.373","SEED_DATA_FROM_APPLICATION","-1"
"RA_INTERFACE_LINES","222","GLOBAL_PROCUREMENT","","Global Procurement","Capture global procurement details on interface lines.","","Y","","","","2013/08/08 06:37:24.311","SEED_DATA_FROM_APPLICATION","2013/08/08 06:37:24.942","SEED_DATA_FROM_APPLICATION","-1"
"RA_INTERFACE_LINES","222","GSE_BUILD","","GSE Build","Used for GSE automated transaction build.","","Y","","","","2013/10/31 13:25:09.627","CUSTOMIZED_USER","2013/10/31 13:27:12.44","CUSTOMIZED_USER","EA070FCA706043B2E0436204548C3748"
"RA_INTERFACE_LINES","222","INTERCOMPANY","","Intercompany","Intercompany Invoices","","Y","","","","2013/08/08 06:37:24.521","SEED_DATA_FROM_APPLICATION","2013/08/08 06:37:24.961","SEED_DATA_FROM_APPLICATION","-1"
"RA_INTERFACE_LINES","222","INTERNAL_ALLOCATIONS","","Global Intercompany","Invoice imported from the intercompany application.","","Y","","","","2013/08/08 06:37:24.7","SEED_DATA_FROM_APPLICATION","2013/08/08 06:37:24.977","SEED_DATA_FROM_APPLICATION","-1"
"RA_INTERFACE_LINES","222","Intercompany_Agreement","intercompanyAgreement","Intercompany Agreement","The context name created by the Advanced Global Intercompany System.","","Y","","","","2023/10/27 10:20:46.561094","SEED_DATA_FROM_APPLICATION","2023/10/27 10:20:46.561094","SEED_DATA_FROM_APPLICATION","-1"
"RA_INTERFACE_LINES","222","Joint Venture Invoice","JointVentureInvoice","Joint Venture Invoice","","","Y","","","","2020/06/24 03:04:15.867841","SEED_DATA_FROM_APPLICATION","2020/06/24 03:04:15.867841","SEED_DATA_FROM_APPLICATION","-1"
"RA_INTERFACE_LINES","222","ORA_ACADEMIC_PERIOD_FEES","oraAcademicPeriodFees","Academic Period Fee","Additional attributes of fees based on tuition items.","","Y","","","","2017/09/19 17:54:57.463","SEED_DATA_FROM_APPLICATION","2017/09/19 17:54:58.87","SEED_DATA_FROM_APPLICATION","-1"
"RA_INTERFACE_LINES","222","ORA_ASSIGNED_CREDITS","oraAssignedCredits","Assigned Credits","Additional attributes of credits assigned to the student by the bursar.","","Y","","","","2018/12/19 00:48:15.712628","SEED_DATA_FROM_APPLICATION","2018/12/19 00:48:15.712628","SEED_DATA_FROM_APPLICATION","-1"
"RA_INTERFACE_LINES","222","ORA_BIG MACHINES","BigMachines","Big Machines","Capture Invoice lines details from Big Machines.","","N","","","","2014/07/16 15:26:33.451","SEED_DATA_FROM_APPLICATION","2015/07/01 02:08:20.539","SEED_DATA_FROM_APPLICATION","-1"
"RA_INTERFACE_LINES","222","ORA_CPQ CLOUD","CPQCloud","CPQ Cloud","Capture Invoice lines details from CPQ Cloud.","","Y","","","","2015/07/01 02:08:11.535","SEED_DATA_FROM_APPLICATION","2016/02/26 09:41:06.0","SEED_DATA_FROM_APPLICATION","-1"
"RA_INTERFACE_LINES","222","ORA_CURRICULUM_FEES","OraCurriculumFees","Curriculum Fees","Additional attributes for fees calculated based on curriculum items from Student Cloud.","","Y","","","","2017/03/19 07:32:40.008","SEED_DATA_FROM_APPLICATION","2017/03/19 07:32:41.018","SEED_DATA_FROM_APPLICATION","-1"
"RA_INTERFACE_LINES","222","ORA_DOO_ORIGIN_SUBSCRIPTIONS","DOOIntegratedSubscriptions","Oracle DOO Integrated Subscriptions","Line transaction flexfield used for for transactions that flow from Distributed Order Orchestration to Subscription Management and then to Receivables.","","Y","","","","2023/02/15 06:00:29.608831","SEED_DATA_FROM_APPLICATION","2023/02/15 06:00:29.608831","SEED_DATA_FROM_APPLICATION","-1"
"RA_INTERFACE_LINES","222","ORA_EXTERNAL_CREDITS","oraExternalCredits","External Credits","Additional attributes of externally managed credits.","","Y","","","","2018/12/19 00:48:15.712628","SEED_DATA_FROM_APPLICATION","2018/12/19 00:48:15.712628","SEED_DATA_FROM_APPLICATION","-1"
"RA_INTERFACE_LINES","222","ORA_FIXED ASSETS","OraFixedAssets","Fixed Assets","Capture Invoice line details for Fixed Assets.","","Y","","","","2017/09/19 17:54:58.462","SEED_DATA_FROM_APPLICATION","2017/09/19 17:54:59.189","SEED_DATA_FROM_APPLICATION","-1"
"RA_INTERFACE_LINES","222","ORA_GENERAL_FEES","OraGeneralFees","General Fee","Additional attributes of generic charges created by Bursar from Student Cloud.","","Y","","","","2017/03/19 07:32:40.402","SEED_DATA_FROM_APPLICATION","2017/03/19 07:32:41.394","SEED_DATA_FROM_APPLICATION","-1"
"RA_INTERFACE_LINES","222","ORA_LEASE_ACCOUNTING","OraLeaseAccounting","Oracle Lease Accounting Transaction","Lease Accounting Line Transaction Flexfield Context","","Y","","","","2023/08/09 06:58:42.179869","SEED_DATA_FROM_APPLICATION","2023/08/09 06:58:42.179869","SEED_DATA_FROM_APPLICATION","-1"
"RA_INTERFACE_LINES","222","ORA_PSCR","OraPscr","ORA_PSCR","Additional attributes of fees related to Permits,Citations and License.","","Y","","","","2020/03/20 00:08:07.918188","SEED_DATA_FROM_APPLICATION","2020/03/20 00:08:07.918188","SEED_DATA_FROM_APPLICATION","-1"
"RA_INTERFACE_LINES","222","ORA_RECURRING BILL","RecurringBill","Recurring Bill","Capture Invoice lines details for Recurring Bills.","","Y","","","","2016/05/19 01:02:15.0","SEED_DATA_FROM_APPLICATION","2016/05/19 01:02:44.346","SEED_DATA_FROM_APPLICATION","-1"
"RA_INTERFACE_LINES","222","ORA_SPONSORSHIP_FEES","oraSponsorshipFees","Sponsorship Fees","Additional attributes of fees based on sponsorship.","","Y","","","","2019/03/21 17:33:09.457965","SEED_DATA_FROM_APPLICATION","2019/03/21 17:33:09.457965","SEED_DATA_FROM_APPLICATION","-1"
"RA_INTERFACE_LINES","222","Subscriptions Context","SubscriptionsContext","Subscriptions Context","","","Y","","","","2018/09/21 04:36:20.293478","SEED_DATA_FROM_APPLICATION","2018/09/21 04:36:20.293478","SEED_DATA_FROM_APPLICATION","-1"
"PO_ATTRIBUTE_VALUES","201","Imprimante WF","ImprimanteWf","Imprimante WF","","","Y","","","","2021/04/26 20:58:54.0","CUSTOMIZED_USER","2021/04/26 20:59:17.465","CUSTOMIZED_USER","BF98FA0E83F1F62AE0532C60FD0A3974"
"PO_HEADERS","201","Yes","Yes","Yes","","","Y","","","","2021/02/02 16:40:31.979","CUSTOMIZED_USER","2021/02/02 16:40:55.549","CUSTOMIZED_USER","BA5DD57CBA9FFDA5E0539E90DF0AD870"
"POR_INFORMATION_TEMPLATE","10071","ATTACHEDQUOTE","HaveYouAttachedYourInformalQuo","Have you attached your informal quote?","Have you attached your informal quote?","","Y","","","","2020/05/04 15:44:56.0","CUSTOMIZED_USER","2020/05/04 15:45:44.597","CUSTOMIZED_USER","A4D550F9A404862CE0539E90DF0A148B"
"POR_INFORMATION_TEMPLATE","10071","Applicant_Information","","Applicant Information","Applicant Information","","Y","","","","2013/11/13 16:40:34.0","CUSTOMIZED_USER","2013/11/13 16:40:51.247","CUSTOMIZED_USER","EB0CFFA0191F6BB2E0436204548CD052"
"POR_INFORMATION_TEMPLATE","10071","Applicant_Information_German","ApplicantInformationGerman","Applicant Information German","Applicant Information German","","Y","","","","2020/11/02 19:01:19.0","CUSTOMIZED_USER","2020/11/02 19:02:27.328","CUSTOMIZED_USER","B3231F5E1A2E95C0E0539E90DF0A9954"
"POR_INFORMATION_TEMPLATE","10071","Bill Only Information","BillOnlyInformation","Bill Only Information","Bill Only Information","","Y","","","","2021/02/08 20:12:40.0","CUSTOMIZED_USER","2021/02/08 20:13:04.263","CUSTOMIZED_USER","BAD8DE3E3BF47C77E0539E90DF0A09AD"
"POR_INFORMATION_TEMPLATE","10071","Bus_Card_Information_German","BusinessCardInformationGerman","Business Card Information German","Business Card Information German","","Y","","","","2020/11/02 19:06:43.843","CUSTOMIZED_USER","2020/11/02 19:08:06.395","CUSTOMIZED_USER","B3231F5E1A2E95C0E0539E90DF0A9954"
"POR_INFORMATION_TEMPLATE","10071","Business Card Information","BusinessCardInformation","Business Card Information","Business Card Information","","Y","","","","2018/03/13 19:50:10.209","CUSTOMIZED_USER","2018/03/13 19:50:29.65","CUSTOMIZED_USER","675188FE55006126E053E9A7FD0AC19A"
"POR_INFORMATION_TEMPLATE","10071","Gegevens aanvrager NL","GegevensAanvragerNl","Gegevens aanvrager NL","Gegevens aanvrager NL","","Y","","","","2021/05/13 21:35:16.0","CUSTOMIZED_USER","2021/05/13 21:35:34.571","CUSTOMIZED_USER","BF98FA0EF999F62AE0532C60FD0A3974"
"POR_INFORMATION_TEMPLATE","10071","Prestations","Prestations","Prestations","","","Y","","","","2021/04/26 17:41:31.0","CUSTOMIZED_USER","2021/04/26 17:41:43.136","CUSTOMIZED_USER","BF98F03D071DF628E0532C60FD0A2059"
"POR_INFORMATION_TEMPLATE","10071","Programmer Details German","ProgrammerDetailsGerman","Programmer Details German","Programmer Details German","","Y","","","","2020/11/02 19:17:57.77","CUSTOMIZED_USER","2020/11/02 19:18:22.593","CUSTOMIZED_USER","B3231F5E1A2E95C0E0539E90DF0A9954"
"POR_INFORMATION_TEMPLATE","10071","Programmer_Details","ProgrammerDetails","Programmer Details","Details for Programmer Request","","Y","","","","2015/05/15 15:49:46.0","CUSTOMIZED_USER","2015/05/15 15:50:19.387","CUSTOMIZED_USER","1615271AEA0C7202E0536204548CAEE2"
"POR_INFORMATION_TEMPLATE","10071","Services_Juridiques ","","Services Juridiques ","Services Juridiques ","","Y","","","","2013/11/14 21:09:57.778","CUSTOMIZED_USER","2013/11/14 21:10:18.894","CUSTOMIZED_USER","EB2A6CC8A46848BCE0436204548CDB7D"
"POR_INFORMATION_TEMPLATE","10071","Sous-traitance","SousTraitance","Sous-traitance","","","Y","","","","2021/04/26 18:05:09.0","CUSTOMIZED_USER","2021/04/26 18:05:29.552","CUSTOMIZED_USER","BF98F9C324B2F636E0532C60FD0AA49D"
"POR_INFORMATION_TEMPLATE","10071","Tablette","Tablette","Tablette","Tablette","","Y","","","","2021/04/26 16:29:55.221","CUSTOMIZED_USER","2021/04/26 16:30:12.827","CUSTOMIZED_USER","BF98F8CC04546476E0532D60FD0AC196"
"POR_INFORMATION_TEMPLATE","10071","UK Shoe Size","UkShoeSize","UK Shoe Size","UK Shoe Size","","Y","","","","2021/11/05 15:57:44.0","CUSTOMIZED_USER","2021/11/05 15:58:08.106","CUSTOMIZED_USER","CFF9CCA8B8826F1FE0530264FD0ACD8B"
"EGP_TRADING_PARTNER_ITEMS_DFF","10011","MFG_CUSTOM_FABRICATED","MfgCustomFabricated","Custom Fabricated","Custom Fabricated DFFs for Trading Partners","","Y","","","","2021/10/12 11:23:11.0","CUSTOMIZED_USER","2021/10/12 16:11:21.0","CUSTOMIZED_USER","CC4287D6AFB760C8E0530264FD0A453F"
"EGP_TRADING_PARTNER_ITEMS_DFF","10011","MFG_ITEM_COMPLIANCE","MfgItemCompliance","Item Compliance","Manufacturing Item Compliance - can be used in PD","","Y","","","","2021/09/30 16:18:08.0","CUSTOMIZED_USER","2021/10/11 13:08:00.393","CUSTOMIZED_USER","CC44AF79D0C139ABE0530364FD0A47F0"
"EGP_TRADING_PARTNER_ITEMS_DFF","10011","MFG_STANDARD_ITEM","MfgStandardItem","Standard Item","Standard DFF Attributes for MPNs","","Y","","","","2021/10/11 13:04:20.631","CUSTOMIZED_USER","2021/10/12 11:19:04.0","CUSTOMIZED_USER","CC5779004DD43ACDE0530364FD0A7379"
"CN_TP_BASETRANS_DFF","283","300000046987012","","300000046987012","","","Y","","","","2014/01/22 16:14:54.22474","CUSTOMIZED_USER","2014/01/22 16:14:54.22474","CUSTOMIZED_USER","F08DEDE3BAEC4E04E0436204548C509D"
"VRM_SOURCE_DOCUMENTS","10455","HiTech_Prof_Services","HitechProfServices","Hi Tech Professional Services","HiTech Professional Services","","Y","","","","2017/01/19 18:10:04.0","CUSTOMIZED_USER","2017/01/19 18:11:42.554","CUSTOMIZED_USER","46742B9BE11A04D6E0537AA3FD0AA366"
"VRM_SOURCE_DOCUMENTS","10455","HiTech_Subscription","HiTechSubscription","Hi Tech Subscription","Hi Tech Subscription","","Y","","","","2017/01/19 18:11:54.18","CUSTOMIZED_USER","2017/01/19 18:12:42.433","CUSTOMIZED_USER","46742B9BE11A04D6E0537AA3FD0AA366"
"VRM_SOURCE_DOCUMENTS","10455","Media_Orders","MediaOrders","Media Orders","Media Orders","","Y","","","","2018/10/09 20:01:52.548","CUSTOMIZED_USER","2018/10/09 20:04:10.685","CUSTOMIZED_USER","77D2191E9E593ABFE0537990DF0AE4C4"
"VRM_SOURCE_DOCUMENTS","10455","Media_Professional_Services","MediaProfessionalServices","Media Professional Services","Media Professional Services","","Y","","","","2018/10/09 20:05:39.884","CUSTOMIZED_USER","2018/10/09 20:06:09.213","CUSTOMIZED_USER","77D2191E9E593ABFE0537990DF0AE4C4"
"VRM_SOURCE_DOCUMENTS","10455","Media_Subscriptions","MediaSubscriptions","Media Subscriptions","Media Subscriptions","","Y","","","","2018/10/09 20:13:17.975","CUSTOMIZED_USER","2018/10/09 20:13:35.673","CUSTOMIZED_USER","77D2191E9E593ABFE0537990DF0AE4C4"
"VRM_SOURCE_DOCUMENTS","10455","Mfg_Machines","MfgMachines","Manufacturing Machines","Manufacturing Machines","","Y","","","","2017/01/19 18:12:51.077","CUSTOMIZED_USER","2017/01/19 18:13:23.722","CUSTOMIZED_USER","46742B9BE11A04D6E0537AA3FD0AA366"
"VRM_SOURCE_DOCUMENTS","10455","Mfg_Maintenance","MfgMaintenance","Manufacturing Maintenance","Manufacturing Maintenance","","Y","","","","2017/01/19 18:13:33.509","CUSTOMIZED_USER","2017/01/19 18:13:50.281","CUSTOMIZED_USER","46742B9BE11A04D6E0537AA3FD0AA366"
"VRM_SOURCE_DOCUMENTS","10455","Telco_Devices","TelcoDevices","Telco Devices","Telco Devices","","Y","","","","2017/01/19 18:13:56.072","CUSTOMIZED_USER","2017/01/19 18:14:07.216","CUSTOMIZED_USER","46742B9BE11A04D6E0537AA3FD0AA366"
"VRM_SOURCE_DOCUMENTS","10455","Telco_Subscriptions","TelcoSubscriptions","Telco Subscriptions","Telco Subscriptions","","Y","","","","2017/01/19 18:14:12.852","CUSTOMIZED_USER","2017/01/19 18:14:23.249","CUSTOMIZED_USER","46742B9BE11A04D6E0537AA3FD0AA366"
"VRM_SOURCE_DOCUMENTS","10455","Third _Party_Subscriptions","ThirdPartySubscriptions","Third Party Subscriptions","Third Party Subscriptions","","Y","","","","2018/10/10 15:48:38.467","CUSTOMIZED_USER","2018/10/10 15:49:38.04","CUSTOMIZED_USER","77E292304A347D43E0537990DF0ADA46"
"VRM_SOURCE_DOCUMENTS","10455","Third_Party_Orders","ThirdPartyOrders","Third Party Orders","Third Party Orders","","Y","","","","2018/10/10 15:47:20.835","CUSTOMIZED_USER","2018/10/10 15:48:03.176","CUSTOMIZED_USER","77E292304A347D43E0537990DF0ADA46"
"VRM_SOURCE_DOCUMENTS","10455","Third_Party_Services","ThirdPartyServices","Third Party Services","Third Party Services","","Y","","","","2018/10/10 15:48:04.105","CUSTOMIZED_USER","2018/10/10 15:49:28.919","CUSTOMIZED_USER","77E292304A347D43E0537990DF0ADA46"
"EGO_ENGINEERING_CHANGES","10010","ECO_DFF","EcoDff","Additional ECO Header Attributes","Additional ECO Header Attributes used on PD ECO","","Y","","","","2018/06/19 15:02:22.081","CUSTOMIZED_USER","2018/06/19 15:03:08.54","CUSTOMIZED_USER","6F00BFEA8D4324ECE0537990DF0A939B"
"EGO_ENGINEERING_CHANGES","10010","Life_Sciences_Change_Request","PharmaChangeRequest","Pharma Change Requests","Change Requests for Pharma","","Y","","","","2018/12/04 18:21:40.0","CUSTOMIZED_USER","2021/03/30 15:59:40.593","CUSTOMIZED_USER","BE4F6BE03051C4B2E0532D60FD0A08E5"
"EGO_ENGINEERING_CHANGES","10010","PROD_CHG_DFF","ProdChgDff","Product Changes - Additional ECO Header Attributes","Product Changes - Additional Header DFF Attributes","","Y","","","","2018/06/19 16:41:27.586","CUSTOMIZED_USER","2018/06/19 16:42:31.674","CUSTOMIZED_USER","6F0232ED156D676CE0537990DF0A842A"
"EGO_ENGINEERING_CHANGES","10010","Product_Conversion","ProductConversion","Product Conversion","Healthcare Product Conversion ECO with additional fields","","Y","","","","2021/03/30 15:50:30.0","CUSTOMIZED_USER","2021/03/30 15:51:32.353","CUSTOMIZED_USER","BE4F6BE03051C4B2E0532D60FD0A08E5"
"ContractHeaderFlexfield","510","Commercial Service Agreement","CommercialServiceAgreement","Commercial Service Agreement","","","Y","","","","2016/06/08 13:31:03.331","CUSTOMIZED_USER","2016/06/08 13:32:16.273","CUSTOMIZED_USER","34C261A9132752D1E053CFFBE70AB0DD"
"OKC_LINES_DESC_FLEX","510","Capitalization Indicator (Y/N)","CapitalizationIndicatorYN","Capitalization Indicator (Y/N)","","","Y","","","","2021/02/12 04:52:51.0","CUSTOMIZED_USER","2021/02/12 04:53:26.604","CUSTOMIZED_USER","BB1954684FF33D56E0539E90DF0A8352"
"WIS_WD_OPERATIONS_B","10494","Scheduling Attributes-Wearables","SchedulingAttributesWearables","Scheduling Attributes-Wearables","Scheduling Attributes-Wearables","","Y","","","","2020/12/24 17:03:40.0","CUSTOMIZED_USER","2020/12/24 17:04:14.67","CUSTOMIZED_USER","B739AE8818238095E0539E90DF0ACE36"
"PER_DOCUMENTS_OF_RECORD_DFF","800","Criminal record check","CriminalRecordCheck","Criminal record check","","","Y","","","","2018/10/11 10:32:10.324","CUSTOMIZED_USER","2018/10/11 10:32:55.985","CUSTOMIZED_USER","77F24BB9FFC73396E0537990DF0AF748"
"PER_DOCUMENTS_OF_RECORD_DFF","800","Retail","Retail","Retail","","","Y","","","","2016/10/19 14:02:56.93","CUSTOMIZED_USER","2016/10/19 14:03:09.982","CUSTOMIZED_USER","3F36ED7D10123908E0537AA3FD0A00C0"
"HRT_PROFILE_ITEMS","10022","CERTIFICATION_300000215169739","CERTIFICATION300000215169739","CERTIFICATION_300000215169739","License data for Retail","","Y","","","","2020/11/18 10:31:31.555555","CUSTOMIZED_USER","2020/11/18 10:31:31.555555","CUSTOMIZED_USER","B45FC60AEC2FBB26E0539E90DF0A1070"
"HRT_PROFILE_ITEMS","10022","JOB_BEHAVIOR","","JOB_BEHAVIOR","Behaviors","","Y","","","","2019/02/21 08:35:26.555555","CUSTOMIZED_USER","2019/02/21 08:35:26.555555","CUSTOMIZED_USER","8261987EA918F1CDE053C390DF0A8311"
"HRT_PROFILE_ITEMS","10022","JOB_COMPETENCY","","JOB_COMPETENCY","Competencies","","Y","","","","2019/02/21 08:35:26.555555","CUSTOMIZED_USER","2019/02/21 08:35:26.555555","CUSTOMIZED_USER","8261987EA918F1CDE053C390DF0A8311"
"HRT_PROFILE_ITEMS","10022","JOB_CONDUCT_RULES_TRAINING","","JOB_CONDUCT_RULES_TRAINING","","","Y","","","","2019/02/27 19:56:32.555555","CUSTOMIZED_USER","2019/02/27 19:56:32.555555","CUSTOMIZED_USER","-1"
"HRT_PROFILE_ITEMS","10022","JOB_CRITICALITY","","JOB_CRITICALITY","Criticality","","Y","","","","2019/02/21 08:35:26.555555","CUSTOMIZED_USER","2019/02/21 08:35:26.555555","CUSTOMIZED_USER","8261987EA918F1CDE053C390DF0A8311"
"HRT_PROFILE_ITEMS","10022","JOB_DEGREE","","JOB_DEGREE","Degrees","","Y","","","","2019/02/21 08:35:26.555555","CUSTOMIZED_USER","2019/02/21 08:35:26.555555","CUSTOMIZED_USER","8261987EA918F1CDE053C390DF0A8311"
"HRT_PROFILE_ITEMS","10022","JOB_GSE_EXP","","JOB_GSE_EXP","Experiences collected based on assignments performed","","Y","","","","2019/02/27 19:56:32.555555","CUSTOMIZED_USER","2019/02/27 19:56:32.555555","CUSTOMIZED_USER","-1"
"HRT_PROFILE_ITEMS","10022","JOB_GSE_SMCR_CERT_REG","","JOB_GSE_SMCR_CERT_REG","","","Y","","","","2019/02/27 19:56:32.555555","CUSTOMIZED_USER","2019/02/27 19:56:32.555555","CUSTOMIZED_USER","-1"
"HRT_PROFILE_ITEMS","10022","JOB_GSE_SMCR_CERT_REQUIRED2","","JOB_GSE_SMCR_CERT_REQUIRED2","Under the Certification Regime does this Job have Certification Required?","","Y","","","","2019/02/27 19:56:32.555555","CUSTOMIZED_USER","2019/02/27 19:56:32.555555","CUSTOMIZED_USER","-1"
"HRT_PROFILE_ITEMS","10022","JOB_GSE_SMCR_CONDUCT_REQUIRED","","JOB_GSE_SMCR_CONDUCT_REQUIRED","Under the SMCR Accountability rules does this job require that the holder reviews and accepts the Conduct Rules applicable?","","Y","","","","2019/02/27 19:56:32.555555","CUSTOMIZED_USER","2019/02/27 19:56:32.555555","CUSTOMIZED_USER","-1"
"HRT_PROFILE_ITEMS","10022","JOB_GSE_SMCR_Prescribed_Resp","","JOB_GSE_SMCR_Prescribed_Resp","","","Y","","","","2019/02/21 08:35:26.555555","CUSTOMIZED_USER","2019/02/21 08:35:26.555555","CUSTOMIZED_USER","8261987EA918F1CDE053C390DF0A8311"
"HRT_PROFILE_ITEMS","10022","JOB_GSE_SMCR_RESP_HOLDER","","JOB_GSE_SMCR_RESP_HOLDER","Can the holder of this Job be a Responsibility Holder under the Senior Managers Regime?","","Y","","","","2019/02/27 19:56:31.555555","CUSTOMIZED_USER","2019/02/27 19:56:31.555555","CUSTOMIZED_USER","-1"
"HRT_PROFILE_ITEMS","10022","JOB_HONORAWARD","","JOB_HONORAWARD","Honors and Awards","","Y","","","","2019/02/21 08:35:26.555555","CUSTOMIZED_USER","2019/02/21 08:35:26.555555","CUSTOMIZED_USER","8261987EA918F1CDE053C390DF0A8311"
"HRT_PROFILE_ITEMS","10022","JOB_LANGUAGE","","JOB_LANGUAGE","Languages","","Y","","","","2019/02/21 08:35:26.555555","CUSTOMIZED_USER","2019/02/21 08:35:26.555555","CUSTOMIZED_USER","8261987EA918F1CDE053C390DF0A8311"
"HRT_PROFILE_ITEMS","10022","JOB_LICENSE","","JOB_LICENSE","Licenses and Certifications","","Y","","","","2019/02/21 08:35:26.555555","CUSTOMIZED_USER","2019/02/21 08:35:26.555555","CUSTOMIZED_USER","8261987EA918F1CDE053C390DF0A8311"
"HRT_PROFILE_ITEMS","10022","JOB_MEMBERSHIP","","JOB_MEMBERSHIP","Memberships","","Y","","","","2019/02/21 08:35:26.555555","CUSTOMIZED_USER","2019/02/21 08:35:26.555555","CUSTOMIZED_USER","8261987EA918F1CDE053C390DF0A8311"
"HRT_PROFILE_ITEMS","10022","JOB_WORK_REQ","","JOB_WORK_REQ","Work Requirements","","Y","","","","2019/02/21 08:35:26.555555","CUSTOMIZED_USER","2019/02/21 08:35:26.555555","CUSTOMIZED_USER","8261987EA918F1CDE053C390DF0A8311"
"HRT_PROFILE_ITEMS","10022","ORGANIZATION_BEHAVIOR","","ORGANIZATION_BEHAVIOR","Behaviors","","Y","","","","2019/02/21 08:35:26.555555","CUSTOMIZED_USER","2019/02/21 08:35:26.555555","CUSTOMIZED_USER","8261987EA918F1CDE053C390DF0A8311"
"HRT_PROFILE_ITEMS","10022","ORGANIZATION_COMPETENCY","","ORGANIZATION_COMPETENCY","Competencies","","Y","","","","2019/02/21 08:35:26.555555","CUSTOMIZED_USER","2019/02/21 08:35:26.555555","CUSTOMIZED_USER","8261987EA918F1CDE053C390DF0A8311"
"HRT_PROFILE_ITEMS","10022","ORGANIZATION_CRITICALITY","","ORGANIZATION_CRITICALITY","Criticality","","Y","","","","2023/05/17 09:08:04.354962","SEED_DATA_FROM_APPLICATION","2023/05/17 09:08:04.354962","SEED_DATA_FROM_APPLICATION","-1"
"HRT_PROFILE_ITEMS","10022","ORGANIZATION_DEGREE","","ORGANIZATION_DEGREE","Degrees","","Y","","","","2019/02/21 08:35:26.555555","CUSTOMIZED_USER","2019/02/21 08:35:26.555555","CUSTOMIZED_USER","8261987EA918F1CDE053C390DF0A8311"
"HRT_PROFILE_ITEMS","10022","ORGANIZATION_LANGUAGE","","ORGANIZATION_LANGUAGE","Languages","","Y","","","","2019/02/21 08:35:26.555555","CUSTOMIZED_USER","2019/02/21 08:35:26.555555","CUSTOMIZED_USER","8261987EA918F1CDE053C390DF0A8311"
"HRT_PROFILE_ITEMS","10022","ORGANIZATION_LICENSE","","ORGANIZATION_LICENSE","Licenses and Certifications","","Y","","","","2019/02/21 08:35:26.555555","CUSTOMIZED_USER","2019/02/21 08:35:26.555555","CUSTOMIZED_USER","8261987EA918F1CDE053C390DF0A8311"
"HRT_PROFILE_ITEMS","10022","ORG_HONORAWARD","","ORG_HONORAWARD","Honors and Awards","","Y","","","","2019/02/21 08:35:26.555555","CUSTOMIZED_USER","2019/02/21 08:35:26.555555","CUSTOMIZED_USER","8261987EA918F1CDE053C390DF0A8311"
"HRT_PROFILE_ITEMS","10022","ORG_MEMBERSHIP","","ORG_MEMBERSHIP","Memberships","","Y","","","","2019/02/21 08:35:26.555555","CUSTOMIZED_USER","2019/02/21 08:35:26.555555","CUSTOMIZED_USER","8261987EA918F1CDE053C390DF0A8311"
"HRT_PROFILE_ITEMS","10022","ORG_WORK_REQ","","ORG_WORK_REQ","Work Requirements","","Y","","","","2019/02/21 08:35:26.555555","CUSTOMIZED_USER","2019/02/21 08:35:26.555555","CUSTOMIZED_USER","8261987EA918F1CDE053C390DF0A8311"
"HRT_PROFILE_ITEMS","10022","PERSON_ACCOMPLISHMENT","","PERSON_ACCOMPLISHMENT","Accomplishments","","Y","","","","2019/02/21 08:35:26.555555","CUSTOMIZED_USER","2019/02/21 08:35:26.555555","CUSTOMIZED_USER","8261987EA918F1CDE053C390DF0A8311"
"HRT_PROFILE_ITEMS","10022","PERSON_AREA_OF_STUDY","","PERSON_AREA_OF_STUDY","Areas of Study","","Y","","","","2019/02/21 08:35:26.555555","CUSTOMIZED_USER","2019/02/21 08:35:26.555555","CUSTOMIZED_USER","8261987EA918F1CDE053C390DF0A8311"
"HRT_PROFILE_ITEMS","10022","PERSON_BEHAVIOR","","PERSON_BEHAVIOR","Behaviors","","Y","","","","2019/02/21 08:35:26.555555","CUSTOMIZED_USER","2019/02/21 08:35:26.555555","CUSTOMIZED_USER","8261987EA918F1CDE053C390DF0A8311"
"HRT_PROFILE_ITEMS","10022","PERSON_CAREER_PREF","","PERSON_CAREER_PREF","Career Preferences","","Y","","","","2019/02/21 08:35:26.555555","CUSTOMIZED_USER","2019/02/21 08:35:26.555555","CUSTOMIZED_USER","8261987EA918F1CDE053C390DF0A8311"
"HRT_PROFILE_ITEMS","10022","PERSON_CAREER_STATEMENT","","PERSON_CAREER_STATEMENT","Career Statement","","Y","","","","2019/02/21 08:35:26.555555","CUSTOMIZED_USER","2019/02/21 08:35:26.555555","CUSTOMIZED_USER","8261987EA918F1CDE053C390DF0A8311"
"HRT_PROFILE_ITEMS","10022","PERSON_CATEGORY","","PERSON_CATEGORY","Categories","","Y","","","","2019/02/21 08:35:26.555555","CUSTOMIZED_USER","2019/02/21 08:35:26.555555","CUSTOMIZED_USER","8261987EA918F1CDE053C390DF0A8311"
"HRT_PROFILE_ITEMS","10022","PERSON_CERTIFICATION","","PERSON_CERTIFICATION","Licenses and Certifications","","Y","","","","2019/02/21 08:35:26.555555","CUSTOMIZED_USER","2019/02/21 08:35:26.555555","CUSTOMIZED_USER","8261987EA918F1CDE053C390DF0A8311"
"HRT_PROFILE_ITEMS","10022","PERSON_COMPETENCY","","PERSON_COMPETENCY","Competencies","","Y","","","","2019/02/21 08:35:26.555555","CUSTOMIZED_USER","2019/02/21 08:35:26.555555","CUSTOMIZED_USER","8261987EA918F1CDE053C390DF0A8311"
"HRT_PROFILE_ITEMS","10022","PERSON_COMPONENT","","PERSON_COMPONENT","Components","","Y","","","","2019/02/21 08:35:26.555555","CUSTOMIZED_USER","2019/02/21 08:35:26.555555","CUSTOMIZED_USER","8261987EA918F1CDE053C390DF0A8311"
"HRT_PROFILE_ITEMS","10022","PERSON_CONDUCT_RULES","","PERSON_CONDUCT_RULES","","","Y","","","","2019/02/27 19:56:32.555555","CUSTOMIZED_USER","2019/02/27 19:56:32.555555","CUSTOMIZED_USER","-1"
"HRT_PROFILE_ITEMS","10022","PERSON_CONDUCT_RULES_TRAINING","","PERSON_CONDUCT_RULES_TRAINING","","","Y","","","","2019/02/27 19:56:32.555555","CUSTOMIZED_USER","2019/02/27 19:56:32.555555","CUSTOMIZED_USER","-1"
"HRT_PROFILE_ITEMS","10022","PERSON_DEGREE","","PERSON_DEGREE","Degrees","","Y","","","","2019/02/21 08:35:26.555555","CUSTOMIZED_USER","2019/02/21 08:35:26.555555","CUSTOMIZED_USER","8261987EA918F1CDE053C390DF0A8311"
"HRT_PROFILE_ITEMS","10022","PERSON_EDUCATION_LEVEL","","PERSON_EDUCATION_LEVEL","School Education","","Y","","","","2019/02/21 08:35:26.555555","CUSTOMIZED_USER","2019/02/21 08:35:26.555555","CUSTOMIZED_USER","8261987EA918F1CDE053C390DF0A8311"
"HRT_PROFILE_ITEMS","10022","PERSON_GSE_EXP","","PERSON_GSE_EXP","Experiences collected based on assignments performed","","Y","","","","2019/02/27 19:56:32.555555","CUSTOMIZED_USER","2019/02/27 19:56:32.555555","CUSTOMIZED_USER","-1"
"HRT_PROFILE_ITEMS","10022","PERSON_GSE_HEUS_FACULTY_INFO","","PERSON_GSE_HEUS_FACULTY_INFO","Records Faculty Information","","Y","","","","2019/02/21 08:35:26.555555","CUSTOMIZED_USER","2019/02/21 08:35:26.555555","CUSTOMIZED_USER","8261987EA918F1CDE053C390DF0A8311"
"HRT_PROFILE_ITEMS","10022","PERSON_GSE_LAW_COT","","PERSON_GSE_LAW_COT","Conflict of Interest Tracking","","Y","","","","2019/02/27 19:56:32.555555","CUSTOMIZED_USER","2019/02/27 19:56:32.555555","CUSTOMIZED_USER","-1"
"HRT_PROFILE_ITEMS","10022","PERSON_GSE_LAW_PROFESS_LEARNING","","PERSON_GSE_LAW_PROFESS_LEARNING","Professional Learning recorded in continuing professional development hours (CPD) or continuing legal education hours (CLE).","","Y","","","","2019/02/27 19:56:32.555555","CUSTOMIZED_USER","2019/02/27 19:56:32.555555","CUSTOMIZED_USER","-1"
"HRT_PROFILE_ITEMS","10022","PERSON_GSE_LAW_TRAININGCONTRACT_INFO","","PERSON_GSE_LAW_TRAININGCONTRACT_INFO","Training Contract Information about the four seats a law trainee does during the 2-year traineeship.","","Y","","","","2019/02/27 19:56:32.555555","CUSTOMIZED_USER","2019/02/27 19:56:32.555555","CUSTOMIZED_USER","-1"
"HRT_PROFILE_ITEMS","10022","PERSON_GSE_SMCR_CERT_REG","","PERSON_GSE_SMCR_CERT_REG","","","Y","","","","2019/02/27 19:56:32.555555","CUSTOMIZED_USER","2019/02/27 19:56:32.555555","CUSTOMIZED_USER","-1"
"HRT_PROFILE_ITEMS","10022","PERSON_GSE_SMCR_CERT_REGIME","","PERSON_GSE_SMCR_CERT_REGIME","Is this Job/Person a holder of a Responsibility under the Senior Managers Regime? If so - what responsibility is held?","","Y","","","","2019/02/27 19:56:32.555555","CUSTOMIZED_USER","2019/02/27 19:56:32.555555","CUSTOMIZED_USER","-1"
"HRT_PROFILE_ITEMS","10022","PERSON_GSE_SMCR_CERT_REQUIRED2","","PERSON_GSE_SMCR_CERT_REQUIRED2","Under the Certification Regime does this Job have Certification Required?","","Y","","","","2019/02/27 19:56:32.555555","CUSTOMIZED_USER","2019/02/27 19:56:32.555555","CUSTOMIZED_USER","-1"
"HRT_PROFILE_ITEMS","10022","PERSON_GSE_SMCR_CONDUCT_ACCEPTED","","PERSON_GSE_SMCR_CONDUCT_ACCEPTED","Under the SMCR/Accountability Conduct Regime â€“ The Employee has accepted the Conduct Rules.","","Y","","","","2019/02/27 19:56:32.555555","CUSTOMIZED_USER","2019/02/27 19:56:32.555555","CUSTOMIZED_USER","-1"
"HRT_PROFILE_ITEMS","10022","PERSON_GSE_SMCR_CONDUCT_REQUIRED","","PERSON_GSE_SMCR_CONDUCT_REQUIRED","Under the SMCR Accountability rules does this job require that the holder reviews and accepts the Conduct Rules applicable?","","Y","","","","2019/02/27 19:56:31.555555","CUSTOMIZED_USER","2019/02/27 19:56:31.555555","CUSTOMIZED_USER","-1"
"HRT_PROFILE_ITEMS","10022","PERSON_GSE_SMCR_Prescribed_Resp","","PERSON_GSE_SMCR_Prescribed_Resp","","","Y","","","","2019/02/21 08:35:26.555555","CUSTOMIZED_USER","2019/02/21 08:35:26.555555","CUSTOMIZED_USER","8261987EA918F1CDE053C390DF0A8311"
"HRT_PROFILE_ITEMS","10022","PERSON_GSE_SMCR_RESP_HOLDER","","PERSON_GSE_SMCR_RESP_HOLDER","Can the holder of this Job be a Responsibility Holder under the Senior Managers Regime?","","Y","","","","2019/02/27 19:56:31.555555","CUSTOMIZED_USER","2019/02/27 19:56:31.555555","CUSTOMIZED_USER","-1"
"HRT_PROFILE_ITEMS","10022","PERSON_GSE_SMCR__CERT_ACHIEVED","","PERSON_GSE_SMCR__CERT_ACHIEVED","If you work in a certification regime job that required certification, you must record your certification status ","","Y","","","","2019/02/27 19:56:32.555555","CUSTOMIZED_USER","2019/02/27 19:56:32.555555","CUSTOMIZED_USER","-1"
"HRT_PROFILE_ITEMS","10022","PERSON_HIGHEST_EDUCATION_LEVEL","","PERSON_HIGHEST_EDUCATION_LEVEL","Highest Education Level","","Y","","","","2019/02/21 08:35:26.555555","CUSTOMIZED_USER","2019/02/21 08:35:26.555555","CUSTOMIZED_USER","8261987EA918F1CDE053C390DF0A8311"
"HRT_PROFILE_ITEMS","10022","PERSON_HONOR","","PERSON_HONOR","Honors and Awards","","Y","","","","2019/02/21 08:35:26.555555","CUSTOMIZED_USER","2019/02/21 08:35:26.555555","CUSTOMIZED_USER","8261987EA918F1CDE053C390DF0A8311"
"HRT_PROFILE_ITEMS","10022","PERSON_LANGUAGE","","PERSON_LANGUAGE","Languages","","Y","","","","2019/02/21 08:35:26.555555","CUSTOMIZED_USER","2019/02/21 08:35:26.555555","CUSTOMIZED_USER","8261987EA918F1CDE053C390DF0A8311"
"HRT_PROFILE_ITEMS","10022","PERSON_LEARNING_HISTORY","","PERSON_LEARNING_HISTORY","Learning History","","Y","","","","2019/02/27 19:56:32.555555","CUSTOMIZED_USER","2019/02/27 19:56:32.555555","CUSTOMIZED_USER","-1"
"HRT_PROFILE_ITEMS","10022","PERSON_MEMBERSHIP","","PERSON_MEMBERSHIP","Memberships","","Y","","","","2019/02/21 08:35:26.555555","CUSTOMIZED_USER","2019/02/21 08:35:26.555555","CUSTOMIZED_USER","8261987EA918F1CDE053C390DF0A8311"
"HRT_PROFILE_ITEMS","10022","PERSON_MENTOR","","PERSON_MENTOR","Mentor \ Mentee Relationship Detail","","Y","","","","2019/02/27 19:56:32.555555","CUSTOMIZED_USER","2019/02/27 19:56:32.555555","CUSTOMIZED_USER","-1"
"HRT_PROFILE_ITEMS","10022","PERSON_N_BOX_ASSIGNMENT","","PERSON_N_BOX_ASSIGNMENT","N Box Cell Assignment","","Y","","","","2019/02/21 08:35:26.555555","CUSTOMIZED_USER","2019/02/21 08:35:26.555555","CUSTOMIZED_USER","8261987EA918F1CDE053C390DF0A8311"
"HRT_PROFILE_ITEMS","10022","PERSON_PERFORMANCE_RATING","","PERSON_PERFORMANCE_RATING","Performance Rating","","Y","","","","2019/02/21 08:35:26.555555","CUSTOMIZED_USER","2019/02/21 08:35:26.555555","CUSTOMIZED_USER","8261987EA918F1CDE053C390DF0A8311"
"HRT_PROFILE_ITEMS","10022","PERSON_PLATFORM","","PERSON_PLATFORM","Platforms","","Y","","","","2019/02/21 08:35:26.555555","CUSTOMIZED_USER","2019/02/21 08:35:26.555555","CUSTOMIZED_USER","8261987EA918F1CDE053C390DF0A8311"
"HRT_PROFILE_ITEMS","10022","PERSON_POTENTIAL","","PERSON_POTENTIAL","Career Potential","","Y","","","","2019/02/21 08:35:26.555555","CUSTOMIZED_USER","2019/02/21 08:35:26.555555","CUSTOMIZED_USER","8261987EA918F1CDE053C390DF0A8311"
"HRT_PROFILE_ITEMS","10022","PERSON_PREV_EMPLOY","","PERSON_PREV_EMPLOY","Previous Employment","","Y","","","","2019/02/21 08:35:26.555555","CUSTOMIZED_USER","2019/02/21 08:35:26.555555","CUSTOMIZED_USER","8261987EA918F1CDE053C390DF0A8311"
"HRT_PROFILE_ITEMS","10022","PERSON_PROBLEM_CODE","","PERSON_PROBLEM_CODE","Problem Codes","","Y","","","","2019/02/21 08:35:26.555555","CUSTOMIZED_USER","2019/02/21 08:35:26.555555","CUSTOMIZED_USER","8261987EA918F1CDE053C390DF0A8311"
"HRT_PROFILE_ITEMS","10022","PERSON_PRODUCT","","PERSON_PRODUCT","Products","","Y","","","","2019/02/21 08:35:26.555555","CUSTOMIZED_USER","2019/02/21 08:35:26.555555","CUSTOMIZED_USER","8261987EA918F1CDE053C390DF0A8311"
"HRT_PROFILE_ITEMS","10022","PERSON_PRODUCT_PROBLEM_CODE","","PERSON_PRODUCT_PROBLEM_CODE","Product Problem Codes","","Y","","","","2019/02/21 08:35:26.555555","CUSTOMIZED_USER","2019/02/21 08:35:26.555555","CUSTOMIZED_USER","8261987EA918F1CDE053C390DF0A8311"
"HRT_PROFILE_ITEMS","10022","PERSON_READINESS","","PERSON_READINESS","Advancement Readiness","","Y","","","","2019/02/21 08:35:26.555555","CUSTOMIZED_USER","2019/02/21 08:35:26.555555","CUSTOMIZED_USER","8261987EA918F1CDE053C390DF0A8311"
"HRT_PROFILE_ITEMS","10022","PERSON_RISK","","PERSON_RISK","Risk of Loss","","Y","","","","2019/02/21 08:35:26.555555","CUSTOMIZED_USER","2019/02/21 08:35:26.555555","CUSTOMIZED_USER","8261987EA918F1CDE053C390DF0A8311"
"HRT_PROFILE_ITEMS","10022","PERSON_SMCR_OVERVIEW_TRAINING","","PERSON_SMCR_OVERVIEW_TRAINING","","","Y","","","","2019/02/27 19:56:32.555555","CUSTOMIZED_USER","2019/02/27 19:56:32.555555","CUSTOMIZED_USER","-1"
"HRT_PROFILE_ITEMS","10022","PERSON_SPECIAL_PROJ","","PERSON_SPECIAL_PROJ","Special Projects","","Y","","","","2019/02/21 08:35:26.555555","CUSTOMIZED_USER","2019/02/21 08:35:26.555555","CUSTOMIZED_USER","8261987EA918F1CDE053C390DF0A8311"
"HRT_PROFILE_ITEMS","10022","PERSON_TALENT_SCORE","","PERSON_TALENT_SCORE","Talent Score","","Y","","","","2019/02/21 08:35:26.555555","CUSTOMIZED_USER","2019/02/21 08:35:26.555555","CUSTOMIZED_USER","8261987EA918F1CDE053C390DF0A8311"
"HRT_PROFILE_ITEMS","10022","PERSON_TECH_POST_DETS","","PERSON_TECH_POST_DETS","Technical Post Details","","Y","","","","2019/02/21 08:35:26.555555","CUSTOMIZED_USER","2019/02/21 08:35:26.555555","CUSTOMIZED_USER","8261987EA918F1CDE053C390DF0A8311"
"HRT_PROFILE_ITEMS","10022","PERSON_WORK_REQ","","PERSON_WORK_REQ","Work Requirements","","Y","","","","2019/02/21 08:35:26.555555","CUSTOMIZED_USER","2019/02/21 08:35:26.555555","CUSTOMIZED_USER","8261987EA918F1CDE053C390DF0A8311"
"HRT_PROFILE_ITEMS","10022","POSITION_BEHAVIOR","","POSITION_BEHAVIOR","Behaviors","","Y","","","","2019/02/21 08:35:26.555555","CUSTOMIZED_USER","2019/02/21 08:35:26.555555","CUSTOMIZED_USER","8261987EA918F1CDE053C390DF0A8311"
"HRT_PROFILE_ITEMS","10022","POSITION_COMPETENCY","","POSITION_COMPETENCY","Competencies","","Y","","","","2019/02/21 08:35:26.555555","CUSTOMIZED_USER","2019/02/21 08:35:26.555555","CUSTOMIZED_USER","8261987EA918F1CDE053C390DF0A8311"
"HRT_PROFILE_ITEMS","10022","POSITION_CRITICALITY","","POSITION_CRITICALITY","Criticality","","Y","","","","2019/02/21 08:35:26.555555","CUSTOMIZED_USER","2019/02/21 08:35:26.555555","CUSTOMIZED_USER","8261987EA918F1CDE053C390DF0A8311"
"HRT_PROFILE_ITEMS","10022","POSITION_DEGREE","","POSITION_DEGREE","Degrees","","Y","","","","2019/02/21 08:35:25.555555","CUSTOMIZED_USER","2019/02/21 08:35:25.555555","CUSTOMIZED_USER","8261987EA918F1CDE053C390DF0A8311"
"HRT_PROFILE_ITEMS","10022","POSITION_GSE_SMCR_Prescribed_Resp","","POSITION_GSE_SMCR_Prescribed_Resp","","","Y","","","","2019/02/21 08:35:26.555555","CUSTOMIZED_USER","2019/02/21 08:35:26.555555","CUSTOMIZED_USER","8261987EA918F1CDE053C390DF0A8311"
"HRT_PROFILE_ITEMS","10022","POSITION_HONORAWARD","","POSITION_HONORAWARD","Honors and Awards","","Y","","","","2019/02/21 08:35:26.555555","CUSTOMIZED_USER","2019/02/21 08:35:26.555555","CUSTOMIZED_USER","8261987EA918F1CDE053C390DF0A8311"
"HRT_PROFILE_ITEMS","10022","POSITION_LANGUAGE","","POSITION_LANGUAGE","Languages","","Y","","","","2019/02/21 08:35:26.555555","CUSTOMIZED_USER","2019/02/21 08:35:26.555555","CUSTOMIZED_USER","8261987EA918F1CDE053C390DF0A8311"
"HRT_PROFILE_ITEMS","10022","POSITION_LICENSE","","POSITION_LICENSE","Licenses and Certifications","","Y","","","","2019/02/21 08:35:26.555555","CUSTOMIZED_USER","2019/02/21 08:35:26.555555","CUSTOMIZED_USER","8261987EA918F1CDE053C390DF0A8311"
"HRT_PROFILE_ITEMS","10022","POSITION_MEMBERSHIP","","POSITION_MEMBERSHIP","Memberships","","Y","","","","2019/02/21 08:35:26.555555","CUSTOMIZED_USER","2019/02/21 08:35:26.555555","CUSTOMIZED_USER","8261987EA918F1CDE053C390DF0A8311"
"HRT_PROFILE_ITEMS","10022","POSITION_WORK_REQ","","POSITION_WORK_REQ","Work Requirements","","Y","","","","2019/02/21 08:35:26.555555","CUSTOMIZED_USER","2019/02/21 08:35:26.555555","CUSTOMIZED_USER","8261987EA918F1CDE053C390DF0A8311"
"HRT_PROFILE_ITEMS","10022","PREREQ_COMPETENCY","","PREREQ_COMPETENCY","Competencies","","Y","","","","2019/02/20 10:40:24.555555","CUSTOMIZED_USER","2019/02/20 10:40:24.555555","CUSTOMIZED_USER","824ED1CAA1D9F429E053C390DF0ACB6E"
"HRT_PROFILE_ITEMS","10022","PREREQ_GSE_SMCR_Prescribed_Resp","","PREREQ_GSE_SMCR_Prescribed_Resp","","","Y","","","","2019/02/20 10:40:24.555555","CUSTOMIZED_USER","2019/02/20 10:40:24.555555","CUSTOMIZED_USER","824ED1CAA1D9F429E053C390DF0ACB6E"
"HRT_PROFILE_ITEMS","10022","PREREQ_LICENSE","","PREREQ_LICENSE","Licenses and Certifications","","Y","","","","2019/02/21 08:35:27.555555","CUSTOMIZED_USER","2019/02/21 08:35:27.555555","CUSTOMIZED_USER","8261987EA918F1CDE053C390DF0A8311"
"HRT_PROFILE_ITEMS","10022","SKILL_300000203632919","SKILL300000203632919","SKILL_300000203632919","","","Y","","","","2020/06/26 04:24:43.555555","CUSTOMIZED_USER","2020/06/26 04:24:43.555555","CUSTOMIZED_USER","A8F5C9A2A2C7E6F0E0539E90DF0A8CF6"
"HRT_PROFILE_ITEMS","10022","SKILL_300000234741611","SKILL300000234741611","SKILL_300000234741611","","","Y","","","","2021/10/04 10:26:04.555555","CUSTOMIZED_USER","2021/10/04 10:26:04.555555","CUSTOMIZED_USER","CC42B3FF007C612CE0530264FD0AF5E1"
"HRT_PROFILE_ITEMS","10022","SKILL_300000234777684","SKILL300000234777684","SKILL_300000234777684","","","Y","","","","2021/10/05 06:58:59.555555","CUSTOMIZED_USER","2021/10/05 06:58:59.555555","CUSTOMIZED_USER","CC4287F26AE360B4E0530264FD0AD894"
"HRT_PROFILE_ITEMS","10022","SKILL_300000243054167","SKILL300000243054167","SKILL_300000243054167","","","Y","","","","2022/02/22 13:04:29.555555","CUSTOMIZED_USER","2022/02/22 13:04:29.555555","CUSTOMIZED_USER","D7C9E066DB30328AE0530264FD0AB0E7"
"PER_POSITIONS_DFF","800","Federal","Federal","Federal","Federal","","Y","","","","2022/02/17 17:34:47.0","CUSTOMIZED_USER","2022/02/17 17:34:57.85","CUSTOMIZED_USER","D7C9D76B398B32A1E0530264FD0AAEC7"
"PER_POSITIONS_DFF","800","Higher Education","HigherEducation","Higher Education","","","Y","","","","2016/06/02 17:02:50.0","CUSTOMIZED_USER","2016/06/02 17:03:12.046","CUSTOMIZED_USER","343832883F170D53E053CFFBE70A4F8C"
"GMS_AWARD_HEADERS_DFF","8402","None","None","None","","","Y","","","","2018/06/06 14:22:28.756","CUSTOMIZED_USER","2018/06/06 14:22:39.98","CUSTOMIZED_USER","6DFAA64071647F44E0537990DF0A5E26"
"GMS_AWARD_HEADERS_DFF","8402","Sub-Grantee Information","SubGranteeInformation","Sub-Grantee Information","","","Y","","","","2018/06/06 13:44:31.288","CUSTOMIZED_USER","2018/06/06 13:45:34.748","CUSTOMIZED_USER","6DF7C3647EF20138E0537990DF0A7228"
"AP_INVOICES","200","My Group 1","MyGroup1","My Group 1","List for My Group 1","","Y","","","","2016/11/01 13:58:16.174","CUSTOMIZED_USER","2016/11/01 13:58:51.841","CUSTOMIZED_USER","403E9F3C6D2E7B39E0537AA3FD0A17D3"
"AP_INVOICES","200","My Group 2","MyGroup2","My Group 2","My List for Group 2","","Y","","","","2016/11/01 14:09:48.281","CUSTOMIZED_USER","2016/11/01 14:10:13.483","CUSTOMIZED_USER","403E9F3C6D2E7B39E0537AA3FD0A17D3"
"PROJECTS_STD_COST_COLLECTION","10036","AP_Distribution_Sets","","AP: Distribution Sets","A context that displays attributes applicable to entering Distribution Sets.","","Y","","","","2013/08/08 06:37:47.176","SEED_DATA_FROM_APPLICATION","2013/12/31 06:22:31.853","SEED_DATA_FROM_APPLICATION","-1"
"PROJECTS_STD_COST_COLLECTION","10036","AP_Invoice_Distribution","","AP: Invoice Distribution","A context that displays attributes applicable to entering Supplier Invoices.","","Y","","","","2013/08/08 06:37:47.318","SEED_DATA_FROM_APPLICATION","2013/12/31 06:22:31.89","SEED_DATA_FROM_APPLICATION","-1"
"PROJECTS_STD_COST_COLLECTION","10036","AP_Invoice_Line","","AP: Invoice Line","A context that displays attributes applicable to entering Supplier Invoices at intermediate level and not at the distribution level.","","Y","","","","2013/08/08 06:37:47.506","SEED_DATA_FROM_APPLICATION","2013/12/31 06:22:31.924","SEED_DATA_FROM_APPLICATION","-1"
"PROJECTS_STD_COST_COLLECTION","10036","EXM_Expense_Report","","EXM: Expense Report","A context that displays attributes applicable to entering Expense Reports through Oracle Fusion Expenses.","","Y","","","","2013/08/08 06:37:47.645","SEED_DATA_FROM_APPLICATION","2013/12/31 06:22:31.945","SEED_DATA_FROM_APPLICATION","-1"
"PROJECTS_STD_COST_COLLECTION","10036","EXM_Expense_Report_Line","","EXM: Expense Report Line","A context that displays attributes applicable to entering expense reports through Oracle Fusion Expenses at the line level and not at the distribution level.","","Y","","","","2013/08/08 06:37:47.812","SEED_DATA_FROM_APPLICATION","2013/12/31 06:22:31.968","SEED_DATA_FROM_APPLICATION","-1"
"PROJECTS_STD_COST_COLLECTION","10036","INV_Misc_Transactions","","INV: Misc. Transactions","A context that displays attributes applicable to entering miscellaneous inventory transactions.","","Y","","","","2013/08/08 06:37:47.961","SEED_DATA_FROM_APPLICATION","2013/12/31 06:22:31.991","SEED_DATA_FROM_APPLICATION","-1"
"PROJECTS_STD_COST_COLLECTION","10036","OM_Sales_Order","OmSalesOrder","SCM: General","A context that displays attributes applicable to entering Supply Chain Management transactions.","","Y","","","","2018/09/21 04:36:20.293478","SEED_DATA_FROM_APPLICATION","2018/09/21 04:36:20.293478","SEED_DATA_FROM_APPLICATION","-1"
"PROJECTS_STD_COST_COLLECTION","10036","PJC_All","","PJC: All","A context that displays the superset of all standard cost collection attributes.","","Y","","","","2013/08/08 06:37:48.143","SEED_DATA_FROM_APPLICATION","2013/12/31 06:22:32.017","SEED_DATA_FROM_APPLICATION","-1"
"PROJECTS_STD_COST_COLLECTION","10036","PJC_Expenditure_Batch","","PJC: Expenditure Batch","A context that displays attributes applicable to entering Batch Transactions within Project Costing.","","Y","","","","2013/08/08 06:37:48.496","SEED_DATA_FROM_APPLICATION","2013/12/31 06:22:32.063","SEED_DATA_FROM_APPLICATION","-1"
"PROJECTS_STD_COST_COLLECTION","10036","POR_Requisition","","POR: Requisition","A context that displays attributes applicable to entering Purchase Requisitions.","","Y","","","","2013/08/08 06:37:48.876","SEED_DATA_FROM_APPLICATION","2013/12/31 06:22:32.103","SEED_DATA_FROM_APPLICATION","-1"
"PROJECTS_STD_COST_COLLECTION","10036","POR_User_Preferences","","POR: User Preferences","A context that displays attributes applicable to entering user preferences.","","Y","","","","2013/08/08 06:37:49.123","SEED_DATA_FROM_APPLICATION","2013/12/31 06:22:32.126","SEED_DATA_FROM_APPLICATION","-1"
"PROJECTS_STD_COST_COLLECTION","10036","PO_Purchase_Order","","PO: Order Header","A context that displays attributes applicable to entering Purchase Orders.","","Y","","","","2013/08/08 06:37:49.245","SEED_DATA_FROM_APPLICATION","2013/12/31 06:22:32.138","SEED_DATA_FROM_APPLICATION","-1"
"PROJECTS_STD_COST_COLLECTION","10036","PO_Purchase_Order_Line","","PO: Order Line","A context that displays attributes applicable to entering Purchase Orders at the higher level and not at the distribution level.","","Y","","","","2013/08/08 06:37:49.442","SEED_DATA_FROM_APPLICATION","2013/12/31 06:22:32.163","SEED_DATA_FROM_APPLICATION","-1"
"PROJECTS_STD_COST_COLLECTION","10036","PO_Purchase_Order_Schedule","","PO: Order Schedule","A context that displays attributes applicable to entering Purchase Orders at intermediate level and not at the distribution level.","","Y","","","","2013/08/08 06:37:49.637","SEED_DATA_FROM_APPLICATION","2013/12/31 06:22:32.182","SEED_DATA_FROM_APPLICATION","-1"
"PER_PERSON_ALLOCATED_TASKS_DFF","800","Australia Tax Number","AustraliaTaxNumber","Australia Tax Number","Australia Tax Number","","Y","","","","2019/05/14 18:30:15.0","CUSTOMIZED_USER","2019/05/14 18:30:32.58","CUSTOMIZED_USER","88DD886CC1DD80DFE053C390DF0A9CF8"
"PER_PERSON_ALLOCATED_TASKS_DFF","800","COVID_REQUEST_WORKSPACE","CovidRequestWorkspace","Request Workspace","Request Workspace for Return to work","","Y","","","","2021/02/18 15:47:28.0","CUSTOMIZED_USER","2021/02/18 15:48:18.942","CUSTOMIZED_USER","BB9F4170D74D963EE0539E90DF0AA1DD"
"PER_PERSON_ALLOCATED_TASKS_DFF","800","IRD Number","IrdNumber","IRD Number","IRD Number","","Y","","","","2019/05/14 18:32:27.08","CUSTOMIZED_USER","2019/05/14 18:32:47.514","CUSTOMIZED_USER","88DD886CC1DD80DFE053C390DF0A9CF8"
"PER_PERSON_ALLOCATED_TASKS_DFF","800","New Hire Survey Form","NewHireSurveyForm","New Hire Survey Form","New Hire Survey Form","","Y","","","","2019/05/29 21:16:55.0","CUSTOMIZED_USER","2019/05/29 21:17:17.397","CUSTOMIZED_USER","89A8029BCE157C1AE053C390DF0A5625"
"PER_PERSON_ALLOCATED_TASKS_DFF","800","OB Exit Form","ObExitForm","OB Exit Form","Off Boarding Exit Form","","Y","","","","2018/10/03 19:45:49.381","CUSTOMIZED_USER","2018/10/03 19:46:13.608","CUSTOMIZED_USER","775903FD3CBF210BE0537990DF0A7D08"
"PER_PERSON_ALLOCATED_TASKS_DFF","800","OB_CONSENT_TO_SHARE","OBCONSENTTOSHARE","AUTHORIZATION TO RELEASE AND CONSENT TO EXCHANGE INFORMATION","AUTHORIZATION TO RELEASE AND CONSENT TO EXCHANGE INFORMATION","","Y","","","","2018/06/20 21:33:32.764","CUSTOMIZED_USER","2018/06/20 21:38:35.247","CUSTOMIZED_USER","6F1A9521513A779AE0537990DF0A7B74"
"PER_PERSON_ALLOCATED_TASKS_DFF","800","RTW_SURVEY","RtwSurvey","Return To Work survey","Return To Work survey Form","","Y","","","","2020/05/04 18:43:23.0","CUSTOMIZED_USER","2020/05/04 19:35:47.79","CUSTOMIZED_USER","A4D6FA2FB1DB6132E0539E90DF0AF494"
"PER_LOCATIONS_DF","800","US Healthcare","UsHealthcare","US Healthcare","","","Y","","","","2019/09/11 08:22:10.0","CUSTOMIZED_USER","2019/09/11 08:22:28.205","CUSTOMIZED_USER","9243A9B63EAD8443E053C390DF0A564F"
"PER_ASG_DF","800","Federal","Federal","Federal","Federal","","Y","","","","2022/02/17 16:54:41.0","CUSTOMIZED_USER","2022/02/17 16:55:13.349","CUSTOMIZED_USER","D7C9D6F9D8D73168E0530264FD0A280C"
"PER_ASG_DF","800","Italy","Italy","Italy","","","Y","","","","2014/08/07 15:05:25.395","CUSTOMIZED_USER","2014/08/07 15:07:57.118","CUSTOMIZED_USER","000BF9B052515C78E0536204548C01CB"
"PER_CONTRACT_DF","800","HE","He","HE","Higher Education","","Y","","","","2020/04/14 12:23:19.0","CUSTOMIZED_USER","2020/04/14 12:25:03.414","CUSTOMIZED_USER","A33FC9B40A8FE926E053B090DF0A29A7"
"PER_CONTRACT_DF","800","ITA","Ita","ITA","ITA","","Y","","","","2022/02/14 18:00:47.0","CUSTOMIZED_USER","2022/02/14 18:05:00.824","CUSTOMIZED_USER","D7CA12AA40FB3303E0530264FD0A580B"
"PER_CONTRACT_DF","800","K12","K12","K12","K12 Schools","","Y","","","","2021/08/22 14:21:55.0","CUSTOMIZED_USER","2021/08/22 14:22:21.697","CUSTOMIZED_USER","CA14834236E169FEE0530364FD0A4BF1"
"PER_CONTRACT_DF","800","Student Worker","StudentWorker","Student Worker","Student Worker","","Y","","","","2022/02/08 05:45:36.0","CUSTOMIZED_USER","2022/02/08 05:46:06.547","CUSTOMIZED_USER","D61EB71287954CA6E0530264FD0A4EE2"
