"ValueSetCode","ModuleId","Description","ValidationType","ValueDataType","ValueSubtype","MaximumLength","Precision","Scale","UppercaseOnlyFlag","ZeroFillFlag","SecurityEnabledFlag","DataSecurityObjectName","MinimumValue","MinimumValueNumber","MinimumValueDate","MinimumValueTimestamp","MaximumValue","MaximumValueNumber","MaximumValueDate","MaximumValueTimestamp","CreationDate","CreatedBy","LastUpdateDate","LastUpdatedBy","LastUpdateLogin","IndependentValueSetCode"
"HRT_CONTENT_ITEMS_B_Badge Icon URL","6345B48C2E138CB4E040449821C64847","","FORMAT","VARCHAR2","TEXT","100","","","N","N","N","","","","","","","","","","2018/10/12 11:39:37.049","CUSTOMIZED_USER","2018/10/12 11:41:11.477","CUSTOMIZED_USER","7806DA5831844993E0537990DF0A8145",""
"FLEX_VALUE_SET_CODE_2","E081646114476842E040F00A1720391E","FLEX_VALUE_SET_CODE_2","INDEP","VARCHAR2","TEXT","100","","","N","N","N","","","","","","","","","","2023/10/05 18:37:23.0","CUSTOMIZED_USER","2023/10/05 18:37:52.067","CUSTOMIZED_USER","0343E7A10FC36108E063CE65F00A45E7",""
"Number 10 2","61ECAF4AAAB3E990E040449821C61C97","Number 10 digits with 2 decimal places","FORMAT","NUMBER","","","10","2","N","N","N","","","","","","","","","","2014/03/10 22:49:17.0","CUSTOMIZED_USER","2014/03/10 22:53:48.717","CUSTOMIZED_USER","F447BDD088A473A2E0436204548C47C4",""
"30 Characters","2DA8738F6EF6DF33E050F00A17207D20","30 Characters, no validation","FORMAT","VARCHAR2","TEXT","30","","","N","N","N","","","","","","1","","","","2014/01/14 15:27:47.0","CUSTOMIZED_USER","2020/05/04 19:41:03.0","CUSTOMIZED_USER","A4D6FA2FB1DB6132E0539E90DF0AF494",""
"Piece Work Units","C1C31279E94CBE69E040F00A17203CD9","Piece Work Units","INDEP","NUMBER","","","","","N","N","N","","1","1","","","100","100","","","2018/03/21 06:12:20.0","CUSTOMIZED_USER","2018/03/21 06:15:02.308","CUSTOMIZED_USER","67E707E5BC89ADBBE053E9A7FD0AF710",""
"SMCR_CertificationFunctions","61ECAF4AAAE3E990E040449821C61C97","","INDEP","VARCHAR2","TEXT","100","","","N","N","N","","","","","","","","","","2018/10/31 17:29:10.0","CUSTOMIZED_USER","2018/10/31 17:31:01.844","CUSTOMIZED_USER","79894F465DB15E8EE0537990DF0A4122",""
"Account Alias","61ECAF4AAAB6E990E040449821C61C97","Account Alias","FORMAT","VARCHAR2","TEXT","20","","","Y","N","N","","","","","","","","","","2015/08/12 16:33:23.0","CUSTOMIZED_USER","2015/08/17 21:14:57.0","CUSTOMIZED_USER","1D844D9546B553DCE0536204548C5E79",""
"Expense Location","47110F64AC6F08E2E040449823C60DB6","Expense Location Set for Transactions","INDEP","VARCHAR2","TEXT","30","","","N","N","N","","","","","","","","","","2014/08/05 14:45:55.0","CUSTOMIZED_USER","2014/08/05 14:54:01.11","CUSTOMIZED_USER","FFE2283921DA3D63E0436204548C949D",""
"GSE_Loyalty_Status","47110F64AC7E08E2E040449823C60DB6","Customer Loyalty Status","INDEP","VARCHAR2","TEXT","5","","","N","N","N","","","","","","","","","","2014/03/06 17:20:14.0","CUSTOMIZED_USER","2014/03/06 17:21:31.101","CUSTOMIZED_USER","F3F44B6ED86C1ED5E0436204548CD106",""
"GSE_Network_Provider","47110F64AC7E08E2E040449823C60DB6","Network Provider","INDEP","VARCHAR2","TEXT","10","","","N","N","N","","","","","","","","","","2014/03/10 15:33:07.0","CUSTOMIZED_USER","2014/03/10 15:34:05.287","CUSTOMIZED_USER","F442B016E4962A47E0436204548C4B75",""
"US_ELEMENT_UNION_LIST","6345B48C2F578CB4E040449821C64847","US Element Union List","INDEP","VARCHAR2","TEXT","9","","","N","N","N","","","","","","","","","","2014/09/03 14:58:25.828","CUSTOMIZED_USER","2014/09/03 15:00:33.397","CUSTOMIZED_USER","0228D2143085107AE0536204548C6801",""
"Category","47110F64AC8208E2E040449823C60DB6","Category","FORMAT","VARCHAR2","TEXT","30","","","N","N","N","","","","","","","","","","2013/11/11 12:41:30.0","CUSTOMIZED_USER","2013/11/11 12:42:21.035","CUSTOMIZED_USER","EAE51B8CDDD501E6E0436204548C61B8",""
"Planning_Categories_VS","47110F64AC8208E2E040449823C60DB6","Planning Categories","INDEP","VARCHAR2","TEXT","4","","","N","N","N","","","","","","","","","","2015/11/18 12:28:49.0","CUSTOMIZED_USER","2015/11/18 12:29:45.804","CUSTOMIZED_USER","24CF930578A779B0E053790B548C3D82",""
"Retail_Class","47110F64AC8208E2E040449823C60DB6","Retail Class - Merchandise Catalog","INDEP","VARCHAR2","NUMERIC","5","","","N","N","N","","","","","","","","","","2013/11/11 12:54:08.969","CUSTOMIZED_USER","2013/11/11 12:54:35.592","CUSTOMIZED_USER","EAE51B8CDDDE01E6E0436204548C61B8",""
"Retail_Company","47110F64AC8208E2E040449823C60DB6","Retail Company - Merchandise Catalog","INDEP","VARCHAR2","NUMERIC","2","","","N","N","N","","","","","","","","","","2013/11/11 12:50:32.629","CUSTOMIZED_USER","2013/11/11 12:51:04.122","CUSTOMIZED_USER","EAE51B8CDDDA01E6E0436204548C61B8",""
"Retail_Department","47110F64AC8208E2E040449823C60DB6","Retail Department - Merchandise Catalog","INDEP","VARCHAR2","NUMERIC","4","","","N","N","N","","","","","","","","","","2013/11/11 12:51:56.039","CUSTOMIZED_USER","2013/11/11 12:52:23.684","CUSTOMIZED_USER","EAE4431D8F941AE0E0436204548CD9F8",""
"Retail_Division","47110F64AC8208E2E040449823C60DB6","Retail Division - Merchandise Catalog","INDEP","VARCHAR2","NUMERIC","4","","","N","N","N","","","","","","","","","","2013/11/11 12:44:23.717","CUSTOMIZED_USER","2013/11/11 12:45:13.093","CUSTOMIZED_USER","EAE4431D8F891AE0E0436204548CD9F8",""
"Retail_Group","47110F64AC8208E2E040449823C60DB6","Retail Group - Merchandise Catalog","INDEP","VARCHAR2","NUMERIC","3","","","N","N","N","","","","","","","","","","2013/11/11 12:47:18.655","CUSTOMIZED_USER","2013/11/11 12:47:48.439","CUSTOMIZED_USER","EAE51B8CDDD901E6E0436204548C61B8",""
"Retail_Subclass","47110F64AC8208E2E040449823C60DB6","Retail Subclass - Merchandise Catalog","INDEP","VARCHAR2","NUMERIC","6","","","N","N","N","","","","","","","","","","2013/11/11 12:57:28.0","CUSTOMIZED_USER","2013/11/11 12:57:56.407","CUSTOMIZED_USER","EAE744E0664626C2E0436204548C4B92",""
"UNSPSC_class","47110F64AC8208E2E040449823C60DB6","UNSPSC Class","INDEP","VARCHAR2","NUMERIC","2","","","N","N","N","","","","","","","","","","2013/11/11 10:24:36.114","CUSTOMIZED_USER","2013/11/11 10:25:12.703","CUSTOMIZED_USER","EAE4431D8F6B1AE0E0436204548CD9F8",""
"UNSPSC_commodity","47110F64AC8208E2E040449823C60DB6","UNSPSC Commodity","INDEP","VARCHAR2","NUMERIC","2","","","N","N","N","","","","","","","","","","2013/11/11 10:27:09.509","CUSTOMIZED_USER","2013/11/11 10:27:46.131","CUSTOMIZED_USER","EAE51B8CDDAE01E6E0436204548C61B8",""
"UNSPSC_family","47110F64AC8208E2E040449823C60DB6","UNSPSC Family","INDEP","VARCHAR2","NUMERIC","2","","","N","N","N","","","","","","","","","","2013/11/11 10:22:22.611","CUSTOMIZED_USER","2013/11/11 10:23:06.634","CUSTOMIZED_USER","EAE51B8CDDAD01E6E0436204548C61B8",""
"UNSPSC_segment","47110F64AC8208E2E040449823C60DB6","UNSPSC Segment","INDEP","VARCHAR2","NUMERIC","2","","","N","N","N","","","","","","","","","","2013/11/11 10:18:20.0","CUSTOMIZED_USER","2013/11/11 10:19:33.069","CUSTOMIZED_USER","EAE2201C62BD7C43E0436204548CA68E",""
"eCommerce_Area","47110F64AC8208E2E040449823C60DB6","Area","INDEP","VARCHAR2","NUMERIC","4","","","N","N","N","","","","","","","","","","2013/11/11 10:44:18.027","CUSTOMIZED_USER","2013/11/11 10:44:46.143","CUSTOMIZED_USER","EAE48560530401ABE0436204548CC7D8",""
"eCommerce_Class","47110F64AC8208E2E040449823C60DB6","eCommerce Class","INDEP","VARCHAR2","NUMERIC","4","","","N","N","N","","","","","","","","","","2013/11/11 10:49:05.663","CUSTOMIZED_USER","2013/11/11 10:49:36.243","CUSTOMIZED_USER","EAE4431D8F741AE0E0436204548CD9F8",""
"eCommerce_Department","47110F64AC8208E2E040449823C60DB6","Department","INDEP","VARCHAR2","NUMERIC","4","","","N","N","N","","","","","","","","","","2013/11/11 10:36:28.003","CUSTOMIZED_USER","2013/11/11 10:37:06.534","CUSTOMIZED_USER","EAE48560530001ABE0436204548CC7D8",""
"eCommerce_Product_Type","47110F64AC8208E2E040449823C60DB6","eCommerce Product Type","INDEP","VARCHAR2","NUMERIC","2","","","N","N","N","","","","","","","","","","2013/11/11 10:34:10.0","CUSTOMIZED_USER","2013/11/11 10:34:45.17","CUSTOMIZED_USER","EAE4856052FE01ABE0436204548CC7D8",""
"eCommerce_SubClass","47110F64AC8208E2E040449823C60DB6","eCommerce Sub Class","INDEP","VARCHAR2","NUMERIC","4","","","N","N","N","","","","","","","","","","2013/11/11 10:55:07.342","CUSTOMIZED_USER","2013/11/11 10:55:33.142","CUSTOMIZED_USER","EAE4431D8F7C1AE0E0436204548CD9F8",""
"SMF_value_set","ACB976486A7CEF21E0401490D3C5320F","SMF_value_set","INDEP","VARCHAR2","TEXT","50","","","N","N","N","","","","","","","","","","2018/10/31 16:53:56.0","CUSTOMIZED_USER","2018/10/31 16:55:45.348","CUSTOMIZED_USER","79894F465DB15E8EE0537990DF0A4122",""
"StateOverride","ACB976486A7CEF21E0401490D3C5320F","StateOverride","INDEP","VARCHAR2","TEXT","4","","","Y","N","N","","","","","","","","","","2018/06/20 19:27:53.0","CUSTOMIZED_USER","2018/06/20 19:32:56.055","CUSTOMIZED_USER","6F189363C6E33BABE0537990DF0A4E72",""
"FD_ACCOUNT_ALIAS","02A9DC2F1DF84ACFE050F00A17207FA0","FD_ACCOUNT_ALIAS","INDEP","VARCHAR2","TEXT","10","","","N","N","N","","","","","","","","","","2022/03/25 15:07:40.0","CUSTOMIZED_USER","2022/03/25 15:07:57.352","CUSTOMIZED_USER","D9EAF3B981F8544CE053B065F00A4265",""
"GSE_ASG_CONTEXTS","6345B48C2E078CB4E040449821C64847","","INDEP","VARCHAR2","TEXT","20","","","N","N","N","","","","","","","","","","2014/08/07 14:46:52.0","CUSTOMIZED_USER","2014/08/07 14:49:49.266","CUSTOMIZED_USER","000BF9B052515C78E0536204548C01CB",""
"GSE_IT_CONT","6345B48C2E078CB4E040449821C64847","Contratto collettivo","INDEP","VARCHAR2","TEXT","20","","","N","N","N","","","","","","","","","","2014/08/07 14:51:08.151","CUSTOMIZED_USER","2014/08/07 14:51:54.866","CUSTOMIZED_USER","000BF9B052515C78E0536204548C01CB",""
"Number 2 digit","47110F64AC6508E2E040449823C60DB6","Number","INDEP","NUMBER","","","","","N","N","N","","","","","","","","","","2021/11/05 16:02:51.0","CUSTOMIZED_USER","2021/11/05 16:03:28.229","CUSTOMIZED_USER","CFF9CCA8B8826F1FE0530264FD0ACD8B",""
"XXShoe_Size","47110F64AC6508E2E040449823C60DB6","XXShoe_Size","INDEP","NUMBER","","","","","N","N","N","","","","","","","","","","2021/11/05 15:58:45.0","CUSTOMIZED_USER","2021/11/05 15:59:43.059","CUSTOMIZED_USER","CFF9CCA8B8826F1FE0530264FD0ACD8B",""
"GSE_IC_CHAR_100","47110F64AC1E08E2E040449823C60DB6","Varchar2 of size 100 in Incentive Compensation","FORMAT","VARCHAR2","TEXT","100","","","N","N","N","","","","","","","","","","2014/01/22 18:04:03.0","CUSTOMIZED_USER","2014/01/22 18:05:33.128","CUSTOMIZED_USER","F08E236ABF6F7369E0436204548CCBC8",""
"GSE_IC_NUMBER","47110F64AC1E08E2E040449823C60DB6","Format of Numeric Values","FORMAT","NUMBER","","","12","4","N","N","N","","","","","","","","","","2014/01/22 18:05:39.909","CUSTOMIZED_USER","2014/01/22 18:06:16.852","CUSTOMIZED_USER","F08E236ABF6F7369E0436204548CCBC8",""
"GSE_IC_PERCENT","47110F64AC1E08E2E040449823C60DB6","GSE IC Percent Values","FORMAT","NUMBER","","","3","","N","N","N","","","","","","","","","","2014/01/22 18:06:20.057","CUSTOMIZED_USER","2014/01/22 18:07:14.438","CUSTOMIZED_USER","F08E236ABF6F7369E0436204548CCBC8",""
"GSE_IC_PRODUCT_GROUP","47110F64AC1E08E2E040449823C60DB6","Product group list of values","TABLE","VARCHAR2","","","","","N","N","N","","","","","","","","","","2014/01/22 18:07:33.172","CUSTOMIZED_USER","2014/01/22 18:16:04.856","CUSTOMIZED_USER","F08E236ABF6F7369E0436204548CCBC8",""
"GSE_IC_SALARY","47110F64AC1E08E2E040449823C60DB6","GSE IC Salary Values","FORMAT","NUMBER","","","12","2","N","N","N","","","","","","","","","","2014/01/22 18:16:15.241","CUSTOMIZED_USER","2014/01/22 18:17:08.083","CUSTOMIZED_USER","F08E236ABF6F7369E0436204548CCBC8",""
"GSE_SPM_PLAN_COMP_STATUS","47110F64AC1E08E2E040449823C60DB6","Plan Component Status (Production or Model)","TABLE","VARCHAR2","","","","","N","N","N","","","","","","","","","","2014/08/27 15:47:41.0","CUSTOMIZED_USER","2014/08/27 15:49:26.379","CUSTOMIZED_USER","019E1218986B65CDE0536204548C0EF5",""
"GSE_SPM_PLAN_COMP_USAGE","47110F64AC1E08E2E040449823C60DB6","Plan Component Usage","TABLE","VARCHAR2","","","","","N","N","N","","","","","","","","","","2014/08/27 15:26:14.0","CUSTOMIZED_USER","2014/08/27 15:29:10.136","CUSTOMIZED_USER","019E1218986B65CDE0536204548C0EF5",""
"SPM_MODEL_STATUS","47110F64AC1E08E2E040449823C60DB6","","TABLE","VARCHAR2","","","","","N","N","N","","","","","","","","","","2017/05/23 02:36:38.0","CUSTOMIZED_USER","2017/05/23 02:41:14.77","CUSTOMIZED_USER","5027823031347B66E053C4AEFD0AB0B5",""
"COVID-19 SYMPTOMS","43243A59C4977820E050F00A172064D7","Pandemic Symptoms","INDEP","VARCHAR2","TEXT","50","","","N","N","N","","","","","","","","","","2020/05/04 20:27:49.0","CUSTOMIZED_USER","2020/05/04 20:28:40.62","CUSTOMIZED_USER","A4D6FA2FB1DB6132E0539E90DF0AF494",""
"COVID_SYMPTOMS","43243A59C4977820E050F00A172064D7","Pandemic Symptoms","FORMAT","VARCHAR2","TEXT","50","","","N","N","N","","","","","","","","","","2020/05/04 19:41:08.0","CUSTOMIZED_USER","2020/05/04 20:26:54.0","CUSTOMIZED_USER","A4D6FA2FB1DB6132E0539E90DF0AF494",""
"GSE_OFF_BRD_VALUES","43243A59C4977820E050F00A172064D7","Offboarding Exit Form Values","INDEP","VARCHAR2","TEXT","30","","","N","N","N","","","","","","","","","","2018/10/03 19:46:38.0","CUSTOMIZED_USER","2018/10/03 19:47:45.475","CUSTOMIZED_USER","775903FD3CBF210BE0537990DF0A7D08",""
"DS_Location_Drop_Down","0EC43113C4D34A8CE050F00A172044FC","Location Drop Down for Request Workplace","INDEP","VARCHAR2","TEXT","30","","","N","N","N","","","","","","","","","","2021/02/19 06:29:50.0","CUSTOMIZED_USER","2021/02/19 06:32:00.359","CUSTOMIZED_USER","BBAB2833E826397AE0539E90DF0A231D",""
"DOR_STATUS","61ECAF4AAB3BE990E040449821C61C97","Background Check Status","INDEP","VARCHAR2","TEXT","20","","","N","N","N","","","","","","","","","","2018/10/11 10:34:38.0","CUSTOMIZED_USER","2018/10/11 10:36:52.825","CUSTOMIZED_USER","77F24BB9FFC73396E0537990DF0AF748",""
"GSE_CONTRACT_INDUSTRY_CODE","61ECAF4AAB36E990E040449821C61C97","GSE CONTRACT INDUSTRY CODE","INDEP","VARCHAR2","TEXT","3","","","N","N","N","","","","","","","","","","2020/04/14 12:05:56.0","CUSTOMIZED_USER","2020/04/14 12:08:22.687","CUSTOMIZED_USER","A33FC9B40A8FE926E053B090DF0A29A7",""
"GSE_Disciplinary_Level","61ECAF4AAB36E990E040449821C61C97","Disciplinary Level","INDEP","VARCHAR2","TEXT","14","","","N","N","N","","","","","","","","","","2014/03/19 11:14:35.0","CUSTOMIZED_USER","2014/03/19 11:16:06.759","CUSTOMIZED_USER","F4F49F651D9419E1E0436204548C38E7",""
"GSE_Disciplinary_Reason","61ECAF4AAB36E990E040449821C61C97","Disciplinary Reason","INDEP","VARCHAR2","TEXT","25","","","N","N","N","","","","","","","","","","2014/03/19 11:16:11.168","CUSTOMIZED_USER","2014/03/19 11:17:50.654","CUSTOMIZED_USER","F4F49F651D9419E1E0436204548C38E7",""
"GSE_Recommendation","61ECAF4AAB36E990E040449821C61C97","Recommendation","INDEP","VARCHAR2","TEXT","27","","","N","N","N","","","","","","","","","","2014/03/19 11:17:57.535","CUSTOMIZED_USER","2014/03/19 11:19:04.209","CUSTOMIZED_USER","F4F49F651D9419E1E0436204548C38E7",""
"Performance Improvement Period","61ECAF4AAB36E990E040449821C61C97","","INDEP","VARCHAR2","TEXT","9","","","N","N","N","","","","","","","","","","2015/06/01 11:27:31.0","CUSTOMIZED_USER","2015/06/01 11:28:32.665","CUSTOMIZED_USER","1773FED4ED536898E0536204548C9784",""
"Reason for Improvement","61ECAF4AAB36E990E040449821C61C97","","INDEP","VARCHAR2","TEXT","12","","","N","N","N","","","","","","","","","","2015/06/01 11:24:34.0","CUSTOMIZED_USER","2015/06/01 11:26:11.753","CUSTOMIZED_USER","1773FED4ED536898E0536204548C9784",""
"YN","61ECAF4AAB36E990E040449821C61C97","","INDEP","VARCHAR2","TEXT","5","","","N","N","N","","","","","","","","","","2016/10/07 08:57:05.0","CUSTOMIZED_USER","2016/10/07 08:58:30.808","CUSTOMIZED_USER","3E436F6D32371B2DE0537AA3FD0AF619",""
"150Char","47110F64AC2A08E2E040449823C60DB6","150Char","FORMAT","VARCHAR2","TEXT","150","","","N","N","N","","","","","","","","","","2022/02/14 18:16:00.0","CUSTOMIZED_USER","2022/02/14 18:16:53.771","CUSTOMIZED_USER","D7CA12AA40FB3303E0530264FD0A580B",""
"COVID19_SYMPTOMS","47110F64AC2A08E2E040449823C60DB6","COVID SYMPTOMS","FORMAT","VARCHAR2","TEXT","50","","","N","N","N","","","","","","","","","","2020/05/04 20:15:44.0","CUSTOMIZED_USER","2020/05/04 20:19:13.57","CUSTOMIZED_USER","A4D6FA2FB1DB6132E0539E90DF0AF494",""
"DS_POS_Area","47110F64AC2A08E2E040449823C60DB6","Are codes used in Position","INDEP","VARCHAR2","TEXT","15","","","N","N","N","","","","","","","","","","2021/05/26 00:49:49.0","CUSTOMIZED_USER","2021/05/26 00:51:08.508","CUSTOMIZED_USER","C2F4BA44992E81E9E0532D60FD0A7919",""
"FED_FEGLI_LOOKUP","47110F64AC2A08E2E040449823C60DB6","","TABLE","VARCHAR2","","","","","N","N","N","","","","","","","","","","2022/02/17 16:42:25.0","CUSTOMIZED_USER","2022/02/17 16:43:44.8","CUSTOMIZED_USER","D7C9D6F9D8D73168E0530264FD0A280C",""
"FED_NOA_CODES","47110F64AC2A08E2E040449823C60DB6","","INDEP","VARCHAR2","TEXT","5","","","N","N","N","","","","","","","","","","2022/02/17 16:43:55.353","CUSTOMIZED_USER","2022/02/17 16:44:56.153","CUSTOMIZED_USER","D7C9D6F9D8D73168E0530264FD0A280C",""
"FED_PAY_RATES_LOOKUP","47110F64AC2A08E2E040449823C60DB6","","TABLE","VARCHAR2","","","","","N","N","N","","","","","","","","","","2022/02/17 16:45:07.936","CUSTOMIZED_USER","2022/02/17 16:45:58.963","CUSTOMIZED_USER","D7C9D6F9D8D73168E0530264FD0A280C",""
"FED_POSITION_CYBER_CODES","47110F64AC2A08E2E040449823C60DB6","","INDEP","VARCHAR2","TEXT","10","","","N","N","N","","","","","","","","","","2022/02/17 16:46:05.985","CUSTOMIZED_USER","2022/02/17 16:46:47.714","CUSTOMIZED_USER","D7C9D6F9D8D73168E0530264FD0A280C",""
"FED_REA_LOOKUP","47110F64AC2A08E2E040449823C60DB6","","TABLE","VARCHAR2","","","","","N","N","N","","","","","","","","","","2022/02/17 16:47:07.928","CUSTOMIZED_USER","2022/02/17 16:47:46.392","CUSTOMIZED_USER","D7C9D6F9D8D73168E0530264FD0A280C",""
"FED_RET_LOOKUP","47110F64AC2A08E2E040449823C60DB6","","TABLE","VARCHAR2","","","","","N","N","N","","","","","","","","","","2022/02/17 16:47:49.975","CUSTOMIZED_USER","2022/02/17 16:48:48.425","CUSTOMIZED_USER","D7C9D6F9D8D73168E0530264FD0A280C",""
"FED_TENURE","47110F64AC2A08E2E040449823C60DB6","","TABLE","VARCHAR2","","","","","N","N","N","","","","","","","","","","2022/02/17 16:48:51.762","CUSTOMIZED_USER","2022/02/17 16:50:13.541","CUSTOMIZED_USER","D7C9D6F9D8D73168E0530264FD0A280C",""
"FED_TIPPED_TOKE","47110F64AC2A08E2E040449823C60DB6","","INDEP","VARCHAR2","TEXT","8","","","N","N","N","","","","","","","","","","2022/02/17 16:50:16.963","CUSTOMIZED_USER","2022/02/17 16:51:04.6","CUSTOMIZED_USER","D7C9D6F9D8D73168E0530264FD0A280C",""
"FED_VET_PREF_CODES","47110F64AC2A08E2E040449823C60DB6","","INDEP","VARCHAR2","TEXT","2","","","N","N","N","","","","","","","","","","2022/02/17 16:51:09.742","CUSTOMIZED_USER","2022/02/17 16:51:43.639","CUSTOMIZED_USER","D7C9D6F9D8D73168E0530264FD0A280C",""
"Internship Type","47110F64AC2A08E2E040449823C60DB6","Internship Type","INDEP","VARCHAR2","TEXT","15","","","N","N","N","","","","","","","","","","2022/02/08 05:53:54.0","CUSTOMIZED_USER","2022/02/08 05:54:45.292","CUSTOMIZED_USER","D61EB71287954CA6E0530264FD0A4EE2",""
"NEXT_GET_ABSENCE_COUNT","47110F64AC2A08E2E040449823C60DB6","To get the count of absences in team on a given day","TABLE","NUMBER","","","","","N","N","N","","","","","","","","","","2018/03/07 20:09:53.0","CUSTOMIZED_USER","2018/03/07 20:11:56.131","CUSTOMIZED_USER","66D8CFB656CD50FBE053E9A7FD0AB08D",""
"NEXT_GET_PEERS_COUNT","47110F64AC2A08E2E040449823C60DB6","o get the count of Peers reporting to assignment's Manager","TABLE","NUMBER","","","","","N","N","N","","","","","","","","","","2018/03/07 20:12:06.105","CUSTOMIZED_USER","2018/03/07 20:13:42.096","CUSTOMIZED_USER","66D8CFB656CD50FBE053E9A7FD0AB08D",""
"TEST1_GOWTHAM","47110F64AC2A08E2E040449823C60DB6","","TABLE","VARCHAR2","","","","","N","N","N","","","","","","","","","","2022/11/23 18:22:29.0","CUSTOMIZED_USER","2022/11/23 18:25:37.012","CUSTOMIZED_USER","ED938C0E7F5E2DD3E053B065F00A123B",""
"TEST1_JAYAR","47110F64AC2A08E2E040449823C60DB6","Created this value set from ""Manage Value Set"" Task","INDEP","VARCHAR2","TEXT","150","","","N","N","N","","","","","","","","","","2022/11/23 14:46:37.0","CUSTOMIZED_USER","2022/11/23 14:48:30.866","CUSTOMIZED_USER","ED938C0E7F002DD3E053B065F00A123B",""
"FED_LEGAL_AUTH","47110F64AC2A08E2E040449823C60DB6","","DEP","VARCHAR2","TEXT","5","","","N","N","N","","","","","","","","","","2022/02/17 16:51:49.163","CUSTOMIZED_USER","2022/02/17 16:52:43.797","CUSTOMIZED_USER","D7C9D6F9D8D73168E0530264FD0A280C","FED_NOA_CODES"
"FD_CALENDARS","EF79C552874F2F27E040F00A17205553","FD_CALENDARS","INDEP","VARCHAR2","TEXT","50","","","N","N","N","","","","","","","","","","2022/03/18 19:59:14.0","CUSTOMIZED_USER","2022/03/18 19:59:44.317","CUSTOMIZED_USER","D9EAF3B74999544CE053B065F00A4265",""
"Progress Sub Grantee","47110F64AC6C08E2E040449823C60DB6","Progress Sub Grantee","FORMAT","VARCHAR2","TEXT","50","","","N","N","N","","","","","","","","","","2018/06/06 13:48:31.0","CUSTOMIZED_USER","2018/06/06 13:49:34.601","CUSTOMIZED_USER","6DF7C3647EF20138E0537990DF0A7228",""
"Progress Sub Grantee Amount","47110F64AC6C08E2E040449823C60DB6","Progress Sub Grantee Amount","FORMAT","VARCHAR2","NUMERIC","30","","","N","N","N","","","","","","","","","","2018/06/06 13:52:32.0","CUSTOMIZED_USER","2018/06/06 13:53:18.472","CUSTOMIZED_USER","6DF7C3647EF20138E0537990DF0A7228",""
"Progress Sub Grantee Contract","47110F64AC6C08E2E040449823C60DB6","Progress Sub Grantee Contract","FORMAT","VARCHAR2","TEXT","100","","","N","N","N","","","","","","","","","","2018/06/06 13:54:56.0","CUSTOMIZED_USER","2018/06/06 13:55:48.878","CUSTOMIZED_USER","6DF7C3647EF20138E0537990DF0A7228",""
"EXM_EXPENSE_TYPES","47110F64AC0608E2E040449823C60DB6","","TABLE","VARCHAR2","","","","","N","N","N","","","","","","","","","","2018/10/11 20:01:22.0","CUSTOMIZED_USER","2018/10/11 20:02:18.05","CUSTOMIZED_USER","77F4A974A2E8594AE0537990DF0A46E3",""
"Control_Priority_Value_Set","ACB976486A76EF21E0401490D3C5320F","Control Priority LOV","INDEP","VARCHAR2","TEXT","10","","","N","N","N","","","","","","","","","","2017/12/18 19:54:08.0","CUSTOMIZED_USER","2017/12/18 19:55:51.488","CUSTOMIZED_USER","60A34617B7024CF0E0536AA0FD0ACD4F",""
"GSE_OLC_Course_Category","1299E46FD1AA0A2BE050F00A1720377F","OLC Course Category - Descriptive Flefield","INDEP","VARCHAR2","TEXT","150","","","N","N","N","","","","","","","","","","2017/11/02 09:57:27.0","CUSTOMIZED_USER","2020/08/12 10:57:59.821","CUSTOMIZED_USER","ACACCE3E076A45A8E0539E90DF0A2DE5",""
"Type of Injury","61ECAF4AAB56E990E040449821C61C97","Type of Injury","INDEP","VARCHAR2","TEXT","25","","","N","N","N","","","","","","","","","","2015/06/24 05:10:54.0","CUSTOMIZED_USER","2015/06/24 05:12:03.373","CUSTOMIZED_USER","1938781FB0877DB8E0536204548CEED0",""
"OKC_CHARACTER Value Set","61ECAF4AAAD9E990E040449821C61C97","contracts - value set of Character type","FORMAT","VARCHAR2","TEXT","30","","","N","N","N","","","","","","","","","","2013/12/02 12:34:36.855","CUSTOMIZED_USER","2013/12/02 12:35:16.229","CUSTOMIZED_USER","EC8D23A21C382B72E0436204548CF73E",""
"OKC_CHARACTER_CODE","61ECAF4AAAD9E990E040449821C61C97","Character Valueset","INDEP","VARCHAR2","TEXT","20","","","N","N","N","","","","","","","","","","2013/11/07 06:32:42.0","CUSTOMIZED_USER","2013/11/07 06:33:29.552","CUSTOMIZED_USER","EA90DF3E12990F30E0436204548CA818",""
"Control_Owner","F69FE21FF959F3ECE040F00A172037A4","Control Owner","INDEP","VARCHAR2","TEXT","25","","","N","N","N","","","","","","","","","","2017/12/18 19:59:18.0","CUSTOMIZED_USER","2017/12/18 20:01:56.339","CUSTOMIZED_USER","60A34617B7024CF0E0536AA0FD0ACD4F",""
"GSE_ORDER_SALES_CHANNELS","68AF5B001CDEDCF2E04044985FC6054E","Pricing strategy based on sales order channels","TABLE","VARCHAR2","","","","","N","N","N","","","","","","","","","","2016/04/22 15:26:33.0","CUSTOMIZED_USER","2016/04/22 15:30:19.473","CUSTOMIZED_USER","31143CB731E31269E053790B548C5711",""
"PRC_Debt_Rating_Value_Set","47110F64AC6708E2E040449823C60DB6","PRC Debt Rating Value Set","INDEP","VARCHAR2","TEXT","4","","","N","N","N","","","","","","","","","","2018/12/05 17:24:56.0","CUSTOMIZED_USER","2018/12/05 17:25:52.408","CUSTOMIZED_USER","7C4974533735614EE0537990DF0A94BB",""
"RBCode","6A5E2F799588F369E040449834F04E9B","","FORMAT","VARCHAR2","TEXT","14","","","N","N","N","","","","","","","","","","2018/10/11 11:05:52.0","CUSTOMIZED_USER","2018/10/11 11:09:08.17","CUSTOMIZED_USER","77F24BB9FFC73396E0537990DF0AF748",""
"RBName","6A5E2F799588F369E040449834F04E9B","","FORMAT","VARCHAR2","TEXT","32","","","N","N","N","","","","","","","","","","2018/10/11 10:45:43.0","CUSTOMIZED_USER","2018/10/11 10:46:29.305","CUSTOMIZED_USER","77F24BB9FFC73396E0537990DF0AF748",""
"RPCode/RPCSGCODE","6A5E2F799588F369E040449834F04E9B","","FORMAT","VARCHAR2","TEXT","9","","","N","N","N","","","","","","","","","","2018/10/11 11:14:04.0","CUSTOMIZED_USER","2018/10/11 11:14:39.786","CUSTOMIZED_USER","77F24BB9FFC73396E0537990DF0AF748",""
"ACTION_REASON_VS","CF17C838E4317C58E040F00A17204FFA","","TABLE","VARCHAR2","","","","","N","N","N","","","","","","","","","","2017/04/07 17:41:33.0","CUSTOMIZED_USER","2017/04/07 17:44:34.31","CUSTOMIZED_USER","4C97BFE792A44393E053C4AEFD0AE9C0",""
"Change Function","84944D4BE32F441AE0401490D3C52A40","Change Function","INDEP","VARCHAR2","TEXT","20","","","N","N","N","","","","","","","","","","2015/04/23 16:22:13.0","CUSTOMIZED_USER","2015/04/23 16:22:55.711","CUSTOMIZED_USER","1461987A7D1D09ACE0536204548CD75D",""
"Disposition","84944D4BE32F441AE0401490D3C52A40","Disposition","INDEP","VARCHAR2","TEXT","15","","","N","N","N","","","","","","","","","","2015/04/23 16:27:43.0","CUSTOMIZED_USER","2015/04/23 16:29:03.36","CUSTOMIZED_USER","1461987A7D1D09ACE0536204548CD75D",""
"GSE_Date_Format_PD","84944D4BE32F441AE0401490D3C52A40","GSE Date Format for PD","INDEP","DATE","","","","","N","N","N","","","","","","","","","","2019/06/05 08:19:37.0","CUSTOMIZED_USER","2019/06/05 08:34:14.0","CUSTOMIZED_USER","8A8F65F967B6AC84E053C390DF0A65B4",""
"Product Line","84944D4BE32F441AE0401490D3C52A40","Product Line","INDEP","VARCHAR2","TEXT","40","","","N","N","N","","","","","","","","","","2015/04/23 15:55:17.0","CUSTOMIZED_USER","2015/04/23 15:56:16.855","CUSTOMIZED_USER","1461987A7D1D09ACE0536204548CD75D",""
"Yes or No ","84944D4BE32F441AE0401490D3C52A40","Yes or No ","INDEP","VARCHAR2","TEXT","5","","","N","N","N","","","","","","","","","","2015/04/23 16:02:23.0","CUSTOMIZED_USER","2015/04/23 16:03:08.305","CUSTOMIZED_USER","1461987A7D1D09ACE0536204548CD75D",""
"GSE_WFM_REPEATING_PERIOD_START_DATE","C1C31279E94EBE69E040F00A17203CD9","GSE Repeating Period Start Date","TABLE","VARCHAR2","","","","","N","N","N","","","","","","","","","","2022/02/22 22:05:43.0","CUSTOMIZED_USER","2022/02/22 22:08:20.31","CUSTOMIZED_USER","D7C9D6232AC83232E0530264FD0AE771",""
"FD_CURRENCIES","61ECAF4AAAF2E990E040449821C61C97","FD_CURRENCIES","INDEP","NUMBER","","","","","N","N","N","","","","","","","","","","2022/03/18 19:18:05.833","CUSTOMIZED_USER","2022/03/18 19:18:45.515","CUSTOMIZED_USER","D9EAF3B74999544CE053B065F00A4265",""
"MyFlagForGroup1","47110F64AC0308E2E040449823C60DB6","","INDEP","VARCHAR2","TEXT","10","","","N","N","N","","","","","","","","","","2016/11/01 14:05:51.0","CUSTOMIZED_USER","2016/11/01 14:06:24.088","CUSTOMIZED_USER","403E9F3C6D2E7B39E0537AA3FD0A17D3",""
"MyListForGroup1","47110F64AC0308E2E040449823C60DB6","","INDEP","VARCHAR2","TEXT","10","","","N","N","N","","","","","","","","","","2016/11/01 14:00:08.0","CUSTOMIZED_USER","2016/11/01 14:01:09.352","CUSTOMIZED_USER","403E9F3C6D2E7B39E0537AA3FD0A17D3",""
"MyListForGroup2","47110F64AC0308E2E040449823C60DB6","List of values for Group 2","INDEP","VARCHAR2","TEXT","10","","","N","N","N","","","","","","","","","","2016/11/01 14:11:13.0","CUSTOMIZED_USER","2016/11/01 14:11:53.969","CUSTOMIZED_USER","403E9F3C6D2E7B39E0537AA3FD0A17D3",""
"Item Model","61ECAF4AAB87E990E040449821C61C97","Item Model","INDEP","VARCHAR2","TEXT","60","","","N","N","N","","","","","","","","","","2014/06/20 09:49:52.0","CUSTOMIZED_USER","2014/06/20 09:51:14.105","CUSTOMIZED_USER","FC4232086F7377F5E0436204548C1E76",""
"GSE_ELIGIBLE_JOB_TC","C1C252B5C2BE15B3E040F00A17202ADB","Eligible Jobs in TC","TABLE","VARCHAR2","","","","","N","N","N","","","","","","","","","","2022/02/02 11:59:19.0","CUSTOMIZED_USER","2022/02/02 12:04:03.206","CUSTOMIZED_USER","D61F81A244800FDDE0530364FD0AF14D",""
"GSE_ORA_ELIG_JOB","C1C252B5C2BE15B3E040F00A17202ADB","Eligible Job VS for VBC and TC component","TABLE","VARCHAR2","","","","","N","N","N","","","","","","","","","","2022/02/02 12:07:58.357","CUSTOMIZED_USER","2022/02/02 12:12:25.467","CUSTOMIZED_USER","D61F81A244800FDDE0530364FD0AF14D",""
"GSE_UNION","C1C252B5C2BE15B3E040F00A17202ADB","Finding Union Value","TABLE","VARCHAR2","","","","","N","N","N","","","","","","","","","","2021/07/05 07:29:51.0","CUSTOMIZED_USER","2021/07/05 07:30:59.028","CUSTOMIZED_USER","C5076233A83E529CE0530364FD0AA4EB",""
"JobOverride","C1C252B5C2BE15B3E040F00A17202ADB","Job Override","INDEP","VARCHAR2","TEXT","30","","","N","N","N","","","","","","","","","","2018/10/11 18:48:14.0","CUSTOMIZED_USER","2018/10/11 18:49:15.512","CUSTOMIZED_USER","77F931192D31640EE0537990DF0A791F",""
"Academic Career","AEF4F16304600252E04044988AF00E30","Type of program the student is enrolled in","INDEP","VARCHAR2","TEXT","4","","","N","N","N","","","","","","","","","","2015/12/18 19:34:08.0","CUSTOMIZED_USER","2015/12/18 19:34:52.229","CUSTOMIZED_USER","273206EE2D5F683DE053790B548C8656",""
"Academic Rank","AEF4F16304600252E04044988AF00E30","Academic Rank","INDEP","VARCHAR2","TEXT","20","","","N","N","N","","","","","","","","","","2015/12/18 12:44:18.0","CUSTOMIZED_USER","2015/12/18 12:45:29.142","CUSTOMIZED_USER","27281123475637F0E053790B548CA70E",""
"Classification Type","AEF4F16304600252E04044988AF00E30","","INDEP","VARCHAR2","TEXT","20","","","N","N","N","","","","","","","","","","2016/06/02 17:21:32.0","CUSTOMIZED_USER","2016/06/02 17:21:58.709","CUSTOMIZED_USER","344F594A68723F9EE053CFFBE70ABF02",""
"EEO6 Codes","AEF4F16304600252E04044988AF00E30","EEO6 Codes for Higher Education","INDEP","VARCHAR2","TEXT","2","","","N","N","N","","","","","","","","","","2016/04/22 16:30:56.0","CUSTOMIZED_USER","2016/04/22 16:31:38.461","CUSTOMIZED_USER","3115ECB7CAAE03DBE053790B548CC5A0",""
"GCS_Classification Type","AEF4F16304600252E04044988AF00E30","Classification Type","INDEP","VARCHAR2","TEXT","20","","","N","N","N","","","","","","","","","","2016/06/02 17:23:46.0","CUSTOMIZED_USER","2016/06/02 17:24:19.634","CUSTOMIZED_USER","344F594A68723F9EE053CFFBE70ABF02",""
"GSE_Academic Rank","AEF4F16304600252E04044988AF00E30","","INDEP","VARCHAR2","TEXT","20","","","N","N","N","","","","","","","","","","2016/06/02 17:03:49.0","CUSTOMIZED_USER","2016/06/02 17:04:56.355","CUSTOMIZED_USER","343832883F170D53E053CFFBE70A4F8C",""
"Item Type","AEF4F16304600252E04044988AF00E30","Type of program","INDEP","VARCHAR2","TEXT","20","","","N","N","N","","","","","","","","","","2015/12/18 19:36:58.0","CUSTOMIZED_USER","2015/12/18 19:38:12.362","CUSTOMIZED_USER","273206EE2D5F683DE053790B548C8656",""
"Plan Type","AEF4F16304600252E04044988AF00E30","Type of award plan period","INDEP","VARCHAR2","TEXT","2","","","N","N","N","","","","","","","","","","2015/12/18 19:30:42.0","CUSTOMIZED_USER","2015/12/18 19:31:19.184","CUSTOMIZED_USER","273206EE2D5F683DE053790B548C8656",""
"Tenure Status","AEF4F16304600252E04044988AF00E30","Tenure Status","INDEP","VARCHAR2","TEXT","30","","","N","N","N","","","","","","","","","","2015/12/18 12:51:51.0","CUSTOMIZED_USER","2015/12/18 12:52:29.17","CUSTOMIZED_USER","27281123475637F0E053790B548CA70E",""
"OKC_CONTRACT_TYPE","47110F64ABF208E2E040449823C60DB6","Contract Types","TABLE","VARCHAR2","","","","","N","N","N","","","","","","","","","","2016/06/08 13:20:30.0","CUSTOMIZED_USER","2016/06/08 13:23:29.793","CUSTOMIZED_USER","34C261A9132752D1E053CFFBE70AB0DD",""
"SS_CONTRACT_CLASSIFICATION","47110F64ABF208E2E040449823C60DB6","Contract Classification","INDEP","VARCHAR2","TEXT","15","","","N","N","N","","","","","","","","","","2022/01/07 17:05:06.0","CUSTOMIZED_USER","2022/01/07 17:06:13.199","CUSTOMIZED_USER","D18CD397AA890115E0530264FD0ADC6D",""
"SS_CONTRACT_TYPE","47110F64ABF208E2E040449823C60DB6","Contract Type","INDEP","VARCHAR2","TEXT","15","","","N","N","N","","","","","","","","","","2022/01/07 17:08:29.0","CUSTOMIZED_USER","2022/01/07 17:09:20.906","CUSTOMIZED_USER","D18CD397AA890115E0530264FD0ADC6D",""
"SS_CONT_FREQ","47110F64ABF208E2E040449823C60DB6","Contract Frequency","INDEP","VARCHAR2","TEXT","15","","","N","N","N","","","","","","","","","","2022/01/07 17:24:22.0","CUSTOMIZED_USER","2022/01/07 17:24:57.693","CUSTOMIZED_USER","D18CD397AA890115E0530264FD0ADC6D",""
"SS_FUND_SOURCE","47110F64ABF208E2E040449823C60DB6","Funding Source","INDEP","VARCHAR2","TEXT","15","","","N","N","N","","","","","","","","","","2022/01/07 17:11:05.0","CUSTOMIZED_USER","2022/01/07 17:11:48.967","CUSTOMIZED_USER","D18CD397AA890115E0530264FD0ADC6D",""
"Vendor Classification","47110F64ABF208E2E040449823C60DB6","Vendors classification","INDEP","VARCHAR2","TEXT","40","","","N","N","N","","","","","","","","","","2013/11/07 06:34:00.162","CUSTOMIZED_USER","2013/11/07 06:34:31.785","CUSTOMIZED_USER","EA90DF3E129A0F30E0436204548CA818",""
"Color","DA762DC6DD2B55F0E040F00A172071A3","Color","INDEP","VARCHAR2","TEXT","20","","","N","N","N","","","","","","","","","","2020/12/24 17:05:21.0","CUSTOMIZED_USER","2020/12/24 17:06:30.81","CUSTOMIZED_USER","B739AE8818238095E0539E90DF0ACE36",""
"Mold","DA762DC6DD2B55F0E040F00A172071A3","Mold","INDEP","VARCHAR2","TEXT","40","","","N","N","N","","","","","","","","","","2020/12/24 17:08:28.0","CUSTOMIZED_USER","2020/12/24 17:09:19.562","CUSTOMIZED_USER","B739AE8818238095E0539E90DF0ACE36",""
"PER_LOCATIONS_DF_0","61ECAF4AAB52E990E040449821C61C97","","FORMAT","VARCHAR2","TEXT","20","","","N","N","N","","","","","","","","","","2015/08/23 05:06:07.231","CUSTOMIZED_USER","2015/08/23 05:10:31.428","CUSTOMIZED_USER","1DE0DD20045647F3E0536204548C2D45",""
"PER_LOCATIONS_DF_1","61ECAF4AAB52E990E040449821C61C97","","FORMAT","VARCHAR2","TEXT","20","","","N","N","N","","","","","","","","","","2015/08/23 05:11:25.013","CUSTOMIZED_USER","2015/08/23 05:11:47.204","CUSTOMIZED_USER","1DE0DD20045647F3E0536204548C2D45",""
"PER_LOCATIONS_DF_2","61ECAF4AAB52E990E040449821C61C97","","FORMAT","VARCHAR2","TEXT","20","","","N","N","N","","","","","","","","","","2015/08/23 05:38:44.013","CUSTOMIZED_USER","2015/08/23 05:39:10.036","CUSTOMIZED_USER","1DF2CB4536F46772E0536204548CE308",""
"PER_LOCATIONS_DF_3","61ECAF4AAB52E990E040449821C61C97","","FORMAT","VARCHAR2","TEXT","20","","","N","N","N","","","","","","","","","","2015/08/23 05:39:31.014","CUSTOMIZED_USER","2015/08/23 05:39:49.917","CUSTOMIZED_USER","1DF2CB4536F46772E0536204548CE308",""
"PER_LOCATIONS_DF_Latitudenbr","61ECAF4AAB52E990E040449821C61C97","","FORMAT","NUMBER","","","8","","N","N","N","","","","","","","","","","2015/08/23 05:07:20.832","CUSTOMIZED_USER","2015/08/23 05:10:31.612","CUSTOMIZED_USER","1DE0DD20045647F3E0536204548C2D45",""
"PER_LOCATIONS_DF_LocationLatitude","61ECAF4AAB52E990E040449821C61C97","","FORMAT","NUMBER","","","15","","N","N","N","","","","","","","","","","2015/08/23 05:38:45.947","CUSTOMIZED_USER","2015/08/23 05:39:10.038","CUSTOMIZED_USER","1DF2CB4536F46772E0536204548CE308",""
"PER_LOCATIONS_DF_LocationLongitude","61ECAF4AAB52E990E040449821C61C97","","FORMAT","NUMBER","","","15","","N","N","N","","","","","","","","","","2015/08/23 05:39:34.637","CUSTOMIZED_USER","2015/08/23 05:39:49.919","CUSTOMIZED_USER","1DF2CB4536F46772E0536204548CE308",""
"PER_LOCATIONS_DF_Longitudenbr","61ECAF4AAB52E990E040449821C61C97","","FORMAT","NUMBER","","","8","","N","N","N","","","","","","","","","","2015/08/23 05:11:29.727","CUSTOMIZED_USER","2015/08/23 05:11:47.207","CUSTOMIZED_USER","1DE0DD20045647F3E0536204548C2D45",""
"GSE LOCATION","47110F64AC2608E2E040449823C60DB6","Work Location","TABLE","VARCHAR2","","","","","N","N","N","","","","","","","","","","2021/04/09 02:13:20.0","CUSTOMIZED_USER","2021/04/09 02:14:32.915","CUSTOMIZED_USER","BF74FCA9BF175722E0532D60FD0A4A04",""
"GSE_ELIGIBLE_JOBS","47110F64AC2608E2E040449823C60DB6","Eligible Jobs","TABLE","VARCHAR2","","","","","N","N","N","","","","","","","","","","2021/04/09 02:18:51.0","CUSTOMIZED_USER","2021/04/09 02:20:14.142","CUSTOMIZED_USER","BF74FCA9BF175722E0532D60FD0A4A04",""
"FLEX_VALUE_SET_CODE_1","E081646114446842E040F00A1720391E","Flex Value Set Code1","INDEP","VARCHAR2","TEXT","15","","","N","N","N","","","","","","","","","","2023/09/07 15:21:18.0","CUSTOMIZED_USER","2023/09/07 15:22:22.896","CUSTOMIZED_USER","0343765E0E76624AE063B065F00A2EAA",""
"PER_POSITIONS_DFF_At Risk","61ECAF4AAB66E990E040449821C61C97","","FORMAT","VARCHAR2","TEXT","20","","","N","N","N","","","","","","","","","","2015/08/14 10:51:26.182","CUSTOMIZED_USER","2015/08/14 10:52:41.245","CUSTOMIZED_USER","1D43D47FE33B6CA6E0536204548CB448",""
"AHC_CUST_CATEGORY","40B3FA7250D19380E040449823C67A1A","Customer Category for AHC Loan subledger","INDEP","VARCHAR2","TEXT","20","","","Y","N","N","","","","","","","","","","2017/10/31 18:28:20.0","CUSTOMIZED_USER","2017/10/31 18:33:17.306","CUSTOMIZED_USER","5CDCFC3CFE546751E0538DADFD0A839C",""
"AHC_LINE_TYPE","40B3FA7250D19380E040449823C67A1A","Line type for AHC Loan subledger","INDEP","VARCHAR2","TEXT","20","","","Y","N","N","","","","","","","","","","2017/10/31 18:41:02.253","CUSTOMIZED_USER","2017/10/31 18:44:48.907","CUSTOMIZED_USER","5CDD1B12125C7145E0538DADFD0ACF53",""
"AHC_LOAN_TYPE","40B3FA7250D19380E040449823C67A1A","Loan type for AHC Loan subledger","INDEP","VARCHAR2","TEXT","5","","","Y","N","N","","","","","","","","","","2017/10/31 18:49:30.853","CUSTOMIZED_USER","2017/10/31 18:51:34.181","CUSTOMIZED_USER","5CDD32C54C5F7773E0538DADFD0A4941",""
"CST_CHAR","40B3FA7250D19380E040449823C67A1A","","FORMAT","VARCHAR2","TEXT","30","","","N","N","N","","","","","","","","","","2013/11/04 20:51:08.271","CUSTOMIZED_USER","2013/11/04 20:52:09.734","CUSTOMIZED_USER","EA60B7A0C6A46DC0E0436204548C2F6B",""
"CST_COST_ORG_CODES","40B3FA7250D19380E040449823C67A1A","Cost Organization Codes","TABLE","VARCHAR2","","","","","N","N","N","","","","","","","","","","2013/11/04 20:53:35.418","CUSTOMIZED_USER","2013/11/04 20:57:28.051","CUSTOMIZED_USER","EA60B7A0C6A46DC0E0436204548C2F6B",""
"CST_INV_ORG_CODES","40B3FA7250D19380E040449823C67A1A","Inventory Organization Codes","TABLE","VARCHAR2","","","","","N","N","N","","","","","","","","","","2013/11/04 20:57:37.398","CUSTOMIZED_USER","2013/11/04 21:00:42.312","CUSTOMIZED_USER","EA60B7A0C6A46DC0E0436204548C2F6B",""
"CST_NUMBER","40B3FA7250D19380E040449823C67A1A","","FORMAT","NUMBER","","","38","","N","N","N","","","","","","","","","","2013/11/04 21:00:53.808","CUSTOMIZED_USER","2013/11/04 21:02:04.484","CUSTOMIZED_USER","EA60B7A0C6A46DC0E0436204548C2F6B",""
"CST_SUBINVENTORY_CODES","40B3FA7250D19380E040449823C67A1A","Subinventory Codes","TABLE","VARCHAR2","","","","","N","N","N","","","","","","","","","","2013/11/04 21:02:13.424","CUSTOMIZED_USER","2013/11/04 21:04:01.636","CUSTOMIZED_USER","EA60B7A0C6A46DC0E0436204548C2F6B",""
"Item_Categories_vs","40B3FA7250D19380E040449823C67A1A","Item Categories Flexfield Value Set","INDEP","VARCHAR2","TEXT","10","","","N","N","N","","","","","","","","","","2013/10/30 13:11:19.0","CUSTOMIZED_USER","2013/10/30 13:13:06.323","CUSTOMIZED_USER","E9F5E664D2C74D1DE0436204548C82F0",""
"PO_Item_Category_vs","40B3FA7250D19380E040449823C67A1A","Purchasing Item Category Value Set","INDEP","VARCHAR2","TEXT","10","","","N","N","N","","","","","","","","","","2013/10/30 14:49:11.0","CUSTOMIZED_USER","2013/10/30 14:50:06.497","CUSTOMIZED_USER","E9F1655A4262345AE0436204548CB8E6",""
"Product_Reporting_Classification_vs","40B3FA7250D19380E040449823C67A1A","Product Reporting Classification","INDEP","VARCHAR2","TEXT","10","","","N","N","N","","","","","","","","","","2013/10/30 15:59:34.0","CUSTOMIZED_USER","2013/10/30 16:00:23.231","CUSTOMIZED_USER","E9F1655A4265345AE0436204548CB8E6",""
"Rebate_Type","40B3FA7250D19380E040449823C67A1A","","INDEP","VARCHAR2","TEXT","30","","","N","N","N","","","","","","","","","","2021/02/02 16:23:33.893","CUSTOMIZED_USER","2021/02/02 16:24:14.477","CUSTOMIZED_USER","BA5DD57CBA9FFDA5E0539E90DF0AD870",""
"Rebate_Yes_No","40B3FA7250D19380E040449823C67A1A","","INDEP","VARCHAR2","TEXT","3","","","N","N","N","","","","","","","","","","2021/02/02 16:20:58.0","CUSTOMIZED_USER","2021/02/02 16:22:11.756","CUSTOMIZED_USER","BA5DD57CBA9FFDA5E0539E90DF0AD870",""
"UK_HESA_Char10","40B3FA7250D19380E040449823C67A1A","UK HESA 10 Characters","FORMAT","VARCHAR2","TEXT","10","","","N","N","N","","","","","","","","","","2015/06/05 11:47:53.0","CUSTOMIZED_USER","2015/06/05 11:48:52.966","CUSTOMIZED_USER","17C47058629218FAE0536204548C0B4A",""
"UK_HESA_ablwelsh","40B3FA7250D19380E040449823C67A1A","ablwelsh lookup","TABLE","VARCHAR2","","","","","N","N","N","","","","","","","","","","2015/06/05 11:50:00.196","CUSTOMIZED_USER","2015/06/05 11:53:17.337","CUSTOMIZED_USER","17B387859BDC3C40E0536204548CC84D",""
"UK_HESA_acempfun","40B3FA7250D19380E040449823C67A1A","acempfun lookup","TABLE","VARCHAR2","","","","","N","N","N","","","","","","","","","","2015/06/05 11:54:51.497","CUSTOMIZED_USER","2015/06/05 11:55:53.487","CUSTOMIZED_USER","17C47058629218FAE0536204548C0B4A",""
"UK_HESA_actchqual","40B3FA7250D19380E040449823C67A1A","actchquall lookup","TABLE","VARCHAR2","","","","","N","N","N","","","","","","","","","","2015/06/05 11:53:20.676","CUSTOMIZED_USER","2015/06/05 11:57:43.598","CUSTOMIZED_USER","17B387859BDC3C40E0536204548CC84D",""
"UK_HESA_clinard","40B3FA7250D19380E040449823C67A1A","clinard lookup","TABLE","VARCHAR2","","","","","N","N","N","","","","","","","","","","2015/06/05 11:59:02.459","CUSTOMIZED_USER","2015/06/05 12:01:02.678","CUSTOMIZED_USER","17B387859BDC3C40E0536204548CC84D",""
"UK_HESA_clinical","40B3FA7250D19380E040449823C67A1A","clinical lookup","TABLE","VARCHAR2","","","","","N","N","N","","","","","","","","","","2015/06/05 11:52:42.403","CUSTOMIZED_USER","2015/06/05 11:53:51.92","CUSTOMIZED_USER","17C47058629218FAE0536204548C0B4A",""
"UK_HESA_locleave","40B3FA7250D19380E040449823C67A1A","locleave lookup","TABLE","VARCHAR2","","","","","N","N","N","","","","","","","","","","2015/06/05 11:48:57.327","CUSTOMIZED_USER","2015/06/05 11:50:57.124","CUSTOMIZED_USER","17C47058629218FAE0536204548C0B4A",""
"UK_HESA_recid","40B3FA7250D19380E040449823C67A1A","recid lookup","TABLE","VARCHAR2","","","","","N","N","N","","","","","","","","","","2015/06/05 11:47:48.0","CUSTOMIZED_USER","2015/06/05 11:49:54.525","CUSTOMIZED_USER","17B387859BDC3C40E0536204548CC84D",""
"UK_HESA_rescon","40B3FA7250D19380E040449823C67A1A","rescon lookup","TABLE","VARCHAR2","","","","","N","N","N","","","","","","","","","","2015/06/05 11:51:31.055","CUSTOMIZED_USER","2015/06/05 11:52:40.013","CUSTOMIZED_USER","17C47058629218FAE0536204548C0B4A",""
"USHC_MagnetUnitGroup","40B3FA7250D19380E040449823C67A1A","","INDEP","VARCHAR2","TEXT","20","","","N","N","N","","","","","","","","","","2018/11/29 18:03:27.0","CUSTOMIZED_USER","2018/11/29 18:04:55.87","CUSTOMIZED_USER","7BD23514C2A51718E0537990DF0ABB8C",""
"USHC_NQNDIUnitGroup","40B3FA7250D19380E040449823C67A1A","","INDEP","VARCHAR2","TEXT","20","","","N","N","N","","","","","","","","","","2018/11/29 18:09:59.0","CUSTOMIZED_USER","2018/11/29 18:11:31.448","CUSTOMIZED_USER","7BD23514C2A51718E0537990DF0ABB8C",""
"Commodity_vs","40B3FA7250D19380E040449823C67A1A","Commodity Value Set","DEP","VARCHAR2","TEXT","10","","","N","N","N","","","","","","","","","","2013/10/30 14:59:45.597","CUSTOMIZED_USER","2013/10/30 15:01:10.702","CUSTOMIZED_USER","E9F5E664D2E54D1DE0436204548C82F0","PO_Item_Category_vs"
"Item_Class_Category_vs","40B3FA7250D19380E040449823C67A1A","Item Class Category Flexfield Value Set","DEP","VARCHAR2","TEXT","10","","","N","N","N","","","","","","","","","","2013/10/30 13:13:28.021","CUSTOMIZED_USER","2013/10/30 13:15:10.737","CUSTOMIZED_USER","E9F253631F6E5D68E0436204548C5DE0","Item_Categories_vs"
"HRT_GSE_HE_US_FACULTY_INFO_CAT","47110F64AC7C08E2E040449823C60DB6","","TABLE","VARCHAR2","","","","","N","N","N","","","","","","","","","","2019/02/20 10:40:24.0","CUSTOMIZED_USER","2019/02/20 10:40:24.0","CUSTOMIZED_USER","HRT_PROFILE_UPGRADE",""
"PRG_MASTER_PROJECT","61ECAF4AABECE990E040449821C61C97","Master Project","INDEP","VARCHAR2","TEXT","150","","","N","N","N","","","","","","","","","","2020/04/09 06:44:41.0","CUSTOMIZED_USER","2020/04/09 06:46:06.933","CUSTOMIZED_USER","A2D6B667C8B54105E053B090DF0AF6A7",""
"GSE_Tablet_Weight","47110F64ABFD08E2E040449823C60DB6","GSE Tablet Weight - Used in QA Receiving","INDEP","VARCHAR2","TEXT","10","","","N","N","N","","","","","","","","","","2017/09/22 13:39:51.0","CUSTOMIZED_USER","2017/09/22 13:41:20.478","CUSTOMIZED_USER","59C6200E089C5316E0538DADFD0A5A6B",""
"Project Type","61ECAF4AAADEE990E040449821C61C97","Project Type","FORMAT","VARCHAR2","TEXT","50","","","N","N","N","","","","","","","","","","2021/02/12 04:54:14.0","CUSTOMIZED_USER","2021/02/12 04:55:43.909","CUSTOMIZED_USER","BB1954684FF33D56E0539E90DF0A8352",""
"PowderContent_value_set","47110F64AC8108E2E040449823C60DB6","PowderContent Value Set","INDEP","VARCHAR2","TEXT","15","","","N","N","N","","","","","","","","","","2013/11/08 12:46:19.0","CUSTOMIZED_USER","2013/11/08 12:47:05.007","CUSTOMIZED_USER","EAA5AC327CAF6AC8E0436204548C291C",""
"Asset Criticality","13BFA4ABD1ADDBA4E050F00A17206E1D","Asset Criticality","INDEP","VARCHAR2","TEXT","10","","","N","N","N","","","","","","","","","","2021/02/11 20:10:02.0","CUSTOMIZED_USER","2021/02/11 20:11:13.29","CUSTOMIZED_USER","BB14BB85F92DC340E0539E90DF0A54A4",""
"FBQSR_PRODUCT_GROUP","61ECAF4AAAB5E990E040449821C61C97","FB QSR Product Group","INDEP","VARCHAR2","TEXT","15","","","N","N","N","","","","","","","","","","2021/08/10 12:51:40.0","CUSTOMIZED_USER","2021/08/10 12:54:16.207","CUSTOMIZED_USER","C832D1666911B97DE0530364FD0AB501",""
"FB_Product Category","61ECAF4AAAB5E990E040449821C61C97","FBQSRProduct Category","INDEP","VARCHAR2","TEXT","15","","","N","N","N","","","","","","","","","","2021/08/10 12:37:12.0","CUSTOMIZED_USER","2021/08/10 12:38:11.858","CUSTOMIZED_USER","C832D1666911B97DE0530364FD0AB501",""
"ND_GMDN Code from Custom Object","61ECAF4AAAB5E990E040449821C61C97","Drop down list from GMDN Library","TABLE","VARCHAR2","","","","","N","N","N","","","","","","","","","","2020/02/13 16:35:04.0","CUSTOMIZED_USER","2020/02/13 16:36:46.837","CUSTOMIZED_USER","9E78A25AE3A0B83BE053B090DF0A1EE3",""
"FBQSRSUB_CAT","61ECAF4AAAB5E990E040449821C61C97","FB Sub Category","DEP","VARCHAR2","TEXT","15","","","N","N","N","","","","","","","","","","2021/08/10 12:43:45.0","CUSTOMIZED_USER","2021/08/10 12:44:58.863","CUSTOMIZED_USER","C832D1666911B97DE0530364FD0AB501","FB_Product Category"
"CV-Customer Type","AF2B4F2BE69B0F1BE0401490D3C56291","Customer Type","FORMAT","VARCHAR2","TEXT","50","","","N","N","N","","","","","","","","","","2014/01/22 20:47:18.0","CUSTOMIZED_USER","2014/01/22 20:47:26.821","CUSTOMIZED_USER","F0963AF5916D3B3FE0436204548C266B",""
"CV-Geographic Zone","AF2B4F2BE69B0F1BE0401490D3C56291","Geographic Zone","INDEP","VARCHAR2","TEXT","50","","","N","N","N","","","","","","","","","","2014/01/22 20:47:26.854","CUSTOMIZED_USER","2014/01/22 20:47:55.738","CUSTOMIZED_USER","F0963AF5916D3B3FE0436204548C266B",""
"CV1 Deal Size Band","AF2B4F2BE69B0F1BE0401490D3C56291","Deal Size Band","INDEP","VARCHAR2","TEXT","50","","","N","N","N","","","","","","","","","","2014/01/22 20:47:55.826","CUSTOMIZED_USER","2014/01/22 20:47:55.991","CUSTOMIZED_USER","F0963AF5916D3B3FE0436204548C266B",""
"CV1-Country","AF2B4F2BE69B0F1BE0401490D3C56291","Country","INDEP","VARCHAR2","TEXT","50","","","N","N","N","","","","","","","","","","2014/01/22 20:47:56.008","CUSTOMIZED_USER","2014/01/22 20:47:56.127","CUSTOMIZED_USER","F0963AF5916D3B3FE0436204548C266B",""
"CV1-Man Days Band","AF2B4F2BE69B0F1BE0401490D3C56291","Man Days Band","INDEP","VARCHAR2","TEXT","50","","","N","N","N","","","","","","","","","","2014/01/22 20:47:56.143","CUSTOMIZED_USER","2014/01/22 20:47:56.251","CUSTOMIZED_USER","F0963AF5916D3B3FE0436204548C266B",""
"GSE_ADJUNCT_CREDIT_HOURS","61ECAF4AAB41E990E040449821C61C97","Adjunct Credit hours","INDEP","NUMBER","","","","","N","N","N","","","","","","","","","","2020/04/14 12:34:21.0","CUSTOMIZED_USER","2020/04/14 12:35:48.851","CUSTOMIZED_USER","A33FC9B40A8FE926E053B090DF0A29A7",""
"GSE_COURSE_LEVEL","61ECAF4AAB41E990E040449821C61C97","Course Level","INDEP","NUMBER","","","","","N","N","N","","","","","","","","","","2020/04/14 12:51:43.0","CUSTOMIZED_USER","2020/04/14 12:53:03.094","CUSTOMIZED_USER","A33FC9B40A8FE926E053B090DF0A29A7",""
"GSE_PAYMENT_DURATION","61ECAF4AAB41E990E040449821C61C97","Payment Duration","INDEP","NUMBER","","","","","N","N","N","","","","","","","","","","2020/04/14 12:42:51.0","CUSTOMIZED_USER","2020/04/14 12:44:03.229","CUSTOMIZED_USER","A33FC9B40A8FE926E053B090DF0A29A7",""
"PaymentDuration","61ECAF4AAB41E990E040449821C61C97","Payment Duration","INDEP","NUMBER","","","","","N","N","N","","","","","","","","","","2021/08/22 14:28:17.0","CUSTOMIZED_USER","2021/08/22 14:28:57.079","CUSTOMIZED_USER","CA14834236E169FEE0530364FD0A4BF1",""
"ContractType","47110F64AC6208E2E040449823C60DB6","Contract Type","INDEP","VARCHAR2","TEXT","20","","","N","N","N","","","","","","","","","","2021/02/02 16:30:55.0","CUSTOMIZED_USER","2021/02/02 16:31:34.32","CUSTOMIZED_USER","BA5DD57CBA9FFDA5E0539E90DF0AD870",""
"FD_COMMON","738596E37D659219E040578C495D7E7D","FD_COMMON","INDEP","VARCHAR2","TEXT","4","","","N","N","N","","","","","","","","","","2022/03/18 19:24:30.0","CUSTOMIZED_USER","2022/03/18 19:24:53.528","CUSTOMIZED_USER","D9EAF3B74999544CE053B065F00A4265",""
"FA_ASSET_KEY","61ECAF4AAC36E990E040449821C61C97","FA Asset Key","INDEP","VARCHAR2","TEXT","20","","","Y","N","N","","","","","","","","","","2013/11/04 09:44:33.0","CUSTOMIZED_USER","2013/11/04 09:46:39.318","CUSTOMIZED_USER","EA56E36C68EC043AE0436204548CB264",""
"FA_BUILDING","61ECAF4AAC36E990E040449821C61C97","FA Building","INDEP","VARCHAR2","TEXT","20","","","Y","N","N","","","","","","","","","","2013/11/04 09:47:06.031","CUSTOMIZED_USER","2013/11/04 09:47:48.414","CUSTOMIZED_USER","EA56E36C68EC043AE0436204548CB264",""
"FA_CITY","61ECAF4AAC36E990E040449821C61C97","FA City","INDEP","VARCHAR2","TEXT","20","","","Y","N","N","","","","","","","","","","2013/11/04 09:53:36.73","CUSTOMIZED_USER","2013/11/04 09:54:24.929","CUSTOMIZED_USER","EA56E36C68EC043AE0436204548CB264",""
"FA_COUNTRY","61ECAF4AAC36E990E040449821C61C97","FA Country","INDEP","VARCHAR2","TEXT","20","","","Y","N","N","","","","","","","","","","2013/11/04 09:50:50.89","CUSTOMIZED_USER","2013/11/04 09:51:48.309","CUSTOMIZED_USER","EA56E36C68EC043AE0436204548CB264",""
"FA_MAJOR_CATEGORY","61ECAF4AAC36E990E040449821C61C97","FA Major Category","INDEP","VARCHAR2","TEXT","20","","","Y","N","N","","","","","","","","","","2013/11/04 09:48:24.739","CUSTOMIZED_USER","2013/11/04 09:49:13.965","CUSTOMIZED_USER","EA56E36C68EC043AE0436204548CB264",""
"FA_STATE_COUNTY","61ECAF4AAC36E990E040449821C61C97","FA State / County","INDEP","VARCHAR2","TEXT","20","","","Y","N","N","","","","","","","","","","2013/11/04 09:51:59.129","CUSTOMIZED_USER","2013/11/04 09:53:01.597","CUSTOMIZED_USER","EA56E36C68EC043AE0436204548CB264",""
"FA_MINOR_CATEGORY","61ECAF4AAC36E990E040449821C61C97","FA Minor Category","DEP","VARCHAR2","TEXT","20","","","Y","N","N","","","","","","","","","","2013/11/04 09:49:54.866","CUSTOMIZED_USER","2013/11/04 09:50:39.661","CUSTOMIZED_USER","EA56E36C68EC043AE0436204548CB264","FA_MAJOR_CATEGORY"
