"OrchestrationApplicationCode","StatusCode","ProcessName","SequenceNumber","DooProcessVersion","NotifyFlag","CreatedBy","LastUpdatedBy","ConditionDisplayTaskCode"
"DOO","ACT_SCHEDULED","CustomDOO_GSEE360_OrderFulfillmentGenericProcess","100","1","N","SCM_IMPL","SCM_IMPL","""DOO_Schedule""=""SCHEDULED"""
"DOO","ASSET_COMPLETED","CustomDOO_GSEE360_OrderFulfillmentGenericProcess","950","1","N","SCM_IMPL","SCM_IMPL","""DOO_AssetManagement""=""ASSET_COMPLETED"""
"DOO","AWAIT_BILLING","CustomDOO_GSEE360_OrderFulfillmentGenericProcess","1000","1","N","SCM_IMPL","SCM_IMPL","""DOO_Invoice""=""AWAIT_BILLING"""
"DOO","AWAIT_FLINE_AGGREGATE","CustomDOO_GSEE360_OrderFulfillmentGenericProcess","110","1","N","SCM_IMPL","SCM_IMPL","""DOO_Procure""=""AWAIT_FLINE_AGGREGATE"""
"DOO","AWAIT_FULFILLMENT","CustomDOO_GSEE360_OrderFulfillmentGenericProcess","120","1","N","SCM_IMPL","SCM_IMPL","""DOO_Procure""=""AWAIT_FULFILLMENT"""
"DOO","AWAIT_SHIP","CustomDOO_GSEE360_OrderFulfillmentGenericProcess","150","1","N","SCM_IMPL","SCM_IMPL","""DOO_Procure""=""AWAIT_SHIP""OR""DOO_Procure""=""VARIOUS"""
"DOO","AWAIT_SHIP","CustomDOO_GSEE360_OrderFulfillmentGenericProcess","220","1","N","SCM_IMPL","SCM_IMPL","""DOO_SHIP_BACK_TO_BACK""=""AWAIT_SHIP""OR""DOO_SHIP_BACK_TO_BACK""=""VARIOUS"""
"DOO","CREDIT_CARD_APPROVED","ClickShipCollect3","5","1","N","SCM_IMPL","SCM_IMPL","""Credit Card Payment""=""CREDIT_CARD_APPROVED"""
"DOO","SCHEDULED","ClickShipCollect3","10","1","N","SCM_IMPL","SCM_IMPL","""DOO_Schedule""=""SCHEDULED"""
"DOO","RESERVED","ClickShipCollect3","20","1","N","SCM_IMPL","SCM_IMPL","""DOO_Reserve""=""RESERVED"""
"DOO","SKU_PICKED","ClickShipCollect3","25","1","N","SCM_IMPL","SCM_IMPL","""NotifyStoretoPickSKU1""=""SKU_PICKED"""
"DOO","CUSTOMER_NOTIFIED","ClickShipCollect3","30","1","N","SCM_IMPL","SCM_IMPL","""NotifyCustomer""=""CUSTOMER_NOTIFIED"""
"DOO","AWAIT_SHIP","ClickShipCollect3","40","1","N","SCM_IMPL","SCM_IMPL","""DOO_Ship""=""AWAIT_SHIP"""
"DOO","AWAIT_CUSTOMER_PICKUP","ClickShipCollect3","45","1","N","SCM_IMPL","SCM_IMPL","""CustomerPickup""=""AWAIT_SHIP"""
"DOO","BACKORDERED","ClickShipCollect3","50","1","N","SCM_IMPL","SCM_IMPL","""DOO_Ship""=""BACKORDERED""OR""CustomerPickup""=""BACKORDERED"""
"DOO","PICKED","ClickShipCollect3","60","1","N","SCM_IMPL","SCM_IMPL","""DOO_Ship""=""PICKED""OR""CustomerPickup""=""PICKED"""
"DOO","SHIPPED","ClickShipCollect3","70","1","N","SCM_IMPL","SCM_IMPL","""DOO_Ship""=""SHIPPED""OR""CustomerPickup""=""SHIPPED"""
"DOO","BILLED","ClickShipCollect3","90","1","N","SCM_IMPL","SCM_IMPL","""Settlement""=""AWAIT_BILLING""OR""Settlement""=""BILLED"""
"DOO","CREDIT_CARD_APPROVED","ClickShipCollect2","5","2","N","SCM_IMPL","SCM_IMPL","""Credit Card Payment""=""CREDIT_CARD_APPROVED"""
"DOO","SCHEDULED","ClickShipCollect2","10","2","N","SCM_IMPL","SCM_IMPL","""DOO_Schedule""=""SCHEDULED"""
"DOO","RESERVED","ClickShipCollect2","20","2","N","SCM_IMPL","SCM_IMPL","""DOO_Reserve""=""RESERVED"""
"DOO","SKU_PICKED","ClickShipCollect2","25","2","N","SCM_IMPL","SCM_IMPL","""NotifyStoretoPickSKU1""=""SKU_PICKED"""
"DOO","CUSTOMER_NOTIFIED","ClickShipCollect2","30","2","N","SCM_IMPL","SCM_IMPL","""NotifyCustomer""=""CUSTOMER_NOTIFIED"""
"DOO","AWAIT_SHIP","ClickShipCollect2","40","2","N","SCM_IMPL","SCM_IMPL","""DOO_Ship""=""AWAIT_SHIP"""
"DOO","AWAIT_CUSTOMER_PICKUP","ClickShipCollect2","45","2","N","SCM_IMPL","SCM_IMPL","""CustomerPickup""=""AWAIT_SHIP"""
"DOO","BACKORDERED","ClickShipCollect2","50","2","N","SCM_IMPL","SCM_IMPL","""DOO_Ship""=""BACKORDERED""OR""CustomerPickup""=""BACKORDERED"""
"DOO","PICKED","ClickShipCollect2","60","2","N","SCM_IMPL","SCM_IMPL","""DOO_Ship""=""PICKED""OR""CustomerPickup""=""PICKED"""
"DOO","SHIPPED","ClickShipCollect2","70","2","N","SCM_IMPL","SCM_IMPL","""DOO_Ship""=""SHIPPED""OR""CustomerPickup""=""SHIPPED"""
"DOO","BILLED","ClickShipCollect2","90","2","N","SCM_IMPL","SCM_IMPL","""Settlement""=""AWAIT_BILLING""OR""Settlement""=""BILLED"""
"DOO","AWAIT_SHIP","ClickShipCollect3","40","2","N","SCM_IMPL","SCM_IMPL","""DOO_Ship""=""AWAIT_SHIP"""
"DOO","SHIPPED","ClickShipCollect3","70","2","N","SCM_IMPL","SCM_IMPL","""DOO_Ship""=""SHIPPED""OR""CustomerPickup""=""SHIPPED"""
"DOO","AWAIT_SHIP","ShipOrderGenericProcessIA1","30","1","N","SCM_IMPL","SCM_IMPL","""DOO_Ship""=""AWAIT_SHIP""OR""DOO_Ship""=""VARIOUS"""
"DOO","BACKORDERED","ShipOrderGenericProcessIA1","40","1","N","SCM_IMPL","SCM_IMPL","""DOO_Ship""=""BACKORDERED"""
"DOO","PICKED","ShipOrderGenericProcessIA1","50","1","N","SCM_IMPL","SCM_IMPL","""DOO_Ship""=""PICKED"""
"DOO","SHIPPED","ShipOrderGenericProcessIA1","60","1","N","SCM_IMPL","SCM_IMPL","""DOO_Ship""=""SHIPPED"""
"DOO","AWAIT_OTHER_LINES","ShipOrderGenericProcessIA1","65","1","N","SCM_IMPL","SCM_IMPL","""DOO_Pause""=""WAITING"""
"DOO","AWAIT_BILLING","ShipOrderGenericProcessIA1","70","1","N","SCM_IMPL","SCM_IMPL","""DOO_Invoice""=""AWAIT_BILLING"""
"DOO","BILLED","ShipOrderGenericProcessIA1","80","1","N","SCM_IMPL","SCM_IMPL","""DOO_Invoice""=""BILLED"""
"DOO","PARTIAL_PICK","ShipOrderGenericProcessIA1","90","1","N","SCM_IMPL","SCM_IMPL","""DOO_Ship""=""PARTIAL_PICK"""
"DOO","PARTIAL_BACK","ShipOrderGenericProcessIA1","100","1","N","SCM_IMPL","SCM_IMPL","""DOO_Ship""=""PARTIAL_BACK"""
"DOO","SCH_MANUAL","ShipOrderGenericProcessIA1","110","1","N","SCM_IMPL","SCM_IMPL","""DOO_Schedule""=""USER_ACTION"""
"DOO","RES_MANUAL","ShipOrderGenericProcessIA1","120","1","N","SCM_IMPL","SCM_IMPL","""DOO_Reserve""=""USER_ACTION"""
"DOO","SCHEDULED","ShipOrderGenericProcessIA1","10","1","N","SCM_IMPL","SCM_IMPL","""DOO_Schedule""=""SCHEDULED"""
"DOO","RESERVED","ShipOrderGenericProcessIA1","20","1","N","SCM_IMPL","SCM_IMPL","""DOO_Reserve""=""RESERVED"""
"DOO","AWAIT_BILLING","ShipOrderGenericProcessIA1","70","2","N","SCM_IMPL","SCM_IMPL","""DOO_Invoice""=""AWAIT_BILLING"""
"DOO","AWAIT_OTHER_LINES","ShipOrderGenericProcessIA1","65","2","N","SCM_IMPL","SCM_IMPL","""DOO_Pause""=""WAITING"""
"DOO","AWAIT_SHIP","ShipOrderGenericProcessIA1","30","2","N","SCM_IMPL","SCM_IMPL","""DOO_Ship""=""AWAIT_SHIP""OR""DOO_Ship""=""VARIOUS"""
"DOO","BACKORDERED","ShipOrderGenericProcessIA1","40","2","N","SCM_IMPL","SCM_IMPL","""DOO_Ship""=""BACKORDERED"""
"DOO","BILLED","ShipOrderGenericProcessIA1","80","2","N","SCM_IMPL","SCM_IMPL","""DOO_Invoice""=""BILLED"""
"DOO","PARTIAL_BACK","ShipOrderGenericProcessIA1","100","2","N","SCM_IMPL","SCM_IMPL","""DOO_Ship""=""PARTIAL_BACK"""
"DOO","PARTIAL_PICK","ShipOrderGenericProcessIA1","90","2","N","SCM_IMPL","SCM_IMPL","""DOO_Ship""=""PARTIAL_PICK"""
"DOO","SCHEDULED","ManualShipOrderGenericProcess","1","1","","SCM_IMPL","SCM_IMPL","""DOO_Schedule""=""SCHEDULED"""
"DOO","RESERVED","ManualShipOrderGenericProcess","2","1","","SCM_IMPL","SCM_IMPL","""DOO_Reserve""=""RESERVED"""
"DOO","AWAIT_SHIP","ManualShipOrderGenericProcess","3","1","","SCM_IMPL","SCM_IMPL","""DOO_Ship""=""AWAIT_SHIP""OR""DOO_Ship""=""VARIOUS"""
"DOO","BACKORDERED","ManualShipOrderGenericProcess","4","1","","SCM_IMPL","SCM_IMPL","""DOO_Ship""=""BACKORDERED"""
"DOO","PICKED","ManualShipOrderGenericProcess","5","1","","SCM_IMPL","SCM_IMPL","""DOO_Ship""=""PICKED"""
"DOO","SHIPPED","ManualShipOrderGenericProcess","6","1","","SCM_IMPL","SCM_IMPL","""DOO_Ship""=""SHIPPED"""
"DOO","AWAIT_BILLING","ManualShipOrderGenericProcess","7","1","","SCM_IMPL","SCM_IMPL","""DOO_Invoice""=""AWAIT_BILLING"""
"DOO","BILLED","ManualShipOrderGenericProcess","8","1","","SCM_IMPL","SCM_IMPL","""DOO_Invoice""=""BILLED"""
"DOO","PARTIAL_PICK","ManualShipOrderGenericProcess","9","1","","SCM_IMPL","SCM_IMPL","""DOO_Ship""=""PARTIAL_PICK"""
"DOO","PARTIAL_BACK","ManualShipOrderGenericProcess","10","1","","SCM_IMPL","SCM_IMPL","""DOO_Ship""=""PARTIAL_BACK"""
"DOO","SCH_MANUAL","ManualShipOrderGenericProcess","12","1","","SCM_IMPL","SCM_IMPL","""DOO_Schedule""=""USER_ACTION"""
"DOO","RES_MANUAL","ManualShipOrderGenericProcess","13","1","","SCM_IMPL","SCM_IMPL","""DOO_Reserve""=""USER_ACTION"""
"DOO","CREDIT_CARD_APPROVED","ClickShipCollect1","5","1","N","SCM_IMPL","SCM_IMPL","""Credit Card Payment""=""CREDIT_CARD_APPROVED"""
"DOO","SCHEDULED","ClickShipCollect1","10","1","N","SCM_IMPL","SCM_IMPL","""DOO_Schedule""=""SCHEDULED"""
"DOO","RESERVED","ClickShipCollect1","20","1","N","SCM_IMPL","SCM_IMPL","""DOO_Reserve""=""RESERVED"""
"DOO","SKU_PICKED","ClickShipCollect1","25","1","N","SCM_IMPL","SCM_IMPL","""NotifyStoretoPickSKU""=""SKU_PICKED"""
"DOO","CUSTOMER_NOTIFIED","ClickShipCollect1","30","1","N","SCM_IMPL","SCM_IMPL","""NotifyCustomer""=""CUSTOMER_NOTIFIED"""
"DOO","AWAIT_SHIP","ClickShipCollect1","40","1","N","SCM_IMPL","SCM_IMPL","""DOO_Ship""=""AWAIT_SHIP"""
"DOO","AWAIT_CUSTOMER_PICKUP","ClickShipCollect1","45","1","N","SCM_IMPL","SCM_IMPL","""CustomerPickup""=""AWAIT_SHIP"""
"DOO","PICKED","ClickShipCollect1","60","1","N","SCM_IMPL","SCM_IMPL","""DOO_Ship""=""PICKED""OR""CustomerPickup""=""PICKED"""
"DOO","SHIPPED","ClickShipCollect1","70","1","N","SCM_IMPL","SCM_IMPL","""DOO_Ship""=""SHIPPED""OR""CustomerPickup""=""SHIPPED"""
"DOO","BILLED","ClickShipCollect1","90","1","N","SCM_IMPL","SCM_IMPL","""Settlement""=""AWAIT_BILLING""OR""Settlement""=""BILLED"""
"DOO","SCHEDULED","ShipOrderProcess","1","1","","SCM_IMPL","SCM_IMPL","""DOO_Schedule""=""SCHEDULED"""
"DOO","AWAIT_SHIP","ShipOrderProcess","3","1","","SCM_IMPL","SCM_IMPL","""DOO_Ship""=""AWAIT_SHIP""OR""DOO_Ship""=""VARIOUS"""
"DOO","BACKORDERED","ShipOrderProcess","4","1","","SCM_IMPL","SCM_IMPL","""DOO_Ship""=""BACKORDERED"""
"DOO","PICKED","ShipOrderProcess","5","1","","SCM_IMPL","SCM_IMPL","""DOO_Ship""=""PICKED"""
"DOO","SHIPPED","ShipOrderProcess","6","1","","SCM_IMPL","SCM_IMPL","""DOO_Ship""=""SHIPPED"""
"DOO","BILLED","ShipOrderProcess","8","1","","SCM_IMPL","SCM_IMPL","""DOO_Invoice""=""BILLED"""
"DOO","PARTIAL_PICK","ShipOrderProcess","9","1","","SCM_IMPL","SCM_IMPL","""DOO_Ship""=""PARTIAL_PICK"""
"DOO","PARTIAL_BACK","ShipOrderProcess","10","1","","SCM_IMPL","SCM_IMPL","""DOO_Ship""=""PARTIAL_BACK"""
"DOO","PRE-ORDER","ClickShipCollect3","3","1","N","SCM_IMPL","SCM_IMPL","""Pre-order""=""WAITING"""
"DOO","CREDIT_CARD_APPROVED","ClickShipCollect2","5","1","N","SCM_IMPL","SCM_IMPL","""Credit Card Payment""=""CREDIT_CARD_APPROVED"""
"DOO","SCHEDULED","ClickShipCollect2","10","1","N","SCM_IMPL","SCM_IMPL","""DOO_Schedule""=""SCHEDULED"""
"DOO","SKU_PICKED","ClickShipCollect2","25","1","N","SCM_IMPL","SCM_IMPL","""NotifyStoretoPickSKU1""=""SKU_PICKED"""
"DOO","CUSTOMER_NOTIFIED","ClickShipCollect2","30","1","N","SCM_IMPL","SCM_IMPL","""NotifyCustomer""=""CUSTOMER_NOTIFIED"""
"DOO","AWAIT_SHIP","ClickShipCollect2","40","1","N","SCM_IMPL","SCM_IMPL","""DOO_Ship""=""AWAIT_SHIP"""
"DOO","BACKORDERED","ClickShipCollect2","50","1","N","SCM_IMPL","SCM_IMPL","""DOO_Ship""=""BACKORDERED""OR""CustomerPickup""=""BACKORDERED"""
"DOO","PICKED","ClickShipCollect2","60","1","N","SCM_IMPL","SCM_IMPL","""DOO_Ship""=""PICKED""OR""CustomerPickup""=""PICKED"""
"DOO","SHIPPED","ClickShipCollect2","70","1","N","SCM_IMPL","SCM_IMPL","""DOO_Ship""=""SHIPPED""OR""CustomerPickup""=""SHIPPED"""
"DOO","PRE-ORDER","ClickShipCollect3","3","2","N","SCM_IMPL","SCM_IMPL","""Pre-order""=""WAITING"""
"DOO","RESERVED","ShipOrderProcess1","2","1","","SCM_IMPL","SCM_IMPL","""DOO_Reserve""=""RESERVED"""
"DOO","AWAIT_SHIP","ShipOrderProcess1","3","1","","SCM_IMPL","SCM_IMPL","""DOO_Ship""=""AWAIT_SHIP""OR""DOO_Ship""=""VARIOUS"""
"DOO","BACKORDERED","ShipOrderProcess1","4","1","","SCM_IMPL","SCM_IMPL","""DOO_Ship""=""BACKORDERED"""
"DOO","PICKED","ShipOrderProcess1","5","1","","SCM_IMPL","SCM_IMPL","""DOO_Ship""=""PICKED"""
"DOO","SHIPPED","ShipOrderProcess1","6","1","","SCM_IMPL","SCM_IMPL","""DOO_Ship""=""SHIPPED"""
"DOO","AWAIT_BILLING","ShipOrderProcess1","7","1","","SCM_IMPL","SCM_IMPL","""DOO_Invoice""=""AWAIT_BILLING"""
"DOO","BILLED","ShipOrderProcess1","8","1","","SCM_IMPL","SCM_IMPL","""DOO_Invoice""=""BILLED"""
"DOO","PARTIAL_PICK","ShipOrderProcess1","9","1","","SCM_IMPL","SCM_IMPL","""DOO_Ship""=""PARTIAL_PICK"""
"DOO","PARTIAL_BACK","ShipOrderProcess1","10","1","","SCM_IMPL","SCM_IMPL","""DOO_Ship""=""PARTIAL_BACK"""
"DOO","CREDIT_CARD_APPROVED","ClickShipCollect3","5","2","N","SCM_IMPL","SCM_IMPL","""Credit Card Payment""=""CREDIT_CARD_APPROVED"""
"DOO","RES_MANUAL","ShipOrderProcess1","13","1","","SCM_IMPL","SCM_IMPL","""DOO_Reserve""=""USER_ACTION"""
"DOO","CREDIT_CARD_APPROVED","ClickShipCollect1","5","2","N","SCM_IMPL","SCM_IMPL","""Credit Card Payment""=""CREDIT_CARD_APPROVED"""
"DOO","SCHEDULED","ClickShipCollect1","10","2","N","SCM_IMPL","SCM_IMPL","""DOO_Schedule""=""SCHEDULED"""
"DOO","RESERVED","ClickShipCollect1","20","2","N","SCM_IMPL","SCM_IMPL","""DOO_Reserve""=""RESERVED"""
"DOO","SKU_PICKED","ClickShipCollect1","25","2","N","SCM_IMPL","SCM_IMPL","""NotifyStoretoPickSKU""=""SKU_PICKED"""
"DOO","CUSTOMER_NOTIFIED","ClickShipCollect1","30","2","N","SCM_IMPL","SCM_IMPL","""NotifyCustomer""=""CUSTOMER_NOTIFIED"""
"DOO","AWAIT_SHIP","ClickShipCollect1","40","2","N","SCM_IMPL","SCM_IMPL","""DOO_Ship""=""AWAIT_SHIP"""
"DOO","AWAIT_CUSTOMER_PICKUP","ClickShipCollect1","45","2","N","SCM_IMPL","SCM_IMPL","""CustomerPickup""=""AWAIT_SHIP"""
"DOO","BACKORDERED","ClickShipCollect1","50","2","N","SCM_IMPL","SCM_IMPL","""DOO_Ship""=""BACKORDERED""OR""CustomerPickup""=""BACKORDERED"""
"DOO","PICKED","ClickShipCollect1","60","2","N","SCM_IMPL","SCM_IMPL","""DOO_Ship""=""PICKED""OR""CustomerPickup""=""PICKED"""
"DOO","SHIPPED","ClickShipCollect1","70","2","N","SCM_IMPL","SCM_IMPL","""DOO_Ship""=""SHIPPED""OR""CustomerPickup""=""SHIPPED"""
"DOO","BILLED","ClickShipCollect1","90","2","N","SCM_IMPL","SCM_IMPL","""Settlement""=""AWAIT_BILLING""OR""Settlement""=""BILLED"""
"DOO","SCHEDULED","ClickShipCollect3","10","2","N","SCM_IMPL","SCM_IMPL","""DOO_Schedule""=""SCHEDULED"""
"DOO","RESERVED","ClickShipCollect3","20","2","N","SCM_IMPL","SCM_IMPL","""DOO_Reserve""=""RESERVED"""
"DOO","SKU_PICKED","ClickShipCollect3","25","2","N","SCM_IMPL","SCM_IMPL","""NotifyStoretoPickSKU1""=""SKU_PICKED"""
"DOO","CUSTOMER_NOTIFIED","ClickShipCollect3","30","2","N","SCM_IMPL","SCM_IMPL","""NotifyCustomer""=""CUSTOMER_NOTIFIED"""
"DOO","AWAIT_CUSTOMER_PICKUP","ClickShipCollect3","45","2","N","SCM_IMPL","SCM_IMPL","""CustomerPickup""=""AWAIT_SHIP"""
"DOO","BACKORDERED","ClickShipCollect3","50","2","N","SCM_IMPL","SCM_IMPL","""DOO_Ship""=""BACKORDERED""OR""CustomerPickup""=""BACKORDERED"""
"DOO","PICKED","ClickShipCollect3","60","2","N","SCM_IMPL","SCM_IMPL","""DOO_Ship""=""PICKED""OR""CustomerPickup""=""PICKED"""
"DOO","BILLED","ClickShipCollect3","90","2","N","SCM_IMPL","SCM_IMPL","""Settlement""=""AWAIT_BILLING""OR""Settlement""=""BILLED"""
"DOO","BACKORDERED","ClickShipCollect1","50","1","N","SCM_IMPL","SCM_IMPL","""DOO_Ship""=""BACKORDERED""OR""CustomerPickup""=""BACKORDERED"""
"DOO","BILLED","ClickShipCollect2","90","1","N","SCM_IMPL","SCM_IMPL","""Settlement""=""AWAIT_BILLING""OR""Settlement""=""BILLED"""
"DOO","AWAIT_BILLING","ShipOrderProcess","7","1","","SCM_IMPL","SCM_IMPL","""DOO_Invoice""=""AWAIT_BILLING"""
"DOO","SCH_MANUAL","ShipOrderProcess","12","1","","SCM_IMPL","SCM_IMPL","""DOO_Schedule""=""USER_ACTION"""
"DOO","RESERVED","ClickShipCollect2","20","1","N","SCM_IMPL","SCM_IMPL","""DOO_Reserve""=""RESERVED"""
"DOO","AWAIT_CUSTOMER_PICKUP","ClickShipCollect2","45","1","N","SCM_IMPL","SCM_IMPL","""CustomerPickup""=""AWAIT_SHIP"""
"DOO","AWAIT_CUSTOMER_PICKUP","ClickShipCollect4","45","1","N","SCM_IMPL","SCM_IMPL","""CustomerPickup""=""AWAIT_SHIP"""
"DOO","AWAIT_SHIP","ClickShipCollect4","40","1","N","SCM_IMPL","SCM_IMPL","""DOO_Ship""=""AWAIT_SHIP"""
"DOO","BACKORDERED","ClickShipCollect4","50","1","N","SCM_IMPL","SCM_IMPL","""DOO_Ship""=""BACKORDERED""OR""CustomerPickup""=""BACKORDERED"""
"DOO","BILLED","ClickShipCollect4","90","1","N","SCM_IMPL","SCM_IMPL","""Settlement""=""AWAIT_BILLING""OR""Settlement""=""BILLED"""
"DOO","CREDIT_CARD_APPROVED","ClickShipCollect4","5","1","N","SCM_IMPL","SCM_IMPL","""Credit Card Payment""=""CREDIT_CARD_APPROVED"""
"DOO","CUSTOMER_NOTIFIED","ClickShipCollect4","30","1","N","SCM_IMPL","SCM_IMPL","""NotifyCustomer""=""CUSTOMER_NOTIFIED"""
"DOO","PICKED","ClickShipCollect4","60","1","N","SCM_IMPL","SCM_IMPL","""DOO_Ship""=""PICKED""OR""CustomerPickup""=""PICKED"""
"DOO","RESERVED","ClickShipCollect4","20","1","N","SCM_IMPL","SCM_IMPL","""DOO_Reserve""=""RESERVED"""
"DOO","SCHEDULED","ClickShipCollect4","10","1","N","SCM_IMPL","SCM_IMPL","""DOO_Schedule""=""SCHEDULED"""
"DOO","SHIPPED","ClickShipCollect4","70","1","N","SCM_IMPL","SCM_IMPL","""DOO_Ship""=""SHIPPED""OR""CustomerPickup""=""SHIPPED"""
"DOO","SKU_PICKED","ClickShipCollect4","25","1","N","SCM_IMPL","SCM_IMPL","""NotifyStoretoPickSKU""=""SKU_PICKED"""
"DOO","PICKED","ShipOrderGenericProcessIA1","50","2","N","SCM_IMPL","SCM_IMPL","""DOO_Ship""=""PICKED"""
"DOO","RESERVED","ShipOrderGenericProcessIA1","20","2","N","SCM_IMPL","SCM_IMPL","""DOO_Reserve""=""RESERVED"""
"DOO","RES_MANUAL","ShipOrderGenericProcessIA1","120","2","N","SCM_IMPL","SCM_IMPL","""DOO_Reserve""=""USER_ACTION"""
"DOO","SCHEDULED","ShipOrderGenericProcessIA1","10","2","N","SCM_IMPL","SCM_IMPL","""DOO_Schedule""=""SCHEDULED"""
"DOO","SCH_MANUAL","ShipOrderGenericProcessIA1","110","2","N","SCM_IMPL","SCM_IMPL","""DOO_Schedule""=""USER_ACTION"""
"DOO","SHIPPED","ShipOrderGenericProcessIA1","60","2","N","SCM_IMPL","SCM_IMPL","""DOO_Ship""=""SHIPPED"""
"DOO","AWAIT_BILLING","ShipOrderGenericProcessSA1","70","1","N","SCM_IMPL","SCM_IMPL","""DOO_Invoice""=""AWAIT_BILLING"""
"DOO","AWAIT_OTHER_LINES","ShipOrderGenericProcessSA1","65","1","N","SCM_IMPL","SCM_IMPL","""DOO_Pause""=""WAITING"""
"DOO","AWAIT_SHIP","ShipOrderGenericProcessSA1","30","1","N","SCM_IMPL","SCM_IMPL","""DOO_Ship""=""AWAIT_SHIP""OR""DOO_Ship""=""VARIOUS"""
"DOO","BACKORDERED","ShipOrderGenericProcessSA1","40","1","N","SCM_IMPL","SCM_IMPL","""DOO_Ship""=""BACKORDERED"""
"DOO","BILLED","ShipOrderGenericProcessSA1","80","1","N","SCM_IMPL","SCM_IMPL","""DOO_Invoice""=""BILLED"""
"DOO","PARTIAL_BACK","ShipOrderGenericProcessSA1","100","1","N","SCM_IMPL","SCM_IMPL","""DOO_Ship""=""PARTIAL_BACK"""
"DOO","PARTIAL_PICK","ShipOrderGenericProcessSA1","90","1","N","SCM_IMPL","SCM_IMPL","""DOO_Ship""=""PARTIAL_PICK"""
"DOO","PICKED","ShipOrderGenericProcessSA1","50","1","N","SCM_IMPL","SCM_IMPL","""DOO_Ship""=""PICKED"""
"DOO","RESERVED","ShipOrderGenericProcessSA1","20","1","N","SCM_IMPL","SCM_IMPL","""DOO_Reserve""=""RESERVED"""
"DOO","RES_MANUAL","ShipOrderGenericProcessSA1","120","1","N","SCM_IMPL","SCM_IMPL","""DOO_Reserve""=""USER_ACTION"""
"DOO","SCHEDULED","ShipOrderGenericProcessSA1","10","1","N","SCM_IMPL","SCM_IMPL","""DOO_Schedule""=""SCHEDULED"""
"DOO","SCH_MANUAL","ShipOrderGenericProcessSA1","110","1","N","SCM_IMPL","SCM_IMPL","""DOO_Schedule""=""USER_ACTION"""
"DOO","SHIPPED","ShipOrderGenericProcessSA1","60","1","N","SCM_IMPL","SCM_IMPL","""DOO_Ship""=""SHIPPED"""
"DOO","ACT_SCHEDULED","CustomDOO_GSE_GOP_OrderFulfillmentGenericProcess","100","1","N","SCM_IMPL","SCM_IMPL","""DOO_Schedule""=""SCHEDULED"""
"DOO","AWAIT_BILLING","CustomDOO_GSE_GOP_OrderFulfillmentGenericProcess","1000","1","N","SCM_IMPL","SCM_IMPL","""DOO_Invoice""=""AWAIT_BILLING"""
"DOO","AWAIT_FLINE_AGGREGATE","CustomDOO_GSE_GOP_OrderFulfillmentGenericProcess","110","1","N","SCM_IMPL","SCM_IMPL","""DOO_Procure""=""AWAIT_FLINE_AGGREGATE"""
"DOO","AWAIT_FULFILLMENT","CustomDOO_GSE_GOP_OrderFulfillmentGenericProcess","120","1","N","SCM_IMPL","SCM_IMPL","""DOO_Procure""=""AWAIT_FULFILLMENT"""
"DOO","AWAIT_SHIP","CustomDOO_GSE_GOP_OrderFulfillmentGenericProcess","150","1","N","SCM_IMPL","SCM_IMPL","""DOO_Procure""=""AWAIT_SHIP""OR""DOO_Procure""=""VARIOUS"""
"DOO","AWAIT_SHIP","CustomDOO_GSE_GOP_OrderFulfillmentGenericProcess","220","1","N","SCM_IMPL","SCM_IMPL","""DOO_SHIP_BACK_TO_BACK""=""AWAIT_SHIP""OR""DOO_SHIP_BACK_TO_BACK""=""VARIOUS"""
"DOO","AWAIT_SHIP","CustomDOO_GSE_GOP_OrderFulfillmentGenericProcess","600","1","N","SCM_IMPL","SCM_IMPL","""DOO_Ship""=""AWAIT_SHIP""OR""DOO_Ship""=""VARIOUS"""
"DOO","BACKORDERED","CustomDOO_GSE_GOP_OrderFulfillmentGenericProcess","230","1","N","SCM_IMPL","SCM_IMPL","""DOO_SHIP_BACK_TO_BACK""=""BACKORDERED"""
"DOO","BACKORDERED","CustomDOO_GSE_GOP_OrderFulfillmentGenericProcess","700","1","N","SCM_IMPL","SCM_IMPL","""DOO_Ship""=""BACKORDERED"""
"DOO","BILLED","CustomDOO_GSE_GOP_OrderFulfillmentGenericProcess","1100","1","N","SCM_IMPL","SCM_IMPL","""DOO_Invoice""=""BILLED"""
"DOO","DOO_PO_CHANGE_REJECTED","CustomDOO_GSE_GOP_OrderFulfillmentGenericProcess","170","1","N","SCM_IMPL","SCM_IMPL","""DOO_Procure""=""DOO_PO_CHANGE_REJECTED"""
"DOO","DOO_PRC_CANCEL","CustomDOO_GSE_GOP_OrderFulfillmentGenericProcess","190","1","N","SCM_IMPL","SCM_IMPL","""DOO_Procure""=""DOO_PRC_CANCEL"""
"DOO","DOO_REQ_CREATED","CustomDOO_GSE_GOP_OrderFulfillmentGenericProcess","140","1","N","SCM_IMPL","SCM_IMPL","""DOO_Procure""=""DOO_REQ_CREATED"""
"DOO","DOO_REQ_REQUESTED","CustomDOO_GSE_GOP_OrderFulfillmentGenericProcess","130","1","N","SCM_IMPL","SCM_IMPL","""DOO_Procure""=""DOO_REQ_REQUESTED"""
"DOO","DOO_SUPPLY_REQ_COMPLETE","CustomDOO_GSE_GOP_OrderFulfillmentGenericProcess","200","1","N","SCM_IMPL","SCM_IMPL","""DOO_Supply_Orchestration""=""DOO_SUPPLY_REQ_COMPLETE"""
"DOO","PARTIAL_BACK","CustomDOO_GSE_GOP_OrderFulfillmentGenericProcess","300","1","N","SCM_IMPL","SCM_IMPL","""DOO_SHIP_BACK_TO_BACK""=""PARTIAL_BACK"""
"DOO","PARTIAL_BACK","CustomDOO_GSE_GOP_OrderFulfillmentGenericProcess","1300","1","N","SCM_IMPL","SCM_IMPL","""DOO_Ship""=""PARTIAL_BACK"""
"DOO","PARTIAL_PICK","CustomDOO_GSE_GOP_OrderFulfillmentGenericProcess","250","1","N","SCM_IMPL","SCM_IMPL","""DOO_SHIP_BACK_TO_BACK""=""PARTIAL_PICK"""
"DOO","PARTIAL_PICK","CustomDOO_GSE_GOP_OrderFulfillmentGenericProcess","1200","1","N","SCM_IMPL","SCM_IMPL","""DOO_Ship""=""PARTIAL_PICK"""
"DOO","PICKED","CustomDOO_GSE_GOP_OrderFulfillmentGenericProcess","240","1","N","SCM_IMPL","SCM_IMPL","""DOO_SHIP_BACK_TO_BACK""=""PICKED"""
"DOO","PICKED","CustomDOO_GSE_GOP_OrderFulfillmentGenericProcess","800","1","N","SCM_IMPL","SCM_IMPL","""DOO_Ship""=""PICKED"""
"DOO","RESERVED","CustomDOO_GSE_GOP_OrderFulfillmentGenericProcess","500","1","N","SCM_IMPL","SCM_IMPL","""DOO_Reserve""=""RESERVED"""
"DOO","RES_MANUAL","CustomDOO_GSE_GOP_OrderFulfillmentGenericProcess","1500","1","N","SCM_IMPL","SCM_IMPL","""DOO_Reserve""=""USER_ACTION"""
"DOO","SCH_MANUAL","CustomDOO_GSE_GOP_OrderFulfillmentGenericProcess","1400","1","N","SCM_IMPL","SCM_IMPL","""DOO_Schedule""=""USER_ACTION"""
"DOO","SHIPPED","CustomDOO_GSE_GOP_OrderFulfillmentGenericProcess","160","1","N","SCM_IMPL","SCM_IMPL","""DOO_Procure""=""SHIPPED"""
"DOO","STARTED","CustomDOO_CloseOrder","10","1","N","SCM_IMPL","SCM_IMPL","""DOO_Pause""=""STARTED"""
"DOO","AWAIT_SHIP","CustomDOO_GSEE360_OrderFulfillmentGenericProcess","600","1","N","SCM_IMPL","SCM_IMPL","""DOO_Ship""=""AWAIT_SHIP""OR""DOO_Ship""=""VARIOUS"""
"DOO","BACKORDERED","CustomDOO_GSEE360_OrderFulfillmentGenericProcess","230","1","N","SCM_IMPL","SCM_IMPL","""DOO_SHIP_BACK_TO_BACK""=""BACKORDERED"""
"DOO","BACKORDERED","CustomDOO_GSEE360_OrderFulfillmentGenericProcess","700","1","N","SCM_IMPL","SCM_IMPL","""DOO_Ship""=""BACKORDERED"""
"DOO","BILLED","CustomDOO_GSEE360_OrderFulfillmentGenericProcess","1100","1","N","SCM_IMPL","SCM_IMPL","""DOO_Invoice""=""BILLED"""
"DOO","DOO_PO_CHANGE_REJECTED","CustomDOO_GSEE360_OrderFulfillmentGenericProcess","170","1","N","SCM_IMPL","SCM_IMPL","""DOO_Procure""=""DOO_PO_CHANGE_REJECTED"""
"DOO","DOO_PRC_CANCEL","CustomDOO_GSEE360_OrderFulfillmentGenericProcess","190","1","N","SCM_IMPL","SCM_IMPL","""DOO_Procure""=""DOO_PRC_CANCEL"""
"DOO","DOO_REQ_CREATED","CustomDOO_GSEE360_OrderFulfillmentGenericProcess","140","1","N","SCM_IMPL","SCM_IMPL","""DOO_Procure""=""DOO_REQ_CREATED"""
"DOO","DOO_REQ_REQUESTED","CustomDOO_GSEE360_OrderFulfillmentGenericProcess","130","1","N","SCM_IMPL","SCM_IMPL","""DOO_Procure""=""DOO_REQ_REQUESTED"""
"DOO","DOO_SUPPLY_REQ_COMPLETE","CustomDOO_GSEE360_OrderFulfillmentGenericProcess","200","1","N","SCM_IMPL","SCM_IMPL","""DOO_Supply_Orchestration""=""DOO_SUPPLY_REQ_COMPLETE"""
"DOO","PARTIAL_BACK","CustomDOO_GSEE360_OrderFulfillmentGenericProcess","300","1","N","SCM_IMPL","SCM_IMPL","""DOO_SHIP_BACK_TO_BACK""=""PARTIAL_BACK"""
"DOO","PARTIAL_BACK","CustomDOO_GSEE360_OrderFulfillmentGenericProcess","1300","1","N","SCM_IMPL","SCM_IMPL","""DOO_Ship""=""PARTIAL_BACK"""
"DOO","PARTIAL_PICK","CustomDOO_GSEE360_OrderFulfillmentGenericProcess","250","1","N","SCM_IMPL","SCM_IMPL","""DOO_SHIP_BACK_TO_BACK""=""PARTIAL_PICK"""
"DOO","PARTIAL_PICK","CustomDOO_GSEE360_OrderFulfillmentGenericProcess","1200","1","N","SCM_IMPL","SCM_IMPL","""DOO_Ship""=""PARTIAL_PICK"""
"DOO","PICKED","CustomDOO_GSEE360_OrderFulfillmentGenericProcess","240","1","N","SCM_IMPL","SCM_IMPL","""DOO_SHIP_BACK_TO_BACK""=""PICKED"""
"DOO","PICKED","CustomDOO_GSEE360_OrderFulfillmentGenericProcess","800","1","N","SCM_IMPL","SCM_IMPL","""DOO_Ship""=""PICKED"""
"DOO","RESERVED","CustomDOO_GSEE360_OrderFulfillmentGenericProcess","500","1","N","SCM_IMPL","SCM_IMPL","""DOO_Reserve""=""RESERVED"""
"DOO","RES_MANUAL","CustomDOO_GSEE360_OrderFulfillmentGenericProcess","1500","1","N","SCM_IMPL","SCM_IMPL","""DOO_Reserve""=""USER_ACTION"""
"DOO","SCH_MANUAL","CustomDOO_GSEE360_OrderFulfillmentGenericProcess","1400","1","N","SCM_IMPL","SCM_IMPL","""DOO_Schedule""=""USER_ACTION"""
"DOO","SHIPPED","CustomDOO_GSEE360_OrderFulfillmentGenericProcess","160","1","N","SCM_IMPL","SCM_IMPL","""DOO_Procure""=""SHIPPED"""
"DOO","SHIPPED","CustomDOO_GSEE360_OrderFulfillmentGenericProcess","400","1","N","SCM_IMPL","SCM_IMPL","""DOO_SHIP_BACK_TO_BACK""=""SHIPPED"""
"DOO","SHIPPED","CustomDOO_GSEE360_OrderFulfillmentGenericProcess","900","1","N","SCM_IMPL","SCM_IMPL","""DOO_Ship""=""SHIPPED"""
"DOO","WAITING","CustomDOO_GSEE360_OrderFulfillmentGenericProcess","210","1","N","SCM_IMPL","SCM_IMPL","""DOO_Pause""=""WAITING"""
"DOO","SHIPPED","CustomDOO_GSE_GOP_OrderFulfillmentGenericProcess","400","1","N","SCM_IMPL","SCM_IMPL","""DOO_SHIP_BACK_TO_BACK""=""SHIPPED"""
"DOO","SHIPPED","CustomDOO_GSE_GOP_OrderFulfillmentGenericProcess","900","1","N","SCM_IMPL","SCM_IMPL","""DOO_Ship""=""SHIPPED"""
"DOO","WAITING","CustomDOO_GSE_GOP_OrderFulfillmentGenericProcess","210","1","N","SCM_IMPL","SCM_IMPL","""DOO_Pause""=""WAITING"""
"DOO","ACT_SCHEDULED","CustomDOO_GSE_Asset_OrderFulfillmentGenericProcess","100","1","N","SCM_IMPL","SCM_IMPL","""DOO_Schedule""=""SCHEDULED"""
"DOO","AWAIT_BILLING","CustomDOO_GSE_Asset_OrderFulfillmentGenericProcess","1000","1","N","SCM_IMPL","SCM_IMPL","""DOO_Invoice""=""AWAIT_BILLING"""
"DOO","AWAIT_FLINE_AGGREGATE","CustomDOO_GSE_Asset_OrderFulfillmentGenericProcess","110","1","N","SCM_IMPL","SCM_IMPL","""DOO_Procure""=""AWAIT_FLINE_AGGREGATE"""
"DOO","AWAIT_FULFILLMENT","CustomDOO_GSE_Asset_OrderFulfillmentGenericProcess","120","1","N","SCM_IMPL","SCM_IMPL","""DOO_Procure""=""AWAIT_FULFILLMENT"""
"DOO","AWAIT_SHIP","CustomDOO_GSE_Asset_OrderFulfillmentGenericProcess","150","1","N","SCM_IMPL","SCM_IMPL","""DOO_Procure""=""AWAIT_SHIP""OR""DOO_Procure""=""VARIOUS"""
"DOO","AWAIT_SHIP","CustomDOO_GSE_Asset_OrderFulfillmentGenericProcess","220","1","N","SCM_IMPL","SCM_IMPL","""DOO_SHIP_BACK_TO_BACK""=""AWAIT_SHIP""OR""DOO_SHIP_BACK_TO_BACK""=""VARIOUS"""
"DOO","AWAIT_SHIP","CustomDOO_GSE_Asset_OrderFulfillmentGenericProcess","600","1","N","SCM_IMPL","SCM_IMPL","""DOO_Ship""=""AWAIT_SHIP""OR""DOO_Ship""=""VARIOUS"""
"DOO","BACKORDERED","CustomDOO_GSE_Asset_OrderFulfillmentGenericProcess","230","1","N","SCM_IMPL","SCM_IMPL","""DOO_SHIP_BACK_TO_BACK""=""BACKORDERED"""
"DOO","BACKORDERED","CustomDOO_GSE_Asset_OrderFulfillmentGenericProcess","700","1","N","SCM_IMPL","SCM_IMPL","""DOO_Ship""=""BACKORDERED"""
"DOO","BILLED","CustomDOO_GSE_Asset_OrderFulfillmentGenericProcess","1100","1","N","SCM_IMPL","SCM_IMPL","""DOO_Invoice""=""BILLED"""
"DOO","DOO_PO_CHANGE_REJECTED","CustomDOO_GSE_Asset_OrderFulfillmentGenericProcess","170","1","N","SCM_IMPL","SCM_IMPL","""DOO_Procure""=""DOO_PO_CHANGE_REJECTED"""
"DOO","DOO_PRC_CANCEL","CustomDOO_GSE_Asset_OrderFulfillmentGenericProcess","190","1","N","SCM_IMPL","SCM_IMPL","""DOO_Procure""=""DOO_PRC_CANCEL"""
"DOO","DOO_REQ_CREATED","CustomDOO_GSE_Asset_OrderFulfillmentGenericProcess","140","1","N","SCM_IMPL","SCM_IMPL","""DOO_Procure""=""DOO_REQ_CREATED"""
"DOO","DOO_REQ_REQUESTED","CustomDOO_GSE_Asset_OrderFulfillmentGenericProcess","130","1","N","SCM_IMPL","SCM_IMPL","""DOO_Procure""=""DOO_REQ_REQUESTED"""
"DOO","DOO_SUPPLY_REQ_COMPLETE","CustomDOO_GSE_Asset_OrderFulfillmentGenericProcess","200","1","N","SCM_IMPL","SCM_IMPL","""DOO_Supply_Orchestration""=""DOO_SUPPLY_REQ_COMPLETE"""
"DOO","PARTIAL_BACK","CustomDOO_GSE_Asset_OrderFulfillmentGenericProcess","300","1","N","SCM_IMPL","SCM_IMPL","""DOO_SHIP_BACK_TO_BACK""=""PARTIAL_BACK"""
"DOO","PARTIAL_BACK","CustomDOO_GSE_Asset_OrderFulfillmentGenericProcess","1300","1","N","SCM_IMPL","SCM_IMPL","""DOO_Ship""=""PARTIAL_BACK"""
"DOO","PARTIAL_PICK","CustomDOO_GSE_Asset_OrderFulfillmentGenericProcess","250","1","N","SCM_IMPL","SCM_IMPL","""DOO_SHIP_BACK_TO_BACK""=""PARTIAL_PICK"""
"DOO","PARTIAL_PICK","CustomDOO_GSE_Asset_OrderFulfillmentGenericProcess","1200","1","N","SCM_IMPL","SCM_IMPL","""DOO_Ship""=""PARTIAL_PICK"""
"DOO","PICKED","CustomDOO_GSE_Asset_OrderFulfillmentGenericProcess","240","1","N","SCM_IMPL","SCM_IMPL","""DOO_SHIP_BACK_TO_BACK""=""PICKED"""
"DOO","PICKED","CustomDOO_GSE_Asset_OrderFulfillmentGenericProcess","800","1","N","SCM_IMPL","SCM_IMPL","""DOO_Ship""=""PICKED"""
"DOO","RESERVED","CustomDOO_GSE_Asset_OrderFulfillmentGenericProcess","500","1","N","SCM_IMPL","SCM_IMPL","""DOO_Reserve""=""RESERVED"""
"DOO","RES_MANUAL","CustomDOO_GSE_Asset_OrderFulfillmentGenericProcess","1500","1","N","SCM_IMPL","SCM_IMPL","""DOO_Reserve""=""USER_ACTION"""
"DOO","SCH_MANUAL","CustomDOO_GSE_Asset_OrderFulfillmentGenericProcess","1400","1","N","SCM_IMPL","SCM_IMPL","""DOO_Schedule""=""USER_ACTION"""
"DOO","SHIPPED","CustomDOO_GSE_Asset_OrderFulfillmentGenericProcess","160","1","N","SCM_IMPL","SCM_IMPL","""DOO_Procure""=""SHIPPED"""
"DOO","SHIPPED","CustomDOO_GSE_Asset_OrderFulfillmentGenericProcess","400","1","N","SCM_IMPL","SCM_IMPL","""DOO_SHIP_BACK_TO_BACK""=""SHIPPED"""
"DOO","SHIPPED","CustomDOO_GSE_Asset_OrderFulfillmentGenericProcess","900","1","N","SCM_IMPL","SCM_IMPL","""DOO_Ship""=""SHIPPED"""
"DOO","WAITING","CustomDOO_GSE_Asset_OrderFulfillmentGenericProcess","210","1","N","SCM_IMPL","SCM_IMPL","""DOO_Pause""=""WAITING"""
"DOO","RECEIVING_COMP","CustomDOO_GSE_Asset_ReturnOrderGenericProcess","10","1","N","SCM_IMPL","SCM_IMPL","""DOO_Return_Receipt""=""COMPLETED_VAR"""
"DOO","AWAIT_RECEIVING","CustomDOO_GSE_Asset_ReturnOrderGenericProcess","20","1","N","SCM_IMPL","SCM_IMPL","""DOO_Return_Receipt""=""AWAIT_RECEIVING"""
"DOO","RECEIVED","CustomDOO_GSE_Asset_ReturnOrderGenericProcess","30","1","N","SCM_IMPL","SCM_IMPL","""DOO_Return_Receipt""=""RECEIVED"""
"DOO","DELIVERED","CustomDOO_GSE_Asset_ReturnOrderGenericProcess","40","1","N","SCM_IMPL","SCM_IMPL","""DOO_Return_Receipt""=""DELIVERED"""
"DOO","RETURNED","CustomDOO_GSE_Asset_ReturnOrderGenericProcess","50","1","N","SCM_IMPL","SCM_IMPL","""DOO_Return_Receipt""=""RETURNED"""
"DOO","PARTIAL_REC","CustomDOO_GSE_Asset_ReturnOrderGenericProcess","60","1","N","SCM_IMPL","SCM_IMPL","""DOO_Return_Receipt""=""PARTIAL_REC"""
"DOO","ASSET_COMPLETED","CustomDOO_GSE_Asset_OrderFulfillmentGenericProcess","950","1","N","SCM_IMPL","SCM_IMPL","""DOO_AssetManagement""=""ASSET_COMPLETED"""
"DOO","ASSET_COMPLETED","CustomDOO_GSE_Asset_ReturnOrderGenericProcess","70","1","N","SCM_IMPL","SCM_IMPL","""DOO_AssetManagement""=""ASSET_COMPLETED"""
"DOO","AWAIT_BILLING","CustomDOO_GSE_Asset_ReturnOrderGenericProcess","80","1","N","SCM_IMPL","SCM_IMPL","""DOO_Invoice""=""AWAIT_BILLING"""
"DOO","BILLED","CustomDOO_GSE_Asset_ReturnOrderGenericProcess","90","1","N","SCM_IMPL","SCM_IMPL","""DOO_Invoice""=""BILLED"""
"DOO","ACT_SCHEDULED","CustomDOO_GSE_PDSC_Asset_OrderFulfillmentGenericProcess","100","1","N","SCM_IMPL","SCM_IMPL","""DOO_Schedule""=""SCHEDULED"""
"DOO","ASSET_COMPLETED","CustomDOO_GSE_PDSC_Asset_OrderFulfillmentGenericProcess","950","1","N","SCM_IMPL","SCM_IMPL","""DOO_AssetManagement""=""ASSET_COMPLETED"""
"DOO","AWAIT_FLINE_AGGREGATE","CustomDOO_GSE_PDSC_Asset_OrderFulfillmentGenericProcess","110","1","N","SCM_IMPL","SCM_IMPL","""DOO_Procure""=""AWAIT_FLINE_AGGREGATE"""
"DOO","AWAIT_FULFILLMENT","CustomDOO_GSE_PDSC_Asset_OrderFulfillmentGenericProcess","120","1","N","SCM_IMPL","SCM_IMPL","""DOO_Procure""=""AWAIT_FULFILLMENT"""
"DOO","AWAIT_SHIP","CustomDOO_GSE_PDSC_Asset_OrderFulfillmentGenericProcess","150","1","N","SCM_IMPL","SCM_IMPL","""DOO_Procure""=""AWAIT_SHIP""OR""DOO_Procure""=""VARIOUS"""
"DOO","AWAIT_SHIP","CustomDOO_GSE_PDSC_Asset_OrderFulfillmentGenericProcess","220","1","N","SCM_IMPL","SCM_IMPL","""DOO_SHIP_BACK_TO_BACK""=""AWAIT_SHIP""OR""DOO_SHIP_BACK_TO_BACK""=""VARIOUS"""
"DOO","AWAIT_SHIP","CustomDOO_GSE_PDSC_Asset_OrderFulfillmentGenericProcess","600","1","N","SCM_IMPL","SCM_IMPL","""DOO_Ship""=""AWAIT_SHIP""OR""DOO_Ship""=""VARIOUS"""
"DOO","BACKORDERED","CustomDOO_GSE_PDSC_Asset_OrderFulfillmentGenericProcess","230","1","N","SCM_IMPL","SCM_IMPL","""DOO_SHIP_BACK_TO_BACK""=""BACKORDERED"""
"DOO","BACKORDERED","CustomDOO_GSE_PDSC_Asset_OrderFulfillmentGenericProcess","700","1","N","SCM_IMPL","SCM_IMPL","""DOO_Ship""=""BACKORDERED"""
"DOO","DOO_PO_CHANGE_REJECTED","CustomDOO_GSE_PDSC_Asset_OrderFulfillmentGenericProcess","170","1","N","SCM_IMPL","SCM_IMPL","""DOO_Procure""=""DOO_PO_CHANGE_REJECTED"""
"DOO","DOO_PRC_CANCEL","CustomDOO_GSE_PDSC_Asset_OrderFulfillmentGenericProcess","190","1","N","SCM_IMPL","SCM_IMPL","""DOO_Procure""=""DOO_PRC_CANCEL"""
"DOO","DOO_REQ_CREATED","CustomDOO_GSE_PDSC_Asset_OrderFulfillmentGenericProcess","140","1","N","SCM_IMPL","SCM_IMPL","""DOO_Procure""=""DOO_REQ_CREATED"""
"DOO","DOO_REQ_REQUESTED","CustomDOO_GSE_PDSC_Asset_OrderFulfillmentGenericProcess","130","1","N","SCM_IMPL","SCM_IMPL","""DOO_Procure""=""DOO_REQ_REQUESTED"""
"DOO","DOO_SUPPLY_REQ_COMPLETE","CustomDOO_GSE_PDSC_Asset_OrderFulfillmentGenericProcess","200","1","N","SCM_IMPL","SCM_IMPL","""DOO_Supply_Orchestration""=""DOO_SUPPLY_REQ_COMPLETE"""
"DOO","PARTIAL_BACK","CustomDOO_GSE_PDSC_Asset_OrderFulfillmentGenericProcess","300","1","N","SCM_IMPL","SCM_IMPL","""DOO_SHIP_BACK_TO_BACK""=""PARTIAL_BACK"""
"DOO","PARTIAL_BACK","CustomDOO_GSE_PDSC_Asset_OrderFulfillmentGenericProcess","1300","1","N","SCM_IMPL","SCM_IMPL","""DOO_Ship""=""PARTIAL_BACK"""
"DOO","PARTIAL_PICK","CustomDOO_GSE_PDSC_Asset_OrderFulfillmentGenericProcess","250","1","N","SCM_IMPL","SCM_IMPL","""DOO_SHIP_BACK_TO_BACK""=""PARTIAL_PICK"""
"DOO","PARTIAL_PICK","CustomDOO_GSE_PDSC_Asset_OrderFulfillmentGenericProcess","1200","1","N","SCM_IMPL","SCM_IMPL","""DOO_Ship""=""PARTIAL_PICK"""
"DOO","PICKED","CustomDOO_GSE_PDSC_Asset_OrderFulfillmentGenericProcess","240","1","N","SCM_IMPL","SCM_IMPL","""DOO_SHIP_BACK_TO_BACK""=""PICKED"""
"DOO","PICKED","CustomDOO_GSE_PDSC_Asset_OrderFulfillmentGenericProcess","800","1","N","SCM_IMPL","SCM_IMPL","""DOO_Ship""=""PICKED"""
"DOO","RESERVED","CustomDOO_GSE_PDSC_Asset_OrderFulfillmentGenericProcess","500","1","N","SCM_IMPL","SCM_IMPL","""DOO_Reserve""=""RESERVED"""
"DOO","RES_MANUAL","CustomDOO_GSE_PDSC_Asset_OrderFulfillmentGenericProcess","1500","1","N","SCM_IMPL","SCM_IMPL","""DOO_Reserve""=""USER_ACTION"""
"DOO","SCH_MANUAL","CustomDOO_GSE_PDSC_Asset_OrderFulfillmentGenericProcess","1400","1","N","SCM_IMPL","SCM_IMPL","""DOO_Schedule""=""USER_ACTION"""
"DOO","SHIPPED","CustomDOO_GSE_PDSC_Asset_OrderFulfillmentGenericProcess","160","1","N","SCM_IMPL","SCM_IMPL","""DOO_Procure""=""SHIPPED"""
"DOO","SHIPPED","CustomDOO_GSE_PDSC_Asset_OrderFulfillmentGenericProcess","400","1","N","SCM_IMPL","SCM_IMPL","""DOO_SHIP_BACK_TO_BACK""=""SHIPPED"""
"DOO","SHIPPED","CustomDOO_GSE_PDSC_Asset_OrderFulfillmentGenericProcess","900","1","N","SCM_IMPL","SCM_IMPL","""DOO_Ship""=""SHIPPED"""
"DOO","WAITING","CustomDOO_GSE_PDSC_Asset_OrderFulfillmentGenericProcess","210","1","N","SCM_IMPL","SCM_IMPL","""DOO_Pause""=""WAITING"""
"DOO","DOO_TP_PLANNED","CustomDOO_DS_ShipOrderGenericProcess_Transportation","28","1","N","SCM_IMPL","SCM_IMPL","""DOO_TransportationPlanning""=""DOO_TP_PLANNED"""
"DOO","AWAIT_BILLING","CustomDOO_DS_ShipOrderGenericProcess_Transportation_TEST_PAUSE_WITH_DELIVERY_STA","70","1","N","SCM_IMPL","SCM_IMPL","""DOO_Invoice""=""AWAIT_BILLING"""
"DOO","AWAIT_SHIP","CustomDOO_DS_ShipOrderGenericProcess_Transportation_TEST_PAUSE_WITH_DELIVERY_STA","30","1","N","SCM_IMPL","SCM_IMPL","""DOO_Ship""=""AWAIT_SHIP""OR""DOO_Ship""=""VARIOUS"""
"DOO","BACKORDERED","CustomDOO_DS_ShipOrderGenericProcess_Transportation_TEST_PAUSE_WITH_DELIVERY_STA","40","1","N","SCM_IMPL","SCM_IMPL","""DOO_Ship""=""BACKORDERED"""
"DOO","BILLED","CustomDOO_DS_ShipOrderGenericProcess_Transportation_TEST_PAUSE_WITH_DELIVERY_STA","80","1","N","SCM_IMPL","SCM_IMPL","""DOO_Invoice""=""BILLED"""
"DOO","DOO_TP_AWAIT_ACCEPT","CustomDOO_DS_ShipOrderGenericProcess_Transportation_TEST_PAUSE_WITH_DELIVERY_STA","22","1","N","SCM_IMPL","SCM_IMPL","""DOO_TransportationPlanning""=""DOO_TP_AWAIT_ACCEPT"""
"DOO","DOO_TP_PLANNED","CustomDOO_DS_ShipOrderGenericProcess_Transportation_TEST_PAUSE_WITH_DELIVERY_STA","28","1","N","SCM_IMPL","SCM_IMPL","""DOO_TransportationPlanning""=""DOO_TP_PLANNED"""
"DOO","DOO_TP_REQ_ACCEPTED","CustomDOO_DS_ShipOrderGenericProcess_Transportation_TEST_PAUSE_WITH_DELIVERY_STA","24","1","N","SCM_IMPL","SCM_IMPL","""DOO_TransportationPlanning""=""DOO_TP_REQ_ACCEPTED"""
"DOO","DOO_TP_REQ_REJECTED","CustomDOO_DS_ShipOrderGenericProcess_Transportation_TEST_PAUSE_WITH_DELIVERY_STA","26","1","N","SCM_IMPL","SCM_IMPL","""DOO_TransportationPlanning""=""DOO_TP_REQ_REJECTED"""
"DOO","PARTIAL_BACK","CustomDOO_DS_ShipOrderGenericProcess_Transportation_TEST_PAUSE_WITH_DELIVERY_STA","100","1","N","SCM_IMPL","SCM_IMPL","""DOO_Ship""=""PARTIAL_BACK"""
"DOO","PARTIAL_PICK","CustomDOO_DS_ShipOrderGenericProcess_Transportation_TEST_PAUSE_WITH_DELIVERY_STA","90","1","N","SCM_IMPL","SCM_IMPL","""DOO_Ship""=""PARTIAL_PICK"""
"DOO","PICKED","CustomDOO_DS_ShipOrderGenericProcess_Transportation_TEST_PAUSE_WITH_DELIVERY_STA","50","1","N","SCM_IMPL","SCM_IMPL","""DOO_Ship""=""PICKED"""
"DOO","AWAIT_SHIP","CustomDOO_DS_DepotRepair_ShipOrderGenericProcess","1","1","N","SCM_IMPL","SCM_IMPL","""DOO_Ship""=""AWAIT_SHIP""OR""DOO_Ship""=""VARIOUS"""
"DOO","BACKORDERED","CustomDOO_DS_DepotRepair_ShipOrderGenericProcess","2","1","N","SCM_IMPL","SCM_IMPL","""DOO_Ship""=""BACKORDERED"""
"DOO","PICKED","CustomDOO_DS_DepotRepair_ShipOrderGenericProcess","3","1","N","SCM_IMPL","SCM_IMPL","""DOO_Ship""=""PICKED"""
"DOO","SHIPPED","CustomDOO_DS_DepotRepair_ShipOrderGenericProcess","4","1","N","SCM_IMPL","SCM_IMPL","""DOO_Ship""=""SHIPPED"""
"DOO","AWAIT_BILLING","CustomDOO_DS_DepotRepair_ShipOrderGenericProcess","5","1","N","SCM_IMPL","SCM_IMPL","""DOO_Invoice""=""AWAIT_BILLING"""
"DOO","BILLED","CustomDOO_DS_DepotRepair_ShipOrderGenericProcess","6","1","N","SCM_IMPL","SCM_IMPL","""DOO_Invoice""=""BILLED"""
"DOO","PARTIAL_PICK","CustomDOO_DS_DepotRepair_ShipOrderGenericProcess","7","1","N","SCM_IMPL","SCM_IMPL","""DOO_Ship""=""PARTIAL_PICK"""
"DOO","PARTIAL_BACK","CustomDOO_DS_DepotRepair_ShipOrderGenericProcess","8","1","N","SCM_IMPL","SCM_IMPL","""DOO_Ship""=""PARTIAL_BACK"""
"DOO","RESERVED","CustomDOO_DS_ShipOrderGenericProcess_Transportation_TEST_PAUSE_WITH_DELIVERY_STA","20","1","N","SCM_IMPL","SCM_IMPL","""DOO_Reserve""=""RESERVED"""
"DOO","RES_MANUAL","CustomDOO_DS_ShipOrderGenericProcess_Transportation_TEST_PAUSE_WITH_DELIVERY_STA","130","1","N","SCM_IMPL","SCM_IMPL","""DOO_Reserve""=""USER_ACTION"""
"DOO","SCHEDULED","CustomDOO_DS_ShipOrderGenericProcess_Transportation_TEST_PAUSE_WITH_DELIVERY_STA","10","1","N","SCM_IMPL","SCM_IMPL","""DOO_Schedule""=""SCHEDULED"""
"DOO","SCH_MANUAL","CustomDOO_DS_ShipOrderGenericProcess_Transportation_TEST_PAUSE_WITH_DELIVERY_STA","120","1","N","SCM_IMPL","SCM_IMPL","""DOO_Schedule""=""USER_ACTION"""
"DOO","SHIPPED","CustomDOO_DS_ShipOrderGenericProcess_Transportation_TEST_PAUSE_WITH_DELIVERY_STA","60","1","N","SCM_IMPL","SCM_IMPL","""DOO_Ship""=""SHIPPED"""
"DOO","AWAIT_BILLING","CustomDOO_DS_DepotRepair_ShipOrderGenericProcess","5","2","N","SCM_IMPL","SCM_IMPL","""DOO_Invoice""=""AWAIT_BILLING"""
"DOO","AWAIT_SHIP","CustomDOO_DS_DepotRepair_ShipOrderGenericProcess","1","2","N","SCM_IMPL","SCM_IMPL","""DOO_Ship""=""AWAIT_SHIP""OR""DOO_Ship""=""VARIOUS"""
"DOO","BACKORDERED","CustomDOO_DS_DepotRepair_ShipOrderGenericProcess","2","2","N","SCM_IMPL","SCM_IMPL","""DOO_Ship""=""BACKORDERED"""
"DOO","BILLED","CustomDOO_DS_DepotRepair_ShipOrderGenericProcess","6","2","N","SCM_IMPL","SCM_IMPL","""DOO_Invoice""=""BILLED"""
"DOO","PARTIAL_BACK","CustomDOO_DS_DepotRepair_ShipOrderGenericProcess","8","2","N","SCM_IMPL","SCM_IMPL","""DOO_Ship""=""PARTIAL_BACK"""
"DOO","PARTIAL_PICK","CustomDOO_DS_DepotRepair_ShipOrderGenericProcess","7","2","N","SCM_IMPL","SCM_IMPL","""DOO_Ship""=""PARTIAL_PICK"""
"DOO","PICKED","CustomDOO_DS_DepotRepair_ShipOrderGenericProcess","3","2","N","SCM_IMPL","SCM_IMPL","""DOO_Ship""=""PICKED"""
"DOO","SHIPPED","CustomDOO_DS_DepotRepair_ShipOrderGenericProcess","4","2","N","SCM_IMPL","SCM_IMPL","""DOO_Ship""=""SHIPPED"""
"DOO","AWAIT_BILLING","CustomDOO_DS_ShipOrderGenericProcess_Transportation","70","1","","SCM_IMPL","SCM_IMPL","""DOO_Invoice""=""AWAIT_BILLING"""
"DOO","AWAIT_SHIP","CustomDOO_DS_ShipOrderGenericProcess_Transportation","30","1","","SCM_IMPL","SCM_IMPL","""DOO_Ship""=""AWAIT_SHIP""OR""DOO_Ship""=""VARIOUS"""
"DOO","BACKORDERED","CustomDOO_DS_ShipOrderGenericProcess_Transportation","40","1","","SCM_IMPL","SCM_IMPL","""DOO_Ship""=""BACKORDERED"""
"DOO","BILLED","CustomDOO_DS_ShipOrderGenericProcess_Transportation","80","1","","SCM_IMPL","SCM_IMPL","""DOO_Invoice""=""BILLED"""
"DOO","PARTIAL_BACK","CustomDOO_DS_ShipOrderGenericProcess_Transportation","100","1","","SCM_IMPL","SCM_IMPL","""DOO_Ship""=""PARTIAL_BACK"""
"DOO","PARTIAL_PICK","CustomDOO_DS_ShipOrderGenericProcess_Transportation","90","1","","SCM_IMPL","SCM_IMPL","""DOO_Ship""=""PARTIAL_PICK"""
"DOO","PICKED","CustomDOO_DS_ShipOrderGenericProcess_Transportation","50","1","","SCM_IMPL","SCM_IMPL","""DOO_Ship""=""PICKED"""
"DOO","RESERVED","CustomDOO_DS_ShipOrderGenericProcess_Transportation","20","1","","SCM_IMPL","SCM_IMPL","""DOO_Reserve""=""RESERVED"""
"DOO","RES_MANUAL","CustomDOO_DS_ShipOrderGenericProcess_Transportation","130","1","","SCM_IMPL","SCM_IMPL","""DOO_Reserve""=""USER_ACTION"""
"DOO","SCHEDULED","CustomDOO_DS_ShipOrderGenericProcess_Transportation","10","1","","SCM_IMPL","SCM_IMPL","""DOO_Schedule""=""SCHEDULED"""
"DOO","SCH_MANUAL","CustomDOO_DS_ShipOrderGenericProcess_Transportation","120","1","","SCM_IMPL","SCM_IMPL","""DOO_Schedule""=""USER_ACTION"""
"DOO","SHIPPED","CustomDOO_DS_ShipOrderGenericProcess_Transportation","60","1","","SCM_IMPL","SCM_IMPL","""DOO_Ship""=""SHIPPED"""
"DOO","DOO_TP_AWAIT_ACCEPT","CustomDOO_DS_ShipOrderGenericProcess_Transportation","22","1","N","SCM_IMPL","SCM_IMPL","""DOO_TransportationPlanning""=""DOO_TP_AWAIT_ACCEPT"""
"DOO","DOO_TP_REQ_ACCEPTED","CustomDOO_DS_ShipOrderGenericProcess_Transportation","24","1","N","SCM_IMPL","SCM_IMPL","""DOO_TransportationPlanning""=""DOO_TP_REQ_ACCEPTED"""
"DOO","DOO_TP_REQ_REJECTED","CustomDOO_DS_ShipOrderGenericProcess_Transportation","26","1","N","SCM_IMPL","SCM_IMPL","""DOO_TransportationPlanning""=""DOO_TP_REQ_REJECTED"""
"DOO","AWAIT_BILLING","CustomDOO_DS_ShipOrderGenericProcess_Transportation_FINAL","70","1","N","SCM_IMPL","SCM_IMPL","""DOO_Invoice""=""AWAIT_BILLING"""
"DOO","AWAIT_SHIP","CustomDOO_DS_ShipOrderGenericProcess_Transportation_FINAL","30","1","N","SCM_IMPL","SCM_IMPL","""DOO_Ship""=""AWAIT_SHIP""OR""DOO_Ship""=""VARIOUS"""
"DOO","BACKORDERED","CustomDOO_DS_ShipOrderGenericProcess_Transportation_FINAL","40","1","N","SCM_IMPL","SCM_IMPL","""DOO_Ship""=""BACKORDERED"""
"DOO","BILLED","CustomDOO_DS_ShipOrderGenericProcess_Transportation_FINAL","80","1","N","SCM_IMPL","SCM_IMPL","""DOO_Invoice""=""BILLED"""
"DOO","DOO_TP_AWAIT_ACCEPT","CustomDOO_DS_ShipOrderGenericProcess_Transportation_FINAL","22","1","N","SCM_IMPL","SCM_IMPL","""DOO_TransportationPlanning""=""DOO_TP_AWAIT_ACCEPT"""
"DOO","DOO_TP_PLANNED","CustomDOO_DS_ShipOrderGenericProcess_Transportation_FINAL","28","1","N","SCM_IMPL","SCM_IMPL","""DOO_TransportationPlanning""=""DOO_TP_PLANNED"""
"DOO","DOO_TP_REQ_ACCEPTED","CustomDOO_DS_ShipOrderGenericProcess_Transportation_FINAL","24","1","N","SCM_IMPL","SCM_IMPL","""DOO_TransportationPlanning""=""DOO_TP_REQ_ACCEPTED"""
"DOO","DOO_TP_REQ_REJECTED","CustomDOO_DS_ShipOrderGenericProcess_Transportation_FINAL","26","1","N","SCM_IMPL","SCM_IMPL","""DOO_TransportationPlanning""=""DOO_TP_REQ_REJECTED"""
"DOO","PARTIAL_BACK","CustomDOO_DS_ShipOrderGenericProcess_Transportation_FINAL","100","1","N","SCM_IMPL","SCM_IMPL","""DOO_Ship""=""PARTIAL_BACK"""
"DOO","PARTIAL_PICK","CustomDOO_DS_ShipOrderGenericProcess_Transportation_FINAL","90","1","N","SCM_IMPL","SCM_IMPL","""DOO_Ship""=""PARTIAL_PICK"""
"DOO","PICKED","CustomDOO_DS_ShipOrderGenericProcess_Transportation_FINAL","50","1","N","SCM_IMPL","SCM_IMPL","""DOO_Ship""=""PICKED"""
"DOO","RESERVED","CustomDOO_DS_ShipOrderGenericProcess_Transportation_FINAL","20","1","N","SCM_IMPL","SCM_IMPL","""DOO_Reserve""=""RESERVED"""
"DOO","RES_MANUAL","CustomDOO_DS_ShipOrderGenericProcess_Transportation_FINAL","130","1","N","SCM_IMPL","SCM_IMPL","""DOO_Reserve""=""USER_ACTION"""
"DOO","SCHEDULED","CustomDOO_DS_ShipOrderGenericProcess_Transportation_FINAL","10","1","N","SCM_IMPL","SCM_IMPL","""DOO_Schedule""=""SCHEDULED"""
"DOO","SCH_MANUAL","CustomDOO_DS_ShipOrderGenericProcess_Transportation_FINAL","120","1","N","SCM_IMPL","SCM_IMPL","""DOO_Schedule""=""USER_ACTION"""
"DOO","SHIPPED","CustomDOO_DS_ShipOrderGenericProcess_Transportation_FINAL","60","1","N","SCM_IMPL","SCM_IMPL","""DOO_Ship""=""SHIPPED"""
"DOO","ASSET_COMPLETED","CustomDOO_GSE_PDSC_Asset_ReturnOrderGenericProcess","70","1","N","SCM_IMPL","SCM_IMPL","""DOO_AssetManagement""=""ASSET_COMPLETED"""
"DOO","AWAIT_RECEIVING","CustomDOO_GSE_PDSC_Asset_ReturnOrderGenericProcess","20","1","N","SCM_IMPL","SCM_IMPL","""DOO_Return_Receipt""=""AWAIT_RECEIVING"""
"DOO","DELIVERED","CustomDOO_GSE_PDSC_Asset_ReturnOrderGenericProcess","40","1","N","SCM_IMPL","SCM_IMPL","""DOO_Return_Receipt""=""DELIVERED"""
"DOO","PARTIAL_REC","CustomDOO_GSE_PDSC_Asset_ReturnOrderGenericProcess","60","1","N","SCM_IMPL","SCM_IMPL","""DOO_Return_Receipt""=""PARTIAL_REC"""
"DOO","RECEIVED","CustomDOO_GSE_PDSC_Asset_ReturnOrderGenericProcess","30","1","N","SCM_IMPL","SCM_IMPL","""DOO_Return_Receipt""=""RECEIVED"""
"DOO","RECEIVING_COMP","CustomDOO_GSE_PDSC_Asset_ReturnOrderGenericProcess","10","1","N","SCM_IMPL","SCM_IMPL","""DOO_Return_Receipt""=""COMPLETED_VAR"""
"DOO","RETURNED","CustomDOO_GSE_PDSC_Asset_ReturnOrderGenericProcess","50","1","N","SCM_IMPL","SCM_IMPL","""DOO_Return_Receipt""=""RETURNED"""
"DOO","DOO_PO_CHANGE_REJECTED","CustomDOO_ManualSchedulingProcess","170","1","N","SCM_IMPL","SCM_IMPL","""DOO_Procure""=""DOO_PO_CHANGE_REJECTED"""
"DOO","DOO_PRC_CANCEL","CustomDOO_ManualSchedulingProcess","190","1","N","SCM_IMPL","SCM_IMPL","""DOO_Procure""=""DOO_PRC_CANCEL"""
"DOO","DOO_REQ_CREATED","CustomDOO_ManualSchedulingProcess","140","1","N","SCM_IMPL","SCM_IMPL","""DOO_Procure""=""DOO_REQ_CREATED"""
"DOO","DOO_REQ_REQUESTED","CustomDOO_ManualSchedulingProcess","130","1","N","SCM_IMPL","SCM_IMPL","""DOO_Procure""=""DOO_REQ_REQUESTED"""
"DOO","DOO_SUPPLY_REQ_COMPLETE","CustomDOO_ManualSchedulingProcess","200","1","N","SCM_IMPL","SCM_IMPL","""DOO_Supply_Orchestration""=""DOO_SUPPLY_REQ_COMPLETE"""
"DOO","PARTIAL_BACK","CustomDOO_ManualSchedulingProcess","300","1","N","SCM_IMPL","SCM_IMPL","""DOO_SHIP_BACK_TO_BACK""=""PARTIAL_BACK"""
"DOO","PARTIAL_BACK","CustomDOO_ManualSchedulingProcess","1300","1","N","SCM_IMPL","SCM_IMPL","""DOO_Ship""=""PARTIAL_BACK"""
"DOO","PARTIAL_PICK","CustomDOO_ManualSchedulingProcess","250","1","N","SCM_IMPL","SCM_IMPL","""DOO_SHIP_BACK_TO_BACK""=""PARTIAL_PICK"""
"DOO","PARTIAL_PICK","CustomDOO_ManualSchedulingProcess","1200","1","N","SCM_IMPL","SCM_IMPL","""DOO_Ship""=""PARTIAL_PICK"""
"DOO","PICKED","CustomDOO_ManualSchedulingProcess","800","1","N","SCM_IMPL","SCM_IMPL","""DOO_Ship""=""PICKED"""
"DOO","PICKED","CustomDOO_ManualSchedulingProcess","240","1","N","SCM_IMPL","SCM_IMPL","""DOO_SHIP_BACK_TO_BACK""=""PICKED"""
"DOO","RESERVED","CustomDOO_ManualSchedulingProcess","500","1","N","SCM_IMPL","SCM_IMPL","""DOO_Reserve""=""RESERVED"""
"DOO","RES_MANUAL","CustomDOO_ManualSchedulingProcess","1500","1","N","SCM_IMPL","SCM_IMPL","""DOO_Reserve""=""USER_ACTION"""
"DOO","SCHEDULED","CustomDOO_ManualSchedulingProcess","100","1","N","SCM_IMPL","SCM_IMPL","""DOO_Schedule""=""SCHEDULED"""
"DOO","SCH_MANUAL","CustomDOO_ManualSchedulingProcess","1400","1","N","SCM_IMPL","SCM_IMPL","""DOO_Schedule""=""USER_ACTION"""
"DOO","SHIPPED","CustomDOO_ManualSchedulingProcess","400","1","N","SCM_IMPL","SCM_IMPL","""DOO_SHIP_BACK_TO_BACK""=""SHIPPED"""
"DOO","SHIPPED","CustomDOO_ManualSchedulingProcess","160","1","N","SCM_IMPL","SCM_IMPL","""DOO_Procure""=""SHIPPED"""
"DOO","SHIPPED","CustomDOO_ManualSchedulingProcess","900","1","N","SCM_IMPL","SCM_IMPL","""DOO_Ship""=""SHIPPED"""
"DOO","WAITING","CustomDOO_ManualSchedulingProcess","210","1","N","SCM_IMPL","SCM_IMPL","""DOO_Pause""=""WAITING"""
"DOO","AWAIT_BILLING","CustomDOO_ISG_ShipOrderProcess","7","1","","SCM_IMPL","SCM_IMPL","""DOO_Invoice""=""AWAIT_BILLING"""
"DOO","AWAIT_SHIP","CustomDOO_ISG_ShipOrderProcess","3","1","","SCM_IMPL","SCM_IMPL","""DOO_Ship""=""AWAIT_SHIP""OR""DOO_Ship""=""VARIOUS"""
"DOO","BACKORDERED","CustomDOO_ISG_ShipOrderProcess","4","1","","SCM_IMPL","SCM_IMPL","""DOO_Ship""=""BACKORDERED"""
"DOO","BILLED","CustomDOO_ISG_ShipOrderProcess","8","1","","SCM_IMPL","SCM_IMPL","""DOO_Invoice""=""BILLED"""
"DOO","PARTIAL_BACK","CustomDOO_ISG_ShipOrderProcess","10","1","","SCM_IMPL","SCM_IMPL","""DOO_Ship""=""PARTIAL_BACK"""
"DOO","PARTIAL_PICK","CustomDOO_ISG_ShipOrderProcess","9","1","","SCM_IMPL","SCM_IMPL","""DOO_Ship""=""PARTIAL_PICK"""
"DOO","PICKED","CustomDOO_ISG_ShipOrderProcess","5","1","","SCM_IMPL","SCM_IMPL","""DOO_Ship""=""PICKED"""
"DOO","SCHEDULED","CustomDOO_ISG_ShipOrderProcess","1","1","","SCM_IMPL","SCM_IMPL","""DOO_Schedule""=""SCHEDULED"""
"DOO","SCH_MANUAL","CustomDOO_ISG_ShipOrderProcess","12","1","","SCM_IMPL","SCM_IMPL","""DOO_Schedule""=""USER_ACTION"""
"DOO","SHIPPED","CustomDOO_ISG_ShipOrderProcess","6","1","","SCM_IMPL","SCM_IMPL","""DOO_Ship""=""SHIPPED"""
"DOO","AWAIT_BILLING","CustomDOO_ManualSchedulingProcess","1000","1","N","SCM_IMPL","SCM_IMPL","""DOO_Invoice""=""AWAIT_BILLING"""
"DOO","AWAIT_FLINE_AGGREGATE","CustomDOO_ManualSchedulingProcess","110","1","N","SCM_IMPL","SCM_IMPL","""DOO_Procure""=""AWAIT_FLINE_AGGREGATE"""
"DOO","AWAIT_FULFILLMENT","CustomDOO_ManualSchedulingProcess","120","1","N","SCM_IMPL","SCM_IMPL","""DOO_Procure""=""AWAIT_FULFILLMENT"""
"DOO","AWAIT_SHIP","CustomDOO_ManualSchedulingProcess","150","1","N","SCM_IMPL","SCM_IMPL","""DOO_Procure""=""AWAIT_SHIP""OR""DOO_Procure""=""VARIOUS"""
"DOO","AWAIT_SHIP","CustomDOO_ManualSchedulingProcess","220","1","N","SCM_IMPL","SCM_IMPL","""DOO_SHIP_BACK_TO_BACK""=""AWAIT_SHIP""OR""DOO_SHIP_BACK_TO_BACK""=""VARIOUS"""
"DOO","AWAIT_SHIP","CustomDOO_ManualSchedulingProcess","600","1","N","SCM_IMPL","SCM_IMPL","""DOO_Ship""=""AWAIT_SHIP""OR""DOO_Ship""=""VARIOUS"""
"DOO","BACKORDERED","CustomDOO_ManualSchedulingProcess","230","1","N","SCM_IMPL","SCM_IMPL","""DOO_SHIP_BACK_TO_BACK""=""BACKORDERED"""
"DOO","BACKORDERED","CustomDOO_ManualSchedulingProcess","700","1","N","SCM_IMPL","SCM_IMPL","""DOO_Ship""=""BACKORDERED"""
"DOO","BILLED","CustomDOO_ManualSchedulingProcess","1100","1","N","SCM_IMPL","SCM_IMPL","""DOO_Invoice""=""BILLED"""
"DOO","AWAIT_RECEIVING","CustomDOO_ReturnOrder_SCG","1","1","","SCM_IMPL","SCM_IMPL","""DOO_Return_Receipt""=""AWAIT_RECEIVING"""
"DOO","DELIVERED","CustomDOO_ReturnOrder_SCG","3","1","","SCM_IMPL","SCM_IMPL","""DOO_Return_Receipt""=""DELIVERED"""
"DOO","RECEIVED","CustomDOO_ReturnOrder_SCG","2","1","","SCM_IMPL","SCM_IMPL","""DOO_Return_Receipt""=""RECEIVED"""
"DOO","RECEIVING_COMP","CustomDOO_ReturnOrder_SCG","0","1","","SCM_IMPL","SCM_IMPL","""DOO_Return_Receipt""=""COMPLETED_VAR"""
"DOO","RETURNED","CustomDOO_ReturnOrder_SCG","4","1","","SCM_IMPL","SCM_IMPL","""DOO_Return_Receipt""=""RETURNED"""
"DOO","AWAIT_BILLING","CustomDOO_DS_ShipOrderGenericProcess_Transportation_FINAL","70","2","N","SCM_IMPL","SCM_IMPL","""DOO_Invoice""=""AWAIT_BILLING"""
"DOO","AWAIT_SHIP","CustomDOO_DS_ShipOrderGenericProcess_Transportation_FINAL","30","2","N","SCM_IMPL","SCM_IMPL","""DOO_Ship""=""AWAIT_SHIP""OR""DOO_Ship""=""VARIOUS"""
"DOO","BACKORDERED","CustomDOO_DS_ShipOrderGenericProcess_Transportation_FINAL","40","2","N","SCM_IMPL","SCM_IMPL","""DOO_Ship""=""BACKORDERED"""
"DOO","BILLED","CustomDOO_DS_ShipOrderGenericProcess_Transportation_FINAL","80","2","N","SCM_IMPL","SCM_IMPL","""DOO_Invoice""=""BILLED"""
"DOO","DOO_TP_AWAIT_ACCEPT","CustomDOO_DS_ShipOrderGenericProcess_Transportation_FINAL","22","2","N","SCM_IMPL","SCM_IMPL","""DOO_TransportationPlanning""=""DOO_TP_AWAIT_ACCEPT"""
"DOO","DOO_TP_PLANNED","CustomDOO_DS_ShipOrderGenericProcess_Transportation_FINAL","28","2","N","SCM_IMPL","SCM_IMPL","""DOO_TransportationPlanning""=""DOO_TP_PLANNED"""
"DOO","DOO_TP_REQ_ACCEPTED","CustomDOO_DS_ShipOrderGenericProcess_Transportation_FINAL","24","2","N","SCM_IMPL","SCM_IMPL","""DOO_TransportationPlanning""=""DOO_TP_REQ_ACCEPTED"""
"DOO","DOO_TP_REQ_REJECTED","CustomDOO_DS_ShipOrderGenericProcess_Transportation_FINAL","26","2","N","SCM_IMPL","SCM_IMPL","""DOO_TransportationPlanning""=""DOO_TP_REQ_REJECTED"""
"DOO","PARTIAL_BACK","CustomDOO_DS_ShipOrderGenericProcess_Transportation_FINAL","100","2","N","SCM_IMPL","SCM_IMPL","""DOO_Ship""=""PARTIAL_BACK"""
"DOO","PARTIAL_PICK","CustomDOO_DS_ShipOrderGenericProcess_Transportation_FINAL","90","2","N","SCM_IMPL","SCM_IMPL","""DOO_Ship""=""PARTIAL_PICK"""
"DOO","PICKED","CustomDOO_DS_ShipOrderGenericProcess_Transportation_FINAL","50","2","N","SCM_IMPL","SCM_IMPL","""DOO_Ship""=""PICKED"""
"DOO","RESERVED","CustomDOO_DS_ShipOrderGenericProcess_Transportation_FINAL","20","2","N","SCM_IMPL","SCM_IMPL","""DOO_Reserve""=""RESERVED"""
"DOO","RES_MANUAL","CustomDOO_DS_ShipOrderGenericProcess_Transportation_FINAL","130","2","N","SCM_IMPL","SCM_IMPL","""DOO_Reserve""=""USER_ACTION"""
"DOO","SCHEDULED","CustomDOO_DS_ShipOrderGenericProcess_Transportation_FINAL","10","2","N","SCM_IMPL","SCM_IMPL","""DOO_Schedule""=""SCHEDULED"""
"DOO","SCH_MANUAL","CustomDOO_DS_ShipOrderGenericProcess_Transportation_FINAL","120","2","N","SCM_IMPL","SCM_IMPL","""DOO_Schedule""=""USER_ACTION"""
"DOO","SHIPPED","CustomDOO_DS_ShipOrderGenericProcess_Transportation_FINAL","60","2","N","SCM_IMPL","SCM_IMPL","""DOO_Ship""=""SHIPPED"""
