"ORA_DOO_ORCHESTRATION_PROCESS_STATUS_RULE_SET.OrchestrationApplicationCode","ORA_DOO_ORCHESTRATION_PROCESS_STATUS_RULE_SET.StatusRulesetCode","Language","Name","SourceLang"
"DOO","Copy of Copy of ClickShipCollect1-Version 1","AR","Copy of Copy of ClickShipCollect1-Version 1","US"
"DOO","Copy of Copy of ClickShipCollect1-Version 1","CS","Copy of Copy of ClickShipCollect1-Version 1","US"
"DOO","Copy of Copy of ClickShipCollect1-Version 1","D","Copy of Copy of ClickShipCollect1-Version 1","US"
"DOO","Copy of Copy of ClickShipCollect1-Version 1","DK","Copy of Copy of ClickShipCollect1-Version 1","US"
"DOO","Copy of Copy of ClickShipCollect1-Version 1","E","Copy of Copy of ClickShipCollect1-Version 1","US"
"DOO","Copy of Copy of ClickShipCollect1-Version 1","EL","Copy of Copy of ClickShipCollect1-Version 1","US"
"DOO","Copy of Copy of ClickShipCollect1-Version 1","ESA","Copy of Copy of ClickShipCollect1-Version 1","US"
"DOO","Copy of Copy of ClickShipCollect1-Version 1","ET","Copy of Copy of ClickShipCollect1-Version 1","US"
"DOO","Copy of Copy of ClickShipCollect1-Version 1","F","Copy of Copy of ClickShipCollect1-Version 1","US"
"DOO","Copy of Copy of ClickShipCollect1-Version 1","FRC","Copy of Copy of ClickShipCollect1-Version 1","US"
"DOO","Copy of Copy of ClickShipCollect1-Version 1","HR","Copy of Copy of ClickShipCollect1-Version 1","US"
"DOO","Copy of Copy of ClickShipCollect1-Version 1","HU","Copy of Copy of ClickShipCollect1-Version 1","US"
"DOO","Copy of Copy of ClickShipCollect1-Version 1","I","Copy of Copy of ClickShipCollect1-Version 1","US"
"DOO","Copy of Copy of ClickShipCollect1-Version 1","IS","Copy of Copy of ClickShipCollect1-Version 1","US"
"DOO","Copy of Copy of ClickShipCollect1-Version 1","IW","Copy of Copy of ClickShipCollect1-Version 1","US"
"DOO","Copy of Copy of ClickShipCollect1-Version 1","JA","Copy of Copy of ClickShipCollect1-Version 1","US"
"DOO","Copy of Copy of ClickShipCollect1-Version 1","KO","Copy of Copy of ClickShipCollect1-Version 1","US"
"DOO","Copy of Copy of ClickShipCollect1-Version 1","LT","Copy of Copy of ClickShipCollect1-Version 1","US"
"DOO","Copy of Copy of ClickShipCollect1-Version 1","LV","Copy of Copy of ClickShipCollect1-Version 1","US"
"DOO","Copy of Copy of ClickShipCollect1-Version 1","N","Copy of Copy of ClickShipCollect1-Version 1","US"
"DOO","Copy of Copy of ClickShipCollect1-Version 1","NL","Copy of Copy of ClickShipCollect1-Version 1","US"
"DOO","Copy of Copy of ClickShipCollect1-Version 1","PL","Copy of Copy of ClickShipCollect1-Version 1","US"
"DOO","Copy of Copy of ClickShipCollect1-Version 1","PT","Copy of Copy of ClickShipCollect1-Version 1","US"
"DOO","Copy of Copy of ClickShipCollect1-Version 1","PTB","Copy of Copy of ClickShipCollect1-Version 1","US"
"DOO","Copy of Copy of ClickShipCollect1-Version 1","RO","Copy of Copy of ClickShipCollect1-Version 1","US"
"DOO","Copy of Copy of ClickShipCollect1-Version 1","RU","Copy of Copy of ClickShipCollect1-Version 1","US"
"DOO","Copy of Copy of ClickShipCollect1-Version 1","S","Copy of Copy of ClickShipCollect1-Version 1","US"
"DOO","Copy of Copy of ClickShipCollect1-Version 1","SF","Copy of Copy of ClickShipCollect1-Version 1","US"
"DOO","Copy of Copy of ClickShipCollect1-Version 1","SK","Copy of Copy of ClickShipCollect1-Version 1","US"
"DOO","Copy of Copy of ClickShipCollect1-Version 1","SL","Copy of Copy of ClickShipCollect1-Version 1","US"
"DOO","Copy of Copy of ClickShipCollect1-Version 1","TH","Copy of Copy of ClickShipCollect1-Version 1","US"
"DOO","Copy of Copy of ClickShipCollect1-Version 1","TR","Copy of Copy of ClickShipCollect1-Version 1","US"
"DOO","Copy of Copy of ClickShipCollect1-Version 1","UK","Copy of Copy of ClickShipCollect1-Version 1","US"
"DOO","Copy of Copy of ClickShipCollect1-Version 1","US","Copy of Copy of ClickShipCollect1-Version 1","US"
"DOO","Copy of Copy of ClickShipCollect1-Version 1","VN","Copy of Copy of ClickShipCollect1-Version 1","US"
"DOO","Copy of Copy of ClickShipCollect1-Version 1","ZHS","Copy of Copy of ClickShipCollect1-Version 1","US"
"DOO","Copy of Copy of ClickShipCollect1-Version 1","ZHT","Copy of Copy of ClickShipCollect1-Version 1","US"
"DOO","Copy of ClickShipCollect1","AR","Copy of ClickShipCollect1","US"
"DOO","Copy of ClickShipCollect1","CS","Copy of ClickShipCollect1","US"
"DOO","Copy of ClickShipCollect1","D","Copy of ClickShipCollect1","US"
"DOO","Copy of ClickShipCollect1","DK","Copy of ClickShipCollect1","US"
"DOO","Copy of ClickShipCollect1","E","Copy of ClickShipCollect1","US"
"DOO","Copy of ClickShipCollect1","EL","Copy of ClickShipCollect1","US"
"DOO","Copy of ClickShipCollect1","ESA","Copy of ClickShipCollect1","US"
"DOO","Copy of ClickShipCollect1","ET","Copy of ClickShipCollect1","US"
"DOO","Copy of ClickShipCollect1","F","Copy of ClickShipCollect1","US"
"DOO","Copy of ClickShipCollect1","FRC","Copy of ClickShipCollect1","US"
"DOO","Copy of ClickShipCollect1","HR","Copy of ClickShipCollect1","US"
"DOO","Copy of ClickShipCollect1","HU","Copy of ClickShipCollect1","US"
"DOO","Copy of ClickShipCollect1","I","Copy of ClickShipCollect1","US"
"DOO","Copy of ClickShipCollect1","IS","Copy of ClickShipCollect1","US"
"DOO","Copy of ClickShipCollect1","IW","Copy of ClickShipCollect1","US"
"DOO","Copy of ClickShipCollect1","JA","Copy of ClickShipCollect1","US"
"DOO","Copy of ClickShipCollect1","KO","Copy of ClickShipCollect1","US"
"DOO","Copy of ClickShipCollect1","LT","Copy of ClickShipCollect1","US"
"DOO","Copy of ClickShipCollect1","LV","Copy of ClickShipCollect1","US"
"DOO","Copy of ClickShipCollect1","N","Copy of ClickShipCollect1","US"
"DOO","Copy of ClickShipCollect1","NL","Copy of ClickShipCollect1","US"
"DOO","Copy of ClickShipCollect1","PL","Copy of ClickShipCollect1","US"
"DOO","Copy of ClickShipCollect1","PT","Copy of ClickShipCollect1","US"
"DOO","Copy of ClickShipCollect1","PTB","Copy of ClickShipCollect1","US"
"DOO","Copy of ClickShipCollect1","RO","Copy of ClickShipCollect1","US"
"DOO","Copy of ClickShipCollect1","RU","Copy of ClickShipCollect1","US"
"DOO","Copy of ClickShipCollect1","S","Copy of ClickShipCollect1","US"
"DOO","Copy of ClickShipCollect1","SF","Copy of ClickShipCollect1","US"
"DOO","Copy of ClickShipCollect1","SK","Copy of ClickShipCollect1","US"
"DOO","Copy of ClickShipCollect1","SL","Copy of ClickShipCollect1","US"
"DOO","Copy of ClickShipCollect1","TH","Copy of ClickShipCollect1","US"
"DOO","Copy of ClickShipCollect1","TR","Copy of ClickShipCollect1","US"
"DOO","Copy of ClickShipCollect1","UK","Copy of ClickShipCollect1","US"
"DOO","Copy of ClickShipCollect1","US","Copy of ClickShipCollect1","US"
"DOO","Copy of ClickShipCollect1","VN","Copy of ClickShipCollect1","US"
"DOO","Copy of ClickShipCollect1","ZHS","Copy of ClickShipCollect1","US"
"DOO","Copy of ClickShipCollect1","ZHT","Copy of ClickShipCollect1","US"
"DOO","Copy 1 of ClickShipCollect1","AR","Copy 1 of ClickShipCollect1","US"
"DOO","Copy 1 of ClickShipCollect1","CS","Copy 1 of ClickShipCollect1","US"
"DOO","Copy 1 of ClickShipCollect1","D","Copy 1 of ClickShipCollect1","US"
"DOO","Copy 1 of ClickShipCollect1","DK","Copy 1 of ClickShipCollect1","US"
"DOO","Copy 1 of ClickShipCollect1","E","Copy 1 of ClickShipCollect1","US"
"DOO","Copy 1 of ClickShipCollect1","EL","Copy 1 of ClickShipCollect1","US"
"DOO","Copy 1 of ClickShipCollect1","ESA","Copy 1 of ClickShipCollect1","US"
"DOO","Copy 1 of ClickShipCollect1","ET","Copy 1 of ClickShipCollect1","US"
"DOO","Copy 1 of ClickShipCollect1","F","Copy 1 of ClickShipCollect1","US"
"DOO","Copy 1 of ClickShipCollect1","FRC","Copy 1 of ClickShipCollect1","US"
"DOO","Copy 1 of ClickShipCollect1","HR","Copy 1 of ClickShipCollect1","US"
"DOO","Copy 1 of ClickShipCollect1","HU","Copy 1 of ClickShipCollect1","US"
"DOO","Copy 1 of ClickShipCollect1","I","Copy 1 of ClickShipCollect1","US"
"DOO","Copy 1 of ClickShipCollect1","IS","Copy 1 of ClickShipCollect1","US"
"DOO","Copy 1 of ClickShipCollect1","IW","Copy 1 of ClickShipCollect1","US"
"DOO","Copy 1 of ClickShipCollect1","JA","Copy 1 of ClickShipCollect1","US"
"DOO","Copy 1 of ClickShipCollect1","KO","Copy 1 of ClickShipCollect1","US"
"DOO","Copy 1 of ClickShipCollect1","LT","Copy 1 of ClickShipCollect1","US"
"DOO","Copy 1 of ClickShipCollect1","LV","Copy 1 of ClickShipCollect1","US"
"DOO","Copy 1 of ClickShipCollect1","N","Copy 1 of ClickShipCollect1","US"
"DOO","Copy 1 of ClickShipCollect1","NL","Copy 1 of ClickShipCollect1","US"
"DOO","Copy 1 of ClickShipCollect1","PL","Copy 1 of ClickShipCollect1","US"
"DOO","Copy 1 of ClickShipCollect1","PT","Copy 1 of ClickShipCollect1","US"
"DOO","Copy 1 of ClickShipCollect1","PTB","Copy 1 of ClickShipCollect1","US"
"DOO","Copy 1 of ClickShipCollect1","RO","Copy 1 of ClickShipCollect1","US"
"DOO","Copy 1 of ClickShipCollect1","RU","Copy 1 of ClickShipCollect1","US"
"DOO","Copy 1 of ClickShipCollect1","S","Copy 1 of ClickShipCollect1","US"
"DOO","Copy 1 of ClickShipCollect1","SF","Copy 1 of ClickShipCollect1","US"
"DOO","Copy 1 of ClickShipCollect1","SK","Copy 1 of ClickShipCollect1","US"
"DOO","Copy 1 of ClickShipCollect1","SL","Copy 1 of ClickShipCollect1","US"
"DOO","Copy 1 of ClickShipCollect1","TH","Copy 1 of ClickShipCollect1","US"
"DOO","Copy 1 of ClickShipCollect1","TR","Copy 1 of ClickShipCollect1","US"
"DOO","Copy 1 of ClickShipCollect1","UK","Copy 1 of ClickShipCollect1","US"
"DOO","Copy 1 of ClickShipCollect1","US","Copy 1 of ClickShipCollect1","US"
"DOO","Copy 1 of ClickShipCollect1","VN","Copy 1 of ClickShipCollect1","US"
"DOO","Copy 1 of ClickShipCollect1","ZHS","Copy 1 of ClickShipCollect1","US"
"DOO","Copy 1 of ClickShipCollect1","ZHT","Copy 1 of ClickShipCollect1","US"
"DOO","Copy 1 of Copy 15 of DOO_DROP_SHIP_AND_BACK_TO_BACK_ORDER_STATUS_RULE_SET","AR","Copy 1 of Copy 15 of Drop Ship and Back-To-Back Order Status Rule Set","US"
"DOO","Copy 1 of Copy 15 of DOO_DROP_SHIP_AND_BACK_TO_BACK_ORDER_STATUS_RULE_SET","CS","Copy 1 of Copy 15 of Drop Ship and Back-To-Back Order Status Rule Set","US"
"DOO","Copy 1 of Copy 15 of DOO_DROP_SHIP_AND_BACK_TO_BACK_ORDER_STATUS_RULE_SET","D","Copy 1 of Copy 15 of Drop Ship and Back-To-Back Order Status Rule Set","US"
"DOO","Copy 1 of Copy 15 of DOO_DROP_SHIP_AND_BACK_TO_BACK_ORDER_STATUS_RULE_SET","DK","Copy 1 of Copy 15 of Drop Ship and Back-To-Back Order Status Rule Set","US"
"DOO","Copy 1 of Copy 15 of DOO_DROP_SHIP_AND_BACK_TO_BACK_ORDER_STATUS_RULE_SET","E","Copy 1 of Copy 15 of Drop Ship and Back-To-Back Order Status Rule Set","US"
"DOO","Copy 1 of Copy 15 of DOO_DROP_SHIP_AND_BACK_TO_BACK_ORDER_STATUS_RULE_SET","EL","Copy 1 of Copy 15 of Drop Ship and Back-To-Back Order Status Rule Set","US"
"DOO","Copy 1 of Copy 15 of DOO_DROP_SHIP_AND_BACK_TO_BACK_ORDER_STATUS_RULE_SET","F","Copy 1 of Copy 15 of Drop Ship and Back-To-Back Order Status Rule Set","US"
"DOO","Copy 1 of Copy 15 of DOO_DROP_SHIP_AND_BACK_TO_BACK_ORDER_STATUS_RULE_SET","FRC","Copy 1 of Copy 15 of Drop Ship and Back-To-Back Order Status Rule Set","US"
"DOO","Copy 1 of Copy 15 of DOO_DROP_SHIP_AND_BACK_TO_BACK_ORDER_STATUS_RULE_SET","HR","Copy 1 of Copy 15 of Drop Ship and Back-To-Back Order Status Rule Set","US"
"DOO","Copy 1 of Copy 15 of DOO_DROP_SHIP_AND_BACK_TO_BACK_ORDER_STATUS_RULE_SET","HU","Copy 1 of Copy 15 of Drop Ship and Back-To-Back Order Status Rule Set","US"
"DOO","Copy 1 of Copy 15 of DOO_DROP_SHIP_AND_BACK_TO_BACK_ORDER_STATUS_RULE_SET","I","Copy 1 of Copy 15 of Drop Ship and Back-To-Back Order Status Rule Set","US"
"DOO","Copy 1 of Copy 15 of DOO_DROP_SHIP_AND_BACK_TO_BACK_ORDER_STATUS_RULE_SET","IW","Copy 1 of Copy 15 of Drop Ship and Back-To-Back Order Status Rule Set","US"
"DOO","Copy 1 of Copy 15 of DOO_DROP_SHIP_AND_BACK_TO_BACK_ORDER_STATUS_RULE_SET","JA","Copy 1 of Copy 15 of Drop Ship and Back-To-Back Order Status Rule Set","US"
"DOO","Copy 1 of Copy 15 of DOO_DROP_SHIP_AND_BACK_TO_BACK_ORDER_STATUS_RULE_SET","KO","Copy 1 of Copy 15 of Drop Ship and Back-To-Back Order Status Rule Set","US"
"DOO","Copy 1 of Copy 15 of DOO_DROP_SHIP_AND_BACK_TO_BACK_ORDER_STATUS_RULE_SET","N","Copy 1 of Copy 15 of Drop Ship and Back-To-Back Order Status Rule Set","US"
"DOO","Copy 1 of Copy 15 of DOO_DROP_SHIP_AND_BACK_TO_BACK_ORDER_STATUS_RULE_SET","NL","Copy 1 of Copy 15 of Drop Ship and Back-To-Back Order Status Rule Set","US"
"DOO","Copy 1 of Copy 15 of DOO_DROP_SHIP_AND_BACK_TO_BACK_ORDER_STATUS_RULE_SET","PL","Copy 1 of Copy 15 of Drop Ship and Back-To-Back Order Status Rule Set","US"
"DOO","Copy 1 of Copy 15 of DOO_DROP_SHIP_AND_BACK_TO_BACK_ORDER_STATUS_RULE_SET","PTB","Copy 1 of Copy 15 of Drop Ship and Back-To-Back Order Status Rule Set","US"
"DOO","Copy 1 of Copy 15 of DOO_DROP_SHIP_AND_BACK_TO_BACK_ORDER_STATUS_RULE_SET","RO","Copy 1 of Copy 15 of Drop Ship and Back-To-Back Order Status Rule Set","US"
"DOO","Copy 1 of Copy 15 of DOO_DROP_SHIP_AND_BACK_TO_BACK_ORDER_STATUS_RULE_SET","RU","Copy 1 of Copy 15 of Drop Ship and Back-To-Back Order Status Rule Set","US"
"DOO","Copy 1 of Copy 15 of DOO_DROP_SHIP_AND_BACK_TO_BACK_ORDER_STATUS_RULE_SET","S","Copy 1 of Copy 15 of Drop Ship and Back-To-Back Order Status Rule Set","US"
"DOO","Copy 1 of Copy 15 of DOO_DROP_SHIP_AND_BACK_TO_BACK_ORDER_STATUS_RULE_SET","SF","Copy 1 of Copy 15 of Drop Ship and Back-To-Back Order Status Rule Set","US"
"DOO","Copy 1 of Copy 15 of DOO_DROP_SHIP_AND_BACK_TO_BACK_ORDER_STATUS_RULE_SET","SK","Copy 1 of Copy 15 of Drop Ship and Back-To-Back Order Status Rule Set","US"
"DOO","Copy 1 of Copy 15 of DOO_DROP_SHIP_AND_BACK_TO_BACK_ORDER_STATUS_RULE_SET","TH","Copy 1 of Copy 15 of Drop Ship and Back-To-Back Order Status Rule Set","US"
"DOO","Copy 1 of Copy 15 of DOO_DROP_SHIP_AND_BACK_TO_BACK_ORDER_STATUS_RULE_SET","TR","Copy 1 of Copy 15 of Drop Ship and Back-To-Back Order Status Rule Set","US"
"DOO","Copy 1 of Copy 15 of DOO_DROP_SHIP_AND_BACK_TO_BACK_ORDER_STATUS_RULE_SET","UK","Copy 1 of Copy 15 of Drop Ship and Back-To-Back Order Status Rule Set","US"
"DOO","Copy 1 of Copy 15 of DOO_DROP_SHIP_AND_BACK_TO_BACK_ORDER_STATUS_RULE_SET","US","Copy 1 of Copy 15 of Drop Ship and Back-To-Back Order Status Rule Set","US"
"DOO","Copy 1 of Copy 15 of DOO_DROP_SHIP_AND_BACK_TO_BACK_ORDER_STATUS_RULE_SET","VN","Copy 1 of Copy 15 of Drop Ship and Back-To-Back Order Status Rule Set","US"
"DOO","Copy 1 of Copy 15 of DOO_DROP_SHIP_AND_BACK_TO_BACK_ORDER_STATUS_RULE_SET","ZHS","Copy 1 of Copy 15 of Drop Ship and Back-To-Back Order Status Rule Set","US"
"DOO","Copy 1 of Copy 15 of DOO_DROP_SHIP_AND_BACK_TO_BACK_ORDER_STATUS_RULE_SET","ZHT","Copy 1 of Copy 15 of Drop Ship and Back-To-Back Order Status Rule Set","US"
"DOO","Copy of Copy of Copy of Copy 15 of DOO_DROP_SHIP_AND_BACK_TO_BACK_ORDER_STATUS_RULE_SET","AR","Copy of Copy of Copy of Copy 15 of Drop Ship and Back-To-Back Order Status Rule Set","US"
"DOO","Copy of Copy of Copy of Copy 15 of DOO_DROP_SHIP_AND_BACK_TO_BACK_ORDER_STATUS_RULE_SET","CS","Copy of Copy of Copy of Copy 15 of Drop Ship and Back-To-Back Order Status Rule Set","US"
"DOO","Copy of Copy of Copy of Copy 15 of DOO_DROP_SHIP_AND_BACK_TO_BACK_ORDER_STATUS_RULE_SET","D","Copy of Copy of Copy of Copy 15 of Drop Ship and Back-To-Back Order Status Rule Set","US"
"DOO","Copy of Copy of Copy of Copy 15 of DOO_DROP_SHIP_AND_BACK_TO_BACK_ORDER_STATUS_RULE_SET","DK","Copy of Copy of Copy of Copy 15 of Drop Ship and Back-To-Back Order Status Rule Set","US"
"DOO","Copy of Copy of Copy of Copy 15 of DOO_DROP_SHIP_AND_BACK_TO_BACK_ORDER_STATUS_RULE_SET","E","Copy of Copy of Copy of Copy 15 of Drop Ship and Back-To-Back Order Status Rule Set","US"
"DOO","Copy of Copy of Copy of Copy 15 of DOO_DROP_SHIP_AND_BACK_TO_BACK_ORDER_STATUS_RULE_SET","EL","Copy of Copy of Copy of Copy 15 of Drop Ship and Back-To-Back Order Status Rule Set","US"
"DOO","Copy of Copy of Copy of Copy 15 of DOO_DROP_SHIP_AND_BACK_TO_BACK_ORDER_STATUS_RULE_SET","F","Copy of Copy of Copy of Copy 15 of Drop Ship and Back-To-Back Order Status Rule Set","US"
"DOO","Copy of Copy of Copy of Copy 15 of DOO_DROP_SHIP_AND_BACK_TO_BACK_ORDER_STATUS_RULE_SET","FRC","Copy of Copy of Copy of Copy 15 of Drop Ship and Back-To-Back Order Status Rule Set","US"
"DOO","Copy of Copy of Copy of Copy 15 of DOO_DROP_SHIP_AND_BACK_TO_BACK_ORDER_STATUS_RULE_SET","HR","Copy of Copy of Copy of Copy 15 of Drop Ship and Back-To-Back Order Status Rule Set","US"
"DOO","Copy of Copy of Copy of Copy 15 of DOO_DROP_SHIP_AND_BACK_TO_BACK_ORDER_STATUS_RULE_SET","HU","Copy of Copy of Copy of Copy 15 of Drop Ship and Back-To-Back Order Status Rule Set","US"
"DOO","Copy of Copy of Copy of Copy 15 of DOO_DROP_SHIP_AND_BACK_TO_BACK_ORDER_STATUS_RULE_SET","I","Copy of Copy of Copy of Copy 15 of Drop Ship and Back-To-Back Order Status Rule Set","US"
"DOO","Copy of Copy of Copy of Copy 15 of DOO_DROP_SHIP_AND_BACK_TO_BACK_ORDER_STATUS_RULE_SET","IW","Copy of Copy of Copy of Copy 15 of Drop Ship and Back-To-Back Order Status Rule Set","US"
"DOO","Copy of Copy of Copy of Copy 15 of DOO_DROP_SHIP_AND_BACK_TO_BACK_ORDER_STATUS_RULE_SET","JA","Copy of Copy of Copy of Copy 15 of Drop Ship and Back-To-Back Order Status Rule Set","US"
"DOO","Copy of Copy of Copy of Copy 15 of DOO_DROP_SHIP_AND_BACK_TO_BACK_ORDER_STATUS_RULE_SET","KO","Copy of Copy of Copy of Copy 15 of Drop Ship and Back-To-Back Order Status Rule Set","US"
"DOO","Copy of Copy of Copy of Copy 15 of DOO_DROP_SHIP_AND_BACK_TO_BACK_ORDER_STATUS_RULE_SET","N","Copy of Copy of Copy of Copy 15 of Drop Ship and Back-To-Back Order Status Rule Set","US"
"DOO","Copy of Copy of Copy of Copy 15 of DOO_DROP_SHIP_AND_BACK_TO_BACK_ORDER_STATUS_RULE_SET","NL","Copy of Copy of Copy of Copy 15 of Drop Ship and Back-To-Back Order Status Rule Set","US"
"DOO","Copy of Copy of Copy of Copy 15 of DOO_DROP_SHIP_AND_BACK_TO_BACK_ORDER_STATUS_RULE_SET","PL","Copy of Copy of Copy of Copy 15 of Drop Ship and Back-To-Back Order Status Rule Set","US"
"DOO","Copy of Copy of Copy of Copy 15 of DOO_DROP_SHIP_AND_BACK_TO_BACK_ORDER_STATUS_RULE_SET","PTB","Copy of Copy of Copy of Copy 15 of Drop Ship and Back-To-Back Order Status Rule Set","US"
"DOO","Copy of Copy of Copy of Copy 15 of DOO_DROP_SHIP_AND_BACK_TO_BACK_ORDER_STATUS_RULE_SET","RO","Copy of Copy of Copy of Copy 15 of Drop Ship and Back-To-Back Order Status Rule Set","US"
"DOO","Copy of Copy of Copy of Copy 15 of DOO_DROP_SHIP_AND_BACK_TO_BACK_ORDER_STATUS_RULE_SET","RU","Copy of Copy of Copy of Copy 15 of Drop Ship and Back-To-Back Order Status Rule Set","US"
"DOO","Copy of Copy of Copy of Copy 15 of DOO_DROP_SHIP_AND_BACK_TO_BACK_ORDER_STATUS_RULE_SET","S","Copy of Copy of Copy of Copy 15 of Drop Ship and Back-To-Back Order Status Rule Set","US"
"DOO","Copy of Copy of Copy of Copy 15 of DOO_DROP_SHIP_AND_BACK_TO_BACK_ORDER_STATUS_RULE_SET","SF","Copy of Copy of Copy of Copy 15 of Drop Ship and Back-To-Back Order Status Rule Set","US"
"DOO","Copy of Copy of Copy of Copy 15 of DOO_DROP_SHIP_AND_BACK_TO_BACK_ORDER_STATUS_RULE_SET","SK","Copy of Copy of Copy of Copy 15 of Drop Ship and Back-To-Back Order Status Rule Set","US"
"DOO","Copy of Copy of Copy of Copy 15 of DOO_DROP_SHIP_AND_BACK_TO_BACK_ORDER_STATUS_RULE_SET","TH","Copy of Copy of Copy of Copy 15 of Drop Ship and Back-To-Back Order Status Rule Set","US"
"DOO","Copy of Copy of Copy of Copy 15 of DOO_DROP_SHIP_AND_BACK_TO_BACK_ORDER_STATUS_RULE_SET","TR","Copy of Copy of Copy of Copy 15 of Drop Ship and Back-To-Back Order Status Rule Set","US"
"DOO","Copy of Copy of Copy of Copy 15 of DOO_DROP_SHIP_AND_BACK_TO_BACK_ORDER_STATUS_RULE_SET","UK","Copy of Copy of Copy of Copy 15 of Drop Ship and Back-To-Back Order Status Rule Set","US"
"DOO","Copy of Copy of Copy of Copy 15 of DOO_DROP_SHIP_AND_BACK_TO_BACK_ORDER_STATUS_RULE_SET","US","Copy of Copy of Copy of Copy 15 of Drop Ship and Back-To-Back Order Status Rule Set","US"
"DOO","Copy of Copy of Copy of Copy 15 of DOO_DROP_SHIP_AND_BACK_TO_BACK_ORDER_STATUS_RULE_SET","VN","Copy of Copy of Copy of Copy 15 of Drop Ship and Back-To-Back Order Status Rule Set","US"
"DOO","Copy of Copy of Copy of Copy 15 of DOO_DROP_SHIP_AND_BACK_TO_BACK_ORDER_STATUS_RULE_SET","ZHS","Copy of Copy of Copy of Copy 15 of Drop Ship and Back-To-Back Order Status Rule Set","US"
"DOO","Copy of Copy of Copy of Copy 15 of DOO_DROP_SHIP_AND_BACK_TO_BACK_ORDER_STATUS_RULE_SET","ZHT","Copy of Copy of Copy of Copy 15 of Drop Ship and Back-To-Back Order Status Rule Set","US"
"DOO","Copy of DOO_Return_Order_Status_Rule_Set","AR","Copy of Return Order Status Rule Set","US"
"DOO","Copy of DOO_Return_Order_Status_Rule_Set","CS","Copy of Return Order Status Rule Set","US"
"DOO","Copy of DOO_Return_Order_Status_Rule_Set","D","Copy of Return Order Status Rule Set","US"
"DOO","Copy of DOO_Return_Order_Status_Rule_Set","DK","Copy of Return Order Status Rule Set","US"
"DOO","Copy of DOO_Return_Order_Status_Rule_Set","E","Copy of Return Order Status Rule Set","US"
"DOO","Copy of DOO_Return_Order_Status_Rule_Set","EL","Copy of Return Order Status Rule Set","US"
"DOO","Copy of DOO_Return_Order_Status_Rule_Set","F","Copy of Return Order Status Rule Set","US"
"DOO","Copy of DOO_Return_Order_Status_Rule_Set","FRC","Copy of Return Order Status Rule Set","US"
"DOO","Copy of DOO_Return_Order_Status_Rule_Set","HR","Copy of Return Order Status Rule Set","US"
"DOO","Copy of DOO_Return_Order_Status_Rule_Set","HU","Copy of Return Order Status Rule Set","US"
"DOO","Copy of DOO_Return_Order_Status_Rule_Set","I","Copy of Return Order Status Rule Set","US"
"DOO","Copy of DOO_Return_Order_Status_Rule_Set","IW","Copy of Return Order Status Rule Set","US"
"DOO","Copy of DOO_Return_Order_Status_Rule_Set","JA","Copy of Return Order Status Rule Set","US"
"DOO","Copy of DOO_Return_Order_Status_Rule_Set","KO","Copy of Return Order Status Rule Set","US"
"DOO","Copy of DOO_Return_Order_Status_Rule_Set","N","Copy of Return Order Status Rule Set","US"
"DOO","Copy of DOO_Return_Order_Status_Rule_Set","NL","Copy of Return Order Status Rule Set","US"
"DOO","Copy of DOO_Return_Order_Status_Rule_Set","PL","Copy of Return Order Status Rule Set","US"
"DOO","Copy of DOO_Return_Order_Status_Rule_Set","PTB","Copy of Return Order Status Rule Set","US"
"DOO","Copy of DOO_Return_Order_Status_Rule_Set","RO","Copy of Return Order Status Rule Set","US"
"DOO","Copy of DOO_Return_Order_Status_Rule_Set","RU","Copy of Return Order Status Rule Set","US"
"DOO","Copy of DOO_Return_Order_Status_Rule_Set","S","Copy of Return Order Status Rule Set","US"
"DOO","Copy of DOO_Return_Order_Status_Rule_Set","SF","Copy of Return Order Status Rule Set","US"
"DOO","Copy of DOO_Return_Order_Status_Rule_Set","SK","Copy of Return Order Status Rule Set","US"
"DOO","Copy of DOO_Return_Order_Status_Rule_Set","TH","Copy of Return Order Status Rule Set","US"
"DOO","Copy of DOO_Return_Order_Status_Rule_Set","TR","Copy of Return Order Status Rule Set","US"
"DOO","Copy of DOO_Return_Order_Status_Rule_Set","UK","Copy of Return Order Status Rule Set","US"
"DOO","Copy of DOO_Return_Order_Status_Rule_Set","US","Copy of Return Order Status Rule Set","US"
"DOO","Copy of DOO_Return_Order_Status_Rule_Set","VN","Copy of Return Order Status Rule Set","US"
"DOO","Copy of DOO_Return_Order_Status_Rule_Set","ZHS","Copy of Return Order Status Rule Set","US"
"DOO","Copy of DOO_Return_Order_Status_Rule_Set","ZHT","Copy of Return Order Status Rule Set","US"
"DOO","Copy of Copy of Copy 15 of DOO_DROP_SHIP_AND_BACK_TO_BACK_ORDER_STATUS_RULE_SET","AR","Copy of Copy of Copy 15 of Drop Ship and Back-To-Back Order Status Rule Set","US"
"DOO","Copy of Copy of Copy 15 of DOO_DROP_SHIP_AND_BACK_TO_BACK_ORDER_STATUS_RULE_SET","CS","Copy of Copy of Copy 15 of Drop Ship and Back-To-Back Order Status Rule Set","US"
"DOO","Copy of Copy of Copy 15 of DOO_DROP_SHIP_AND_BACK_TO_BACK_ORDER_STATUS_RULE_SET","D","Copy of Copy of Copy 15 of Drop Ship and Back-To-Back Order Status Rule Set","US"
"DOO","Copy of Copy of Copy 15 of DOO_DROP_SHIP_AND_BACK_TO_BACK_ORDER_STATUS_RULE_SET","DK","Copy of Copy of Copy 15 of Drop Ship and Back-To-Back Order Status Rule Set","US"
"DOO","Copy of Copy of Copy 15 of DOO_DROP_SHIP_AND_BACK_TO_BACK_ORDER_STATUS_RULE_SET","E","Copy of Copy of Copy 15 of Drop Ship and Back-To-Back Order Status Rule Set","US"
"DOO","Copy of Copy of Copy 15 of DOO_DROP_SHIP_AND_BACK_TO_BACK_ORDER_STATUS_RULE_SET","EL","Copy of Copy of Copy 15 of Drop Ship and Back-To-Back Order Status Rule Set","US"
"DOO","Copy of Copy of Copy 15 of DOO_DROP_SHIP_AND_BACK_TO_BACK_ORDER_STATUS_RULE_SET","F","Copy of Copy of Copy 15 of Drop Ship and Back-To-Back Order Status Rule Set","US"
"DOO","Copy of Copy of Copy 15 of DOO_DROP_SHIP_AND_BACK_TO_BACK_ORDER_STATUS_RULE_SET","FRC","Copy of Copy of Copy 15 of Drop Ship and Back-To-Back Order Status Rule Set","US"
"DOO","Copy of Copy of Copy 15 of DOO_DROP_SHIP_AND_BACK_TO_BACK_ORDER_STATUS_RULE_SET","HR","Copy of Copy of Copy 15 of Drop Ship and Back-To-Back Order Status Rule Set","US"
"DOO","Copy of Copy of Copy 15 of DOO_DROP_SHIP_AND_BACK_TO_BACK_ORDER_STATUS_RULE_SET","HU","Copy of Copy of Copy 15 of Drop Ship and Back-To-Back Order Status Rule Set","US"
"DOO","Copy of Copy of Copy 15 of DOO_DROP_SHIP_AND_BACK_TO_BACK_ORDER_STATUS_RULE_SET","I","Copy of Copy of Copy 15 of Drop Ship and Back-To-Back Order Status Rule Set","US"
"DOO","Copy of Copy of Copy 15 of DOO_DROP_SHIP_AND_BACK_TO_BACK_ORDER_STATUS_RULE_SET","IW","Copy of Copy of Copy 15 of Drop Ship and Back-To-Back Order Status Rule Set","US"
"DOO","Copy of Copy of Copy 15 of DOO_DROP_SHIP_AND_BACK_TO_BACK_ORDER_STATUS_RULE_SET","JA","Copy of Copy of Copy 15 of Drop Ship and Back-To-Back Order Status Rule Set","US"
"DOO","Copy of Copy of Copy 15 of DOO_DROP_SHIP_AND_BACK_TO_BACK_ORDER_STATUS_RULE_SET","KO","Copy of Copy of Copy 15 of Drop Ship and Back-To-Back Order Status Rule Set","US"
"DOO","Copy of Copy of Copy 15 of DOO_DROP_SHIP_AND_BACK_TO_BACK_ORDER_STATUS_RULE_SET","N","Copy of Copy of Copy 15 of Drop Ship and Back-To-Back Order Status Rule Set","US"
"DOO","Copy of Copy of Copy 15 of DOO_DROP_SHIP_AND_BACK_TO_BACK_ORDER_STATUS_RULE_SET","NL","Copy of Copy of Copy 15 of Drop Ship and Back-To-Back Order Status Rule Set","US"
"DOO","Copy of Copy of Copy 15 of DOO_DROP_SHIP_AND_BACK_TO_BACK_ORDER_STATUS_RULE_SET","PL","Copy of Copy of Copy 15 of Drop Ship and Back-To-Back Order Status Rule Set","US"
"DOO","Copy of Copy of Copy 15 of DOO_DROP_SHIP_AND_BACK_TO_BACK_ORDER_STATUS_RULE_SET","PTB","Copy of Copy of Copy 15 of Drop Ship and Back-To-Back Order Status Rule Set","US"
"DOO","Copy of Copy of Copy 15 of DOO_DROP_SHIP_AND_BACK_TO_BACK_ORDER_STATUS_RULE_SET","RO","Copy of Copy of Copy 15 of Drop Ship and Back-To-Back Order Status Rule Set","US"
"DOO","Copy of Copy of Copy 15 of DOO_DROP_SHIP_AND_BACK_TO_BACK_ORDER_STATUS_RULE_SET","RU","Copy of Copy of Copy 15 of Drop Ship and Back-To-Back Order Status Rule Set","US"
"DOO","Copy of Copy of Copy 15 of DOO_DROP_SHIP_AND_BACK_TO_BACK_ORDER_STATUS_RULE_SET","S","Copy of Copy of Copy 15 of Drop Ship and Back-To-Back Order Status Rule Set","US"
"DOO","Copy of Copy of Copy 15 of DOO_DROP_SHIP_AND_BACK_TO_BACK_ORDER_STATUS_RULE_SET","SF","Copy of Copy of Copy 15 of Drop Ship and Back-To-Back Order Status Rule Set","US"
"DOO","Copy of Copy of Copy 15 of DOO_DROP_SHIP_AND_BACK_TO_BACK_ORDER_STATUS_RULE_SET","SK","Copy of Copy of Copy 15 of Drop Ship and Back-To-Back Order Status Rule Set","US"
"DOO","Copy of Copy of Copy 15 of DOO_DROP_SHIP_AND_BACK_TO_BACK_ORDER_STATUS_RULE_SET","TH","Copy of Copy of Copy 15 of Drop Ship and Back-To-Back Order Status Rule Set","US"
"DOO","Copy of Copy of Copy 15 of DOO_DROP_SHIP_AND_BACK_TO_BACK_ORDER_STATUS_RULE_SET","TR","Copy of Copy of Copy 15 of Drop Ship and Back-To-Back Order Status Rule Set","US"
"DOO","Copy of Copy of Copy 15 of DOO_DROP_SHIP_AND_BACK_TO_BACK_ORDER_STATUS_RULE_SET","UK","Copy of Copy of Copy 15 of Drop Ship and Back-To-Back Order Status Rule Set","US"
"DOO","Copy of Copy of Copy 15 of DOO_DROP_SHIP_AND_BACK_TO_BACK_ORDER_STATUS_RULE_SET","US","Copy of Copy of Copy 15 of Drop Ship and Back-To-Back Order Status Rule Set","US"
"DOO","Copy of Copy of Copy 15 of DOO_DROP_SHIP_AND_BACK_TO_BACK_ORDER_STATUS_RULE_SET","VN","Copy of Copy of Copy 15 of Drop Ship and Back-To-Back Order Status Rule Set","US"
"DOO","Copy of Copy of Copy 15 of DOO_DROP_SHIP_AND_BACK_TO_BACK_ORDER_STATUS_RULE_SET","ZHS","Copy of Copy of Copy 15 of Drop Ship and Back-To-Back Order Status Rule Set","US"
"DOO","Copy of Copy of Copy 15 of DOO_DROP_SHIP_AND_BACK_TO_BACK_ORDER_STATUS_RULE_SET","ZHT","Copy of Copy of Copy 15 of Drop Ship and Back-To-Back Order Status Rule Set","US"
"DOO","CustomDOO_CloseOrder","AR","CustomDOO_CloseOrder","US"
"DOO","CustomDOO_CloseOrder","CS","CustomDOO_CloseOrder","US"
"DOO","CustomDOO_CloseOrder","D","CustomDOO_CloseOrder","US"
"DOO","CustomDOO_CloseOrder","DK","CustomDOO_CloseOrder","US"
"DOO","CustomDOO_CloseOrder","E","CustomDOO_CloseOrder","US"
"DOO","CustomDOO_CloseOrder","EL","CustomDOO_CloseOrder","US"
"DOO","CustomDOO_CloseOrder","F","CustomDOO_CloseOrder","US"
"DOO","CustomDOO_CloseOrder","FRC","CustomDOO_CloseOrder","US"
"DOO","CustomDOO_CloseOrder","HR","CustomDOO_CloseOrder","US"
"DOO","CustomDOO_CloseOrder","HU","CustomDOO_CloseOrder","US"
"DOO","CustomDOO_CloseOrder","I","CustomDOO_CloseOrder","US"
"DOO","CustomDOO_CloseOrder","IW","CustomDOO_CloseOrder","US"
"DOO","CustomDOO_CloseOrder","JA","CustomDOO_CloseOrder","US"
"DOO","CustomDOO_CloseOrder","KO","CustomDOO_CloseOrder","US"
"DOO","CustomDOO_CloseOrder","N","CustomDOO_CloseOrder","US"
"DOO","CustomDOO_CloseOrder","NL","CustomDOO_CloseOrder","US"
"DOO","CustomDOO_CloseOrder","PL","CustomDOO_CloseOrder","US"
"DOO","CustomDOO_CloseOrder","PTB","CustomDOO_CloseOrder","US"
"DOO","CustomDOO_CloseOrder","RO","CustomDOO_CloseOrder","US"
"DOO","CustomDOO_CloseOrder","RU","CustomDOO_CloseOrder","US"
"DOO","CustomDOO_CloseOrder","S","CustomDOO_CloseOrder","US"
"DOO","CustomDOO_CloseOrder","SF","CustomDOO_CloseOrder","US"
"DOO","CustomDOO_CloseOrder","SK","CustomDOO_CloseOrder","US"
"DOO","CustomDOO_CloseOrder","TH","CustomDOO_CloseOrder","US"
"DOO","CustomDOO_CloseOrder","TR","CustomDOO_CloseOrder","US"
"DOO","CustomDOO_CloseOrder","UK","CustomDOO_CloseOrder","US"
"DOO","CustomDOO_CloseOrder","US","CustomDOO_CloseOrder","US"
"DOO","CustomDOO_CloseOrder","VN","CustomDOO_CloseOrder","US"
"DOO","CustomDOO_CloseOrder","ZHS","CustomDOO_CloseOrder","US"
"DOO","CustomDOO_CloseOrder","ZHT","CustomDOO_CloseOrder","US"
"DOO","Copy 2 of Copy 1 of DOO_Ship_Order_Status_Rule_Set-Version 2","AR","Copy 2 of Copy 3 of Ship Order Status Rule Set-Version 2","US"
"DOO","Copy 2 of Copy 1 of DOO_Ship_Order_Status_Rule_Set-Version 2","CS","Copy 2 of Copy 3 of Ship Order Status Rule Set-Version 2","US"
"DOO","Copy 2 of Copy 1 of DOO_Ship_Order_Status_Rule_Set-Version 2","D","Copy 2 of Copy 3 of Ship Order Status Rule Set-Version 2","US"
"DOO","Copy 2 of Copy 1 of DOO_Ship_Order_Status_Rule_Set-Version 2","DK","Copy 2 of Copy 3 of Ship Order Status Rule Set-Version 2","US"
"DOO","Copy 2 of Copy 1 of DOO_Ship_Order_Status_Rule_Set-Version 2","E","Copy 2 of Copy 3 of Ship Order Status Rule Set-Version 2","US"
"DOO","Copy 2 of Copy 1 of DOO_Ship_Order_Status_Rule_Set-Version 2","EL","Copy 2 of Copy 3 of Ship Order Status Rule Set-Version 2","US"
"DOO","Copy 2 of Copy 1 of DOO_Ship_Order_Status_Rule_Set-Version 2","ESA","Copy 2 of Copy 3 of Ship Order Status Rule Set-Version 2","US"
"DOO","Copy 2 of Copy 1 of DOO_Ship_Order_Status_Rule_Set-Version 2","ET","Copy 2 of Copy 3 of Ship Order Status Rule Set-Version 2","US"
"DOO","Copy 2 of Copy 1 of DOO_Ship_Order_Status_Rule_Set-Version 2","F","Copy 2 of Copy 3 of Ship Order Status Rule Set-Version 2","US"
"DOO","Copy 2 of Copy 1 of DOO_Ship_Order_Status_Rule_Set-Version 2","FRC","Copy 2 of Copy 3 of Ship Order Status Rule Set-Version 2","US"
"DOO","Copy 2 of Copy 1 of DOO_Ship_Order_Status_Rule_Set-Version 2","HR","Copy 2 of Copy 3 of Ship Order Status Rule Set-Version 2","US"
"DOO","Copy 2 of Copy 1 of DOO_Ship_Order_Status_Rule_Set-Version 2","HU","Copy 2 of Copy 3 of Ship Order Status Rule Set-Version 2","US"
"DOO","Copy 2 of Copy 1 of DOO_Ship_Order_Status_Rule_Set-Version 2","I","Copy 2 of Copy 3 of Ship Order Status Rule Set-Version 2","US"
"DOO","Copy 2 of Copy 1 of DOO_Ship_Order_Status_Rule_Set-Version 2","IS","Copy 2 of Copy 3 of Ship Order Status Rule Set-Version 2","US"
"DOO","Copy 2 of Copy 1 of DOO_Ship_Order_Status_Rule_Set-Version 2","IW","Copy 2 of Copy 3 of Ship Order Status Rule Set-Version 2","US"
"DOO","Copy 2 of Copy 1 of DOO_Ship_Order_Status_Rule_Set-Version 2","JA","Copy 2 of Copy 3 of Ship Order Status Rule Set-Version 2","US"
"DOO","Copy 2 of Copy 1 of DOO_Ship_Order_Status_Rule_Set-Version 2","KO","Copy 2 of Copy 3 of Ship Order Status Rule Set-Version 2","US"
"DOO","Copy 2 of Copy 1 of DOO_Ship_Order_Status_Rule_Set-Version 2","LT","Copy 2 of Copy 3 of Ship Order Status Rule Set-Version 2","US"
"DOO","Copy 2 of Copy 1 of DOO_Ship_Order_Status_Rule_Set-Version 2","LV","Copy 2 of Copy 3 of Ship Order Status Rule Set-Version 2","US"
"DOO","Copy 2 of Copy 1 of DOO_Ship_Order_Status_Rule_Set-Version 2","N","Copy 2 of Copy 3 of Ship Order Status Rule Set-Version 2","US"
"DOO","Copy 2 of Copy 1 of DOO_Ship_Order_Status_Rule_Set-Version 2","NL","Copy 2 of Copy 3 of Ship Order Status Rule Set-Version 2","US"
"DOO","Copy 2 of Copy 1 of DOO_Ship_Order_Status_Rule_Set-Version 2","PL","Copy 2 of Copy 3 of Ship Order Status Rule Set-Version 2","US"
"DOO","Copy 2 of Copy 1 of DOO_Ship_Order_Status_Rule_Set-Version 2","PT","Copy 2 of Copy 3 of Ship Order Status Rule Set-Version 2","US"
"DOO","Copy 2 of Copy 1 of DOO_Ship_Order_Status_Rule_Set-Version 2","PTB","Copy 2 of Copy 3 of Ship Order Status Rule Set-Version 2","US"
"DOO","Copy 2 of Copy 1 of DOO_Ship_Order_Status_Rule_Set-Version 2","RO","Copy 2 of Copy 3 of Ship Order Status Rule Set-Version 2","US"
"DOO","Copy 2 of Copy 1 of DOO_Ship_Order_Status_Rule_Set-Version 2","RU","Copy 2 of Copy 3 of Ship Order Status Rule Set-Version 2","US"
"DOO","Copy 2 of Copy 1 of DOO_Ship_Order_Status_Rule_Set-Version 2","S","Copy 2 of Copy 3 of Ship Order Status Rule Set-Version 2","US"
"DOO","Copy 2 of Copy 1 of DOO_Ship_Order_Status_Rule_Set-Version 2","SF","Copy 2 of Copy 3 of Ship Order Status Rule Set-Version 2","US"
"DOO","Copy 2 of Copy 1 of DOO_Ship_Order_Status_Rule_Set-Version 2","SK","Copy 2 of Copy 3 of Ship Order Status Rule Set-Version 2","US"
"DOO","Copy 2 of Copy 1 of DOO_Ship_Order_Status_Rule_Set-Version 2","SL","Copy 2 of Copy 3 of Ship Order Status Rule Set-Version 2","US"
"DOO","Copy 2 of Copy 1 of DOO_Ship_Order_Status_Rule_Set-Version 2","TH","Copy 2 of Copy 3 of Ship Order Status Rule Set-Version 2","US"
"DOO","Copy 2 of Copy 1 of DOO_Ship_Order_Status_Rule_Set-Version 2","TR","Copy 2 of Copy 3 of Ship Order Status Rule Set-Version 2","US"
"DOO","Copy 2 of Copy 1 of DOO_Ship_Order_Status_Rule_Set-Version 2","UK","Copy 2 of Copy 3 of Ship Order Status Rule Set-Version 2","US"
"DOO","Copy 2 of Copy 1 of DOO_Ship_Order_Status_Rule_Set-Version 2","US","Copy 2 of Copy 3 of Ship Order Status Rule Set-Version 2","US"
"DOO","Copy 2 of Copy 1 of DOO_Ship_Order_Status_Rule_Set-Version 2","VN","Copy 2 of Copy 3 of Ship Order Status Rule Set-Version 2","US"
"DOO","Copy 2 of Copy 1 of DOO_Ship_Order_Status_Rule_Set-Version 2","ZHS","Copy 2 of Copy 3 of Ship Order Status Rule Set-Version 2","US"
"DOO","Copy 2 of Copy 1 of DOO_Ship_Order_Status_Rule_Set-Version 2","ZHT","Copy 2 of Copy 3 of Ship Order Status Rule Set-Version 2","US"
"DOO","Copy 1 of Ship Order Status Rule Set","AR","Copy 1 of Ship Order Status Rule Set","US"
"DOO","Copy 1 of Ship Order Status Rule Set","CS","Copy 1 of Ship Order Status Rule Set","US"
"DOO","Copy 1 of Ship Order Status Rule Set","D","Kopie 1 von Versandauftragsstatus Regelsatz","D"
"DOO","Copy 1 of Ship Order Status Rule Set","DK","Copy 1 of Ship Order Status Rule Set","US"
"DOO","Copy 1 of Ship Order Status Rule Set","E","Copia 1 del juego de reglas del estado de envio pedido","E"
"DOO","Copy 1 of Ship Order Status Rule Set","EL","Copy 1 of Ship Order Status Rule Set","US"
"DOO","Copy 1 of Ship Order Status Rule Set","ESA","Copy 1 of Ship Order Status Rule Set","US"
"DOO","Copy 1 of Ship Order Status Rule Set","ET","Copy 1 of Ship Order Status Rule Set","US"
"DOO","Copy 1 of Ship Order Status Rule Set","F","Copie 1 du jeu de règles de statut de commande d'expédition","F"
"DOO","Copy 1 of Ship Order Status Rule Set","FRC","Copie 1 du jeu de règles de statut de commande d'expédition","FRC"
"DOO","Copy 1 of Ship Order Status Rule Set","HR","Copy 1 of Ship Order Status Rule Set","US"
"DOO","Copy 1 of Ship Order Status Rule Set","HU","Copy 1 of Ship Order Status Rule Set","US"
"DOO","Copy 1 of Ship Order Status Rule Set","I","Copia 1 del Set di regole sullo Stato della Spedizione dell'Ordine","I"
"DOO","Copy 1 of Ship Order Status Rule Set","IS","Copy 1 of Ship Order Status Rule Set","US"
"DOO","Copy 1 of Ship Order Status Rule Set","IW","Copy 1 of Ship Order Status Rule Set","US"
"DOO","Copy 1 of Ship Order Status Rule Set","JA","Copy 1 of Ship Order Status Rule Set","US"
"DOO","Copy 1 of Ship Order Status Rule Set","KO","선박주문현황 rule set 복사1","KO"
"DOO","Copy 1 of Ship Order Status Rule Set","LT","Copy 1 of Ship Order Status Rule Set","US"
"DOO","Copy 1 of Ship Order Status Rule Set","LV","Copy 1 of Ship Order Status Rule Set","US"
"DOO","Copy 1 of Ship Order Status Rule Set","N","Copy 1 of Ship Order Status Rule Set","US"
"DOO","Copy 1 of Ship Order Status Rule Set","NL","Kopie 1 van Ship Order Status Rule Set","NL"
"DOO","Copy 1 of Ship Order Status Rule Set","PL","Copy 1 of Ship Order Status Rule Set","US"
"DOO","Copy 1 of Ship Order Status Rule Set","PT","Copy 1 of Ship Order Status Rule Set","US"
"DOO","Copy 1 of Ship Order Status Rule Set","PTB","Copy 1 of Ship Order Status Rule Set","US"
"DOO","Copy 1 of Ship Order Status Rule Set","RO","Copy 1 of Ship Order Status Rule Set","US"
"DOO","Copy 1 of Ship Order Status Rule Set","RU","Copy 1 of Ship Order Status Rule Set","US"
"DOO","Copy 1 of Ship Order Status Rule Set","S","Copy 1 of Ship Order Status Rule Set","US"
"DOO","Copy 1 of Ship Order Status Rule Set","SF","Copy 1 of Ship Order Status Rule Set","US"
"DOO","Copy 1 of Ship Order Status Rule Set","SK","Copy 1 of Ship Order Status Rule Set","US"
"DOO","Copy 1 of Ship Order Status Rule Set","SL","Copy 1 of Ship Order Status Rule Set","US"
"DOO","Copy 1 of Ship Order Status Rule Set","TH","Copy 1 of Ship Order Status Rule Set","US"
"DOO","Copy 1 of Ship Order Status Rule Set","TR","Copy 1 of Ship Order Status Rule Set","US"
"DOO","Copy 1 of Ship Order Status Rule Set","UK","Copy 1 of Ship Order Status Rule Set","US"
"DOO","Copy 1 of Ship Order Status Rule Set","US","Copy 1 of Ship Order Status Rule Set","US"
"DOO","Copy 1 of Ship Order Status Rule Set","VN","Copy 1 of Ship Order Status Rule Set","US"
"DOO","Copy 1 of Ship Order Status Rule Set","ZHS","发运订单状态规则集（复制1）","ZHS"
"DOO","Copy 1 of Ship Order Status Rule Set","ZHT","發隕訂單壯撻規則集（複制1）","ZHT"
"DOO","ClickShipCollect1","AR","ClickShipCollect1","US"
"DOO","ClickShipCollect1","CS","ClickShipCollect1","US"
"DOO","ClickShipCollect1","D","ClickShipCollect1","US"
"DOO","ClickShipCollect1","DK","ClickShipCollect1","US"
"DOO","ClickShipCollect1","E","ClickShipCollect1","US"
"DOO","ClickShipCollect1","EL","ClickShipCollect1","US"
"DOO","ClickShipCollect1","ESA","ClickShipCollect1","US"
"DOO","ClickShipCollect1","ET","ClickShipCollect1","US"
"DOO","ClickShipCollect1","F","ClickShipCollect1","US"
"DOO","ClickShipCollect1","FRC","ClickShipCollect1","US"
"DOO","ClickShipCollect1","HR","ClickShipCollect1","US"
"DOO","ClickShipCollect1","HU","ClickShipCollect1","US"
"DOO","ClickShipCollect1","I","ClickShipCollect1","US"
"DOO","ClickShipCollect1","IS","ClickShipCollect1","US"
"DOO","ClickShipCollect1","IW","ClickShipCollect1","US"
"DOO","ClickShipCollect1","JA","ClickShipCollect1","US"
"DOO","ClickShipCollect1","KO","ClickShipCollect1","US"
"DOO","ClickShipCollect1","LT","ClickShipCollect1","US"
"DOO","ClickShipCollect1","LV","ClickShipCollect1","US"
"DOO","ClickShipCollect1","N","ClickShipCollect1","US"
"DOO","ClickShipCollect1","NL","ClickShipCollect1","US"
"DOO","ClickShipCollect1","PL","ClickShipCollect1","US"
"DOO","ClickShipCollect1","PT","ClickShipCollect1","US"
"DOO","ClickShipCollect1","PTB","ClickShipCollect1","US"
"DOO","ClickShipCollect1","RO","ClickShipCollect1","US"
"DOO","ClickShipCollect1","RU","ClickShipCollect1","US"
"DOO","ClickShipCollect1","S","ClickShipCollect1","US"
"DOO","ClickShipCollect1","SF","ClickShipCollect1","US"
"DOO","ClickShipCollect1","SK","ClickShipCollect1","US"
"DOO","ClickShipCollect1","SL","ClickShipCollect1","US"
"DOO","ClickShipCollect1","TH","ClickShipCollect1","US"
"DOO","ClickShipCollect1","TR","ClickShipCollect1","US"
"DOO","ClickShipCollect1","UK","ClickShipCollect1","US"
"DOO","ClickShipCollect1","US","ClickShipCollect1","US"
"DOO","ClickShipCollect1","VN","ClickShipCollect1","US"
"DOO","ClickShipCollect1","ZHS","ClickShipCollect1","US"
"DOO","ClickShipCollect1","ZHT","ClickShipCollect1","US"
"DOO","Copy of Copy of ClickShipCollect1","AR","Copy of Copy of ClickShipCollect1","US"
"DOO","Copy of Copy of ClickShipCollect1","CS","Copy of Copy of ClickShipCollect1","US"
"DOO","Copy of Copy of ClickShipCollect1","D","Copy of Copy of ClickShipCollect1","US"
"DOO","Copy of Copy of ClickShipCollect1","DK","Copy of Copy of ClickShipCollect1","US"
"DOO","Copy of Copy of ClickShipCollect1","E","Copy of Copy of ClickShipCollect1","US"
"DOO","Copy of Copy of ClickShipCollect1","EL","Copy of Copy of ClickShipCollect1","US"
"DOO","Copy of Copy of ClickShipCollect1","ESA","Copy of Copy of ClickShipCollect1","US"
"DOO","Copy of Copy of ClickShipCollect1","ET","Copy of Copy of ClickShipCollect1","US"
"DOO","Copy of Copy of ClickShipCollect1","F","Copy of Copy of ClickShipCollect1","US"
"DOO","Copy of Copy of ClickShipCollect1","FRC","Copy of Copy of ClickShipCollect1","US"
"DOO","Copy of Copy of ClickShipCollect1","HR","Copy of Copy of ClickShipCollect1","US"
"DOO","Copy of Copy of ClickShipCollect1","HU","Copy of Copy of ClickShipCollect1","US"
"DOO","Copy of Copy of ClickShipCollect1","I","Copy of Copy of ClickShipCollect1","US"
"DOO","Copy of Copy of ClickShipCollect1","IS","Copy of Copy of ClickShipCollect1","US"
"DOO","Copy of Copy of ClickShipCollect1","IW","Copy of Copy of ClickShipCollect1","US"
"DOO","Copy of Copy of ClickShipCollect1","JA","Copy of Copy of ClickShipCollect1","US"
"DOO","Copy of Copy of ClickShipCollect1","KO","Copy of Copy of ClickShipCollect1","US"
"DOO","Copy of Copy of ClickShipCollect1","LT","Copy of Copy of ClickShipCollect1","US"
"DOO","Copy of Copy of ClickShipCollect1","LV","Copy of Copy of ClickShipCollect1","US"
"DOO","Copy of Copy of ClickShipCollect1","N","Copy of Copy of ClickShipCollect1","US"
"DOO","Copy of Copy of ClickShipCollect1","NL","Copy of Copy of ClickShipCollect1","US"
"DOO","Copy of Copy of ClickShipCollect1","PL","Copy of Copy of ClickShipCollect1","US"
"DOO","Copy of Copy of ClickShipCollect1","PT","Copy of Copy of ClickShipCollect1","US"
"DOO","Copy of Copy of ClickShipCollect1","PTB","Copy of Copy of ClickShipCollect1","US"
"DOO","Copy of Copy of ClickShipCollect1","RO","Copy of Copy of ClickShipCollect1","US"
"DOO","Copy of Copy of ClickShipCollect1","RU","Copy of Copy of ClickShipCollect1","US"
"DOO","Copy of Copy of ClickShipCollect1","S","Copy of Copy of ClickShipCollect1","US"
"DOO","Copy of Copy of ClickShipCollect1","SF","Copy of Copy of ClickShipCollect1","US"
"DOO","Copy of Copy of ClickShipCollect1","SK","Copy of Copy of ClickShipCollect1","US"
"DOO","Copy of Copy of ClickShipCollect1","SL","Copy of Copy of ClickShipCollect1","US"
"DOO","Copy of Copy of ClickShipCollect1","TH","Copy of Copy of ClickShipCollect1","US"
"DOO","Copy of Copy of ClickShipCollect1","TR","Copy of Copy of ClickShipCollect1","US"
"DOO","Copy of Copy of ClickShipCollect1","UK","Copy of Copy of ClickShipCollect1","US"
"DOO","Copy of Copy of ClickShipCollect1","US","Copy of Copy of ClickShipCollect1","US"
"DOO","Copy of Copy of ClickShipCollect1","VN","Copy of Copy of ClickShipCollect1","US"
"DOO","Copy of Copy of ClickShipCollect1","ZHS","Copy of Copy of ClickShipCollect1","US"
"DOO","Copy of Copy of ClickShipCollect1","ZHT","Copy of Copy of ClickShipCollect1","US"
"DOO","Manual Ship Order Status Rule Set","AR","Manual Ship Order Status Rule Set","US"
"DOO","Manual Ship Order Status Rule Set","CS","Manual Ship Order Status Rule Set","US"
"DOO","Manual Ship Order Status Rule Set","D","Manual Ship Order Status Rule Set","US"
"DOO","Manual Ship Order Status Rule Set","DK","Manual Ship Order Status Rule Set","US"
"DOO","Manual Ship Order Status Rule Set","E","Manual Ship Order Status Rule Set","US"
"DOO","Manual Ship Order Status Rule Set","EL","Manual Ship Order Status Rule Set","US"
"DOO","Manual Ship Order Status Rule Set","ESA","Manual Ship Order Status Rule Set","US"
"DOO","Manual Ship Order Status Rule Set","ET","Manual Ship Order Status Rule Set","US"
"DOO","Manual Ship Order Status Rule Set","F","Manual Ship Order Status Rule Set","US"
"DOO","Manual Ship Order Status Rule Set","FRC","Manual Ship Order Status Rule Set","US"
"DOO","Manual Ship Order Status Rule Set","HR","Manual Ship Order Status Rule Set","US"
"DOO","Manual Ship Order Status Rule Set","HU","Manual Ship Order Status Rule Set","US"
"DOO","Manual Ship Order Status Rule Set","I","Manual Ship Order Status Rule Set","US"
"DOO","Manual Ship Order Status Rule Set","IS","Manual Ship Order Status Rule Set","US"
"DOO","Manual Ship Order Status Rule Set","IW","Manual Ship Order Status Rule Set","US"
"DOO","Manual Ship Order Status Rule Set","JA","Manual Ship Order Status Rule Set","US"
"DOO","Manual Ship Order Status Rule Set","KO","Manual Ship Order Status Rule Set","US"
"DOO","Manual Ship Order Status Rule Set","LT","Manual Ship Order Status Rule Set","US"
"DOO","Manual Ship Order Status Rule Set","LV","Manual Ship Order Status Rule Set","US"
"DOO","Manual Ship Order Status Rule Set","N","Manual Ship Order Status Rule Set","US"
"DOO","Manual Ship Order Status Rule Set","NL","Manual Ship Order Status Rule Set","US"
"DOO","Manual Ship Order Status Rule Set","PL","Manual Ship Order Status Rule Set","US"
"DOO","Manual Ship Order Status Rule Set","PT","Manual Ship Order Status Rule Set","US"
"DOO","Manual Ship Order Status Rule Set","PTB","Manual Ship Order Status Rule Set","US"
"DOO","Manual Ship Order Status Rule Set","RO","Manual Ship Order Status Rule Set","US"
"DOO","Manual Ship Order Status Rule Set","RU","Manual Ship Order Status Rule Set","US"
"DOO","Manual Ship Order Status Rule Set","S","Manual Ship Order Status Rule Set","US"
"DOO","Manual Ship Order Status Rule Set","SF","Manual Ship Order Status Rule Set","US"
"DOO","Manual Ship Order Status Rule Set","SK","Manual Ship Order Status Rule Set","US"
"DOO","Manual Ship Order Status Rule Set","SL","Manual Ship Order Status Rule Set","US"
"DOO","Manual Ship Order Status Rule Set","TH","Manual Ship Order Status Rule Set","US"
"DOO","Manual Ship Order Status Rule Set","TR","Manual Ship Order Status Rule Set","US"
"DOO","Manual Ship Order Status Rule Set","UK","Manual Ship Order Status Rule Set","US"
"DOO","Manual Ship Order Status Rule Set","US","Manual Ship Order Status Rule Set","US"
"DOO","Manual Ship Order Status Rule Set","VN","Manual Ship Order Status Rule Set","US"
"DOO","Manual Ship Order Status Rule Set","ZHS","Manual Ship Order Status Rule Set","US"
"DOO","Manual Ship Order Status Rule Set","ZHT","Manual Ship Order Status Rule Set","US"
"DOO","ShipOrderProcess","AR","ShipOrderProcess","US"
"DOO","ShipOrderProcess","CS","ShipOrderProcess","US"
"DOO","ShipOrderProcess","D","ShipOrderProcess","US"
"DOO","ShipOrderProcess","DK","ShipOrderProcess","US"
"DOO","ShipOrderProcess","E","ShipOrderProcess","US"
"DOO","ShipOrderProcess","EL","ShipOrderProcess","US"
"DOO","ShipOrderProcess","ESA","ShipOrderProcess","US"
"DOO","ShipOrderProcess","ET","ShipOrderProcess","US"
"DOO","ShipOrderProcess","F","ShipOrderProcess","US"
"DOO","ShipOrderProcess","FRC","ShipOrderProcess","US"
"DOO","ShipOrderProcess","HR","ShipOrderProcess","US"
"DOO","ShipOrderProcess","HU","ShipOrderProcess","US"
"DOO","ShipOrderProcess","I","ShipOrderProcess","US"
"DOO","ShipOrderProcess","IS","ShipOrderProcess","US"
"DOO","ShipOrderProcess","IW","ShipOrderProcess","US"
"DOO","ShipOrderProcess","JA","ShipOrderProcess","US"
"DOO","ShipOrderProcess","KO","ShipOrderProcess","US"
"DOO","ShipOrderProcess","LT","ShipOrderProcess","US"
"DOO","ShipOrderProcess","LV","ShipOrderProcess","US"
"DOO","ShipOrderProcess","N","ShipOrderProcess","US"
"DOO","ShipOrderProcess","NL","ShipOrderProcess","US"
"DOO","ShipOrderProcess","PL","ShipOrderProcess","US"
"DOO","ShipOrderProcess","PT","ShipOrderProcess","US"
"DOO","ShipOrderProcess","PTB","ShipOrderProcess","US"
"DOO","ShipOrderProcess","RO","ShipOrderProcess","US"
"DOO","ShipOrderProcess","RU","ShipOrderProcess","US"
"DOO","ShipOrderProcess","S","ShipOrderProcess","US"
"DOO","ShipOrderProcess","SF","ShipOrderProcess","US"
"DOO","ShipOrderProcess","SK","ShipOrderProcess","US"
"DOO","ShipOrderProcess","SL","ShipOrderProcess","US"
"DOO","ShipOrderProcess","TH","ShipOrderProcess","US"
"DOO","ShipOrderProcess","TR","ShipOrderProcess","US"
"DOO","ShipOrderProcess","UK","ShipOrderProcess","US"
"DOO","ShipOrderProcess","US","ShipOrderProcess","US"
"DOO","ShipOrderProcess","VN","ShipOrderProcess","US"
"DOO","ShipOrderProcess","ZHS","ShipOrderProcess","US"
"DOO","ShipOrderProcess","ZHT","ShipOrderProcess","US"
"DOO","Copy of ClickShipCollect1-Version 1","AR","Copy of ClickShipCollect1-Version 1","US"
"DOO","Copy of ClickShipCollect1-Version 1","CS","Copy of ClickShipCollect1-Version 1","US"
"DOO","Copy of ClickShipCollect1-Version 1","D","Copy of ClickShipCollect1-Version 1","US"
"DOO","Copy of ClickShipCollect1-Version 1","DK","Copy of ClickShipCollect1-Version 1","US"
"DOO","Copy of ClickShipCollect1-Version 1","E","Copy of ClickShipCollect1-Version 1","US"
"DOO","Copy of ClickShipCollect1-Version 1","EL","Copy of ClickShipCollect1-Version 1","US"
"DOO","Copy of ClickShipCollect1-Version 1","ESA","Copy of ClickShipCollect1-Version 1","US"
"DOO","Copy of ClickShipCollect1-Version 1","ET","Copy of ClickShipCollect1-Version 1","US"
"DOO","Copy of ClickShipCollect1-Version 1","F","Copy of ClickShipCollect1-Version 1","US"
"DOO","Copy of ClickShipCollect1-Version 1","FRC","Copy of ClickShipCollect1-Version 1","US"
"DOO","Copy of ClickShipCollect1-Version 1","HR","Copy of ClickShipCollect1-Version 1","US"
"DOO","Copy of ClickShipCollect1-Version 1","HU","Copy of ClickShipCollect1-Version 1","US"
"DOO","Copy of ClickShipCollect1-Version 1","I","Copy of ClickShipCollect1-Version 1","US"
"DOO","Copy of ClickShipCollect1-Version 1","IS","Copy of ClickShipCollect1-Version 1","US"
"DOO","Copy of ClickShipCollect1-Version 1","IW","Copy of ClickShipCollect1-Version 1","US"
"DOO","Copy of ClickShipCollect1-Version 1","JA","Copy of ClickShipCollect1-Version 1","US"
"DOO","Copy of ClickShipCollect1-Version 1","KO","Copy of ClickShipCollect1-Version 1","US"
"DOO","Copy of ClickShipCollect1-Version 1","LT","Copy of ClickShipCollect1-Version 1","US"
"DOO","Copy of ClickShipCollect1-Version 1","LV","Copy of ClickShipCollect1-Version 1","US"
"DOO","Copy of ClickShipCollect1-Version 1","N","Copy of ClickShipCollect1-Version 1","US"
"DOO","Copy of ClickShipCollect1-Version 1","NL","Copy of ClickShipCollect1-Version 1","US"
"DOO","Copy of ClickShipCollect1-Version 1","PL","Copy of ClickShipCollect1-Version 1","US"
"DOO","Copy of ClickShipCollect1-Version 1","PT","Copy of ClickShipCollect1-Version 1","US"
"DOO","Copy of ClickShipCollect1-Version 1","PTB","Copy of ClickShipCollect1-Version 1","US"
"DOO","Copy of ClickShipCollect1-Version 1","RO","Copy of ClickShipCollect1-Version 1","US"
"DOO","Copy of ClickShipCollect1-Version 1","RU","Copy of ClickShipCollect1-Version 1","US"
"DOO","Copy of ClickShipCollect1-Version 1","S","Copy of ClickShipCollect1-Version 1","US"
"DOO","Copy of ClickShipCollect1-Version 1","SF","Copy of ClickShipCollect1-Version 1","US"
"DOO","Copy of ClickShipCollect1-Version 1","SK","Copy of ClickShipCollect1-Version 1","US"
"DOO","Copy of ClickShipCollect1-Version 1","SL","Copy of ClickShipCollect1-Version 1","US"
"DOO","Copy of ClickShipCollect1-Version 1","TH","Copy of ClickShipCollect1-Version 1","US"
"DOO","Copy of ClickShipCollect1-Version 1","TR","Copy of ClickShipCollect1-Version 1","US"
"DOO","Copy of ClickShipCollect1-Version 1","UK","Copy of ClickShipCollect1-Version 1","US"
"DOO","Copy of ClickShipCollect1-Version 1","US","Copy of ClickShipCollect1-Version 1","US"
"DOO","Copy of ClickShipCollect1-Version 1","VN","Copy of ClickShipCollect1-Version 1","US"
"DOO","Copy of ClickShipCollect1-Version 1","ZHS","Copy of ClickShipCollect1-Version 1","US"
"DOO","Copy of ClickShipCollect1-Version 1","ZHT","Copy of ClickShipCollect1-Version 1","US"
"DOO","ClickShipCollect1-Version 1","AR","ClickShipCollect1-Version 1","US"
"DOO","ClickShipCollect1-Version 1","CS","ClickShipCollect1-Version 1","US"
"DOO","ClickShipCollect1-Version 1","D","ClickShipCollect1-Version 1","US"
"DOO","ClickShipCollect1-Version 1","DK","ClickShipCollect1-Version 1","US"
"DOO","ClickShipCollect1-Version 1","E","ClickShipCollect1-Version 1","US"
"DOO","ClickShipCollect1-Version 1","EL","ClickShipCollect1-Version 1","US"
"DOO","ClickShipCollect1-Version 1","ESA","ClickShipCollect1-Version 1","US"
"DOO","ClickShipCollect1-Version 1","ET","ClickShipCollect1-Version 1","US"
"DOO","ClickShipCollect1-Version 1","F","ClickShipCollect1-Version 1","US"
"DOO","ClickShipCollect1-Version 1","FRC","ClickShipCollect1-Version 1","US"
"DOO","ClickShipCollect1-Version 1","HR","ClickShipCollect1-Version 1","US"
"DOO","ClickShipCollect1-Version 1","HU","ClickShipCollect1-Version 1","US"
"DOO","ClickShipCollect1-Version 1","I","ClickShipCollect1-Version 1","US"
"DOO","ClickShipCollect1-Version 1","IS","ClickShipCollect1-Version 1","US"
"DOO","ClickShipCollect1-Version 1","IW","ClickShipCollect1-Version 1","US"
"DOO","ClickShipCollect1-Version 1","JA","ClickShipCollect1-Version 1","US"
"DOO","ClickShipCollect1-Version 1","KO","ClickShipCollect1-Version 1","US"
"DOO","ClickShipCollect1-Version 1","LT","ClickShipCollect1-Version 1","US"
"DOO","ClickShipCollect1-Version 1","LV","ClickShipCollect1-Version 1","US"
"DOO","ClickShipCollect1-Version 1","N","ClickShipCollect1-Version 1","US"
"DOO","ClickShipCollect1-Version 1","NL","ClickShipCollect1-Version 1","US"
"DOO","ClickShipCollect1-Version 1","PL","ClickShipCollect1-Version 1","US"
"DOO","ClickShipCollect1-Version 1","PT","ClickShipCollect1-Version 1","US"
"DOO","ClickShipCollect1-Version 1","PTB","ClickShipCollect1-Version 1","US"
"DOO","ClickShipCollect1-Version 1","RO","ClickShipCollect1-Version 1","US"
"DOO","ClickShipCollect1-Version 1","RU","ClickShipCollect1-Version 1","US"
"DOO","ClickShipCollect1-Version 1","S","ClickShipCollect1-Version 1","US"
"DOO","ClickShipCollect1-Version 1","SF","ClickShipCollect1-Version 1","US"
"DOO","ClickShipCollect1-Version 1","SK","ClickShipCollect1-Version 1","US"
"DOO","ClickShipCollect1-Version 1","SL","ClickShipCollect1-Version 1","US"
"DOO","ClickShipCollect1-Version 1","TH","ClickShipCollect1-Version 1","US"
"DOO","ClickShipCollect1-Version 1","TR","ClickShipCollect1-Version 1","US"
"DOO","ClickShipCollect1-Version 1","UK","ClickShipCollect1-Version 1","US"
"DOO","ClickShipCollect1-Version 1","US","ClickShipCollect1-Version 1","US"
"DOO","ClickShipCollect1-Version 1","VN","ClickShipCollect1-Version 1","US"
"DOO","ClickShipCollect1-Version 1","ZHS","ClickShipCollect1-Version 1","US"
"DOO","ClickShipCollect1-Version 1","ZHT","ClickShipCollect1-Version 1","US"
"DOO","Copy 1 of DOO_Ship_Order_Status_Rule_Set-Version 1","AR","Copy 3 of Ship Order Status Rule Set-Version 1","US"
"DOO","Copy 1 of DOO_Ship_Order_Status_Rule_Set-Version 1","CS","Copy 3 of Ship Order Status Rule Set-Version 1","US"
"DOO","Copy 1 of DOO_Ship_Order_Status_Rule_Set-Version 1","D","Copy 3 of Ship Order Status Rule Set-Version 1","US"
"DOO","Copy 1 of DOO_Ship_Order_Status_Rule_Set-Version 1","DK","Copy 3 of Ship Order Status Rule Set-Version 1","US"
"DOO","Copy 1 of DOO_Ship_Order_Status_Rule_Set-Version 1","E","Copy 3 of Ship Order Status Rule Set-Version 1","US"
"DOO","Copy 1 of DOO_Ship_Order_Status_Rule_Set-Version 1","EL","Copy 3 of Ship Order Status Rule Set-Version 1","US"
"DOO","Copy 1 of DOO_Ship_Order_Status_Rule_Set-Version 1","ESA","Copy 3 of Ship Order Status Rule Set-Version 1","US"
"DOO","Copy 1 of DOO_Ship_Order_Status_Rule_Set-Version 1","ET","Copy 3 of Ship Order Status Rule Set-Version 1","US"
"DOO","Copy 1 of DOO_Ship_Order_Status_Rule_Set-Version 1","F","Copy 3 of Ship Order Status Rule Set-Version 1","US"
"DOO","Copy 1 of DOO_Ship_Order_Status_Rule_Set-Version 1","FRC","Copy 3 of Ship Order Status Rule Set-Version 1","US"
"DOO","Copy 1 of DOO_Ship_Order_Status_Rule_Set-Version 1","HR","Copy 3 of Ship Order Status Rule Set-Version 1","US"
"DOO","Copy 1 of DOO_Ship_Order_Status_Rule_Set-Version 1","HU","Copy 3 of Ship Order Status Rule Set-Version 1","US"
"DOO","Copy 1 of DOO_Ship_Order_Status_Rule_Set-Version 1","I","Copy 3 of Ship Order Status Rule Set-Version 1","US"
"DOO","Copy 1 of DOO_Ship_Order_Status_Rule_Set-Version 1","IS","Copy 3 of Ship Order Status Rule Set-Version 1","US"
"DOO","Copy 1 of DOO_Ship_Order_Status_Rule_Set-Version 1","IW","Copy 3 of Ship Order Status Rule Set-Version 1","US"
"DOO","Copy 1 of DOO_Ship_Order_Status_Rule_Set-Version 1","JA","Copy 3 of Ship Order Status Rule Set-Version 1","US"
"DOO","Copy 1 of DOO_Ship_Order_Status_Rule_Set-Version 1","KO","Copy 3 of Ship Order Status Rule Set-Version 1","US"
"DOO","Copy 1 of DOO_Ship_Order_Status_Rule_Set-Version 1","LT","Copy 3 of Ship Order Status Rule Set-Version 1","US"
"DOO","Copy 1 of DOO_Ship_Order_Status_Rule_Set-Version 1","LV","Copy 3 of Ship Order Status Rule Set-Version 1","US"
"DOO","Copy 1 of DOO_Ship_Order_Status_Rule_Set-Version 1","N","Copy 3 of Ship Order Status Rule Set-Version 1","US"
"DOO","Copy 1 of DOO_Ship_Order_Status_Rule_Set-Version 1","NL","Copy 3 of Ship Order Status Rule Set-Version 1","US"
"DOO","Copy 1 of DOO_Ship_Order_Status_Rule_Set-Version 1","PL","Copy 3 of Ship Order Status Rule Set-Version 1","US"
"DOO","Copy 1 of DOO_Ship_Order_Status_Rule_Set-Version 1","PT","Copy 3 of Ship Order Status Rule Set-Version 1","US"
"DOO","Copy 1 of DOO_Ship_Order_Status_Rule_Set-Version 1","PTB","Copy 3 of Ship Order Status Rule Set-Version 1","US"
"DOO","Copy 1 of DOO_Ship_Order_Status_Rule_Set-Version 1","RO","Copy 3 of Ship Order Status Rule Set-Version 1","US"
"DOO","Copy 1 of DOO_Ship_Order_Status_Rule_Set-Version 1","RU","Copy 3 of Ship Order Status Rule Set-Version 1","US"
"DOO","Copy 1 of DOO_Ship_Order_Status_Rule_Set-Version 1","S","Copy 3 of Ship Order Status Rule Set-Version 1","US"
"DOO","Copy 1 of DOO_Ship_Order_Status_Rule_Set-Version 1","SF","Copy 3 of Ship Order Status Rule Set-Version 1","US"
"DOO","Copy 1 of DOO_Ship_Order_Status_Rule_Set-Version 1","SK","Copy 3 of Ship Order Status Rule Set-Version 1","US"
"DOO","Copy 1 of DOO_Ship_Order_Status_Rule_Set-Version 1","SL","Copy 3 of Ship Order Status Rule Set-Version 1","US"
"DOO","Copy 1 of DOO_Ship_Order_Status_Rule_Set-Version 1","TH","Copy 3 of Ship Order Status Rule Set-Version 1","US"
"DOO","Copy 1 of DOO_Ship_Order_Status_Rule_Set-Version 1","TR","Copy 3 of Ship Order Status Rule Set-Version 1","US"
"DOO","Copy 1 of DOO_Ship_Order_Status_Rule_Set-Version 1","UK","Copy 3 of Ship Order Status Rule Set-Version 1","US"
"DOO","Copy 1 of DOO_Ship_Order_Status_Rule_Set-Version 1","US","Copy 3 of Ship Order Status Rule Set-Version 1","US"
"DOO","Copy 1 of DOO_Ship_Order_Status_Rule_Set-Version 1","VN","Copy 3 of Ship Order Status Rule Set-Version 1","US"
"DOO","Copy 1 of DOO_Ship_Order_Status_Rule_Set-Version 1","ZHS","Copy 3 of Ship Order Status Rule Set-Version 1","US"
"DOO","Copy 1 of DOO_Ship_Order_Status_Rule_Set-Version 1","ZHT","Copy 3 of Ship Order Status Rule Set-Version 1","US"
"DOO","Copy 1 of DOO_Ship_Order_Status_Rule_Set-Version 2","AR","Copy 3 of Ship Order Status Rule Set-Version 2","US"
"DOO","Copy 1 of DOO_Ship_Order_Status_Rule_Set-Version 2","CS","Copy 3 of Ship Order Status Rule Set-Version 2","US"
"DOO","Copy 1 of DOO_Ship_Order_Status_Rule_Set-Version 2","D","Copy 3 of Ship Order Status Rule Set-Version 2","US"
"DOO","Copy 1 of DOO_Ship_Order_Status_Rule_Set-Version 2","DK","Copy 3 of Ship Order Status Rule Set-Version 2","US"
"DOO","Copy 1 of DOO_Ship_Order_Status_Rule_Set-Version 2","E","Copy 3 of Ship Order Status Rule Set-Version 2","US"
"DOO","Copy 1 of DOO_Ship_Order_Status_Rule_Set-Version 2","EL","Copy 3 of Ship Order Status Rule Set-Version 2","US"
"DOO","Copy 1 of DOO_Ship_Order_Status_Rule_Set-Version 2","ESA","Copy 3 of Ship Order Status Rule Set-Version 2","US"
"DOO","Copy 1 of DOO_Ship_Order_Status_Rule_Set-Version 2","ET","Copy 3 of Ship Order Status Rule Set-Version 2","US"
"DOO","Copy 1 of DOO_Ship_Order_Status_Rule_Set-Version 2","F","Copy 3 of Ship Order Status Rule Set-Version 2","US"
"DOO","Copy 1 of DOO_Ship_Order_Status_Rule_Set-Version 2","FRC","Copy 3 of Ship Order Status Rule Set-Version 2","US"
"DOO","Copy 1 of DOO_Ship_Order_Status_Rule_Set-Version 2","HR","Copy 3 of Ship Order Status Rule Set-Version 2","US"
"DOO","Copy 1 of DOO_Ship_Order_Status_Rule_Set-Version 2","HU","Copy 3 of Ship Order Status Rule Set-Version 2","US"
"DOO","Copy 1 of DOO_Ship_Order_Status_Rule_Set-Version 2","I","Copy 3 of Ship Order Status Rule Set-Version 2","US"
"DOO","Copy 1 of DOO_Ship_Order_Status_Rule_Set-Version 2","IS","Copy 3 of Ship Order Status Rule Set-Version 2","US"
"DOO","Copy 1 of DOO_Ship_Order_Status_Rule_Set-Version 2","IW","Copy 3 of Ship Order Status Rule Set-Version 2","US"
"DOO","Copy 1 of DOO_Ship_Order_Status_Rule_Set-Version 2","JA","Copy 3 of Ship Order Status Rule Set-Version 2","US"
"DOO","Copy 1 of DOO_Ship_Order_Status_Rule_Set-Version 2","KO","Copy 3 of Ship Order Status Rule Set-Version 2","US"
"DOO","Copy 1 of DOO_Ship_Order_Status_Rule_Set-Version 2","LT","Copy 3 of Ship Order Status Rule Set-Version 2","US"
"DOO","Copy 1 of DOO_Ship_Order_Status_Rule_Set-Version 2","LV","Copy 3 of Ship Order Status Rule Set-Version 2","US"
"DOO","Copy 1 of DOO_Ship_Order_Status_Rule_Set-Version 2","N","Copy 3 of Ship Order Status Rule Set-Version 2","US"
"DOO","Copy 1 of DOO_Ship_Order_Status_Rule_Set-Version 2","NL","Copy 3 of Ship Order Status Rule Set-Version 2","US"
"DOO","Copy 1 of DOO_Ship_Order_Status_Rule_Set-Version 2","PL","Copy 3 of Ship Order Status Rule Set-Version 2","US"
"DOO","Copy 1 of DOO_Ship_Order_Status_Rule_Set-Version 2","PT","Copy 3 of Ship Order Status Rule Set-Version 2","US"
"DOO","Copy 1 of DOO_Ship_Order_Status_Rule_Set-Version 2","PTB","Copy 3 of Ship Order Status Rule Set-Version 2","US"
"DOO","Copy 1 of DOO_Ship_Order_Status_Rule_Set-Version 2","RO","Copy 3 of Ship Order Status Rule Set-Version 2","US"
"DOO","Copy 1 of DOO_Ship_Order_Status_Rule_Set-Version 2","RU","Copy 3 of Ship Order Status Rule Set-Version 2","US"
"DOO","Copy 1 of DOO_Ship_Order_Status_Rule_Set-Version 2","S","Copy 3 of Ship Order Status Rule Set-Version 2","US"
"DOO","Copy 1 of DOO_Ship_Order_Status_Rule_Set-Version 2","SF","Copy 3 of Ship Order Status Rule Set-Version 2","US"
"DOO","Copy 1 of DOO_Ship_Order_Status_Rule_Set-Version 2","SK","Copy 3 of Ship Order Status Rule Set-Version 2","US"
"DOO","Copy 1 of DOO_Ship_Order_Status_Rule_Set-Version 2","SL","Copy 3 of Ship Order Status Rule Set-Version 2","US"
"DOO","Copy 1 of DOO_Ship_Order_Status_Rule_Set-Version 2","TH","Copy 3 of Ship Order Status Rule Set-Version 2","US"
"DOO","Copy 1 of DOO_Ship_Order_Status_Rule_Set-Version 2","TR","Copy 3 of Ship Order Status Rule Set-Version 2","US"
"DOO","Copy 1 of DOO_Ship_Order_Status_Rule_Set-Version 2","UK","Copy 3 of Ship Order Status Rule Set-Version 2","US"
"DOO","Copy 1 of DOO_Ship_Order_Status_Rule_Set-Version 2","US","Copy 3 of Ship Order Status Rule Set-Version 2","US"
"DOO","Copy 1 of DOO_Ship_Order_Status_Rule_Set-Version 2","VN","Copy 3 of Ship Order Status Rule Set-Version 2","US"
"DOO","Copy 1 of DOO_Ship_Order_Status_Rule_Set-Version 2","ZHS","Copy 3 of Ship Order Status Rule Set-Version 2","US"
"DOO","Copy 1 of DOO_Ship_Order_Status_Rule_Set-Version 2","ZHT","Copy 3 of Ship Order Status Rule Set-Version 2","US"
"DOO","Copy 1 of DOO_Ship_Order_Status_Rule_Set","AR","Copy 3 of Ship Order Status Rule Set","US"
"DOO","Copy 1 of DOO_Ship_Order_Status_Rule_Set","CS","Copy 3 of Ship Order Status Rule Set","US"
"DOO","Copy 1 of DOO_Ship_Order_Status_Rule_Set","D","Copy 3 of Ship Order Status Rule Set","US"
"DOO","Copy 1 of DOO_Ship_Order_Status_Rule_Set","DK","Copy 3 of Ship Order Status Rule Set","US"
"DOO","Copy 1 of DOO_Ship_Order_Status_Rule_Set","E","Copy 3 of Ship Order Status Rule Set","US"
"DOO","Copy 1 of DOO_Ship_Order_Status_Rule_Set","EL","Copy 3 of Ship Order Status Rule Set","US"
"DOO","Copy 1 of DOO_Ship_Order_Status_Rule_Set","ESA","Copy 3 of Ship Order Status Rule Set","US"
"DOO","Copy 1 of DOO_Ship_Order_Status_Rule_Set","ET","Copy 3 of Ship Order Status Rule Set","US"
"DOO","Copy 1 of DOO_Ship_Order_Status_Rule_Set","F","Copy 3 of Ship Order Status Rule Set","US"
"DOO","Copy 1 of DOO_Ship_Order_Status_Rule_Set","FRC","Copy 3 of Ship Order Status Rule Set","US"
"DOO","Copy 1 of DOO_Ship_Order_Status_Rule_Set","HR","Copy 3 of Ship Order Status Rule Set","US"
"DOO","Copy 1 of DOO_Ship_Order_Status_Rule_Set","HU","Copy 3 of Ship Order Status Rule Set","US"
"DOO","Copy 1 of DOO_Ship_Order_Status_Rule_Set","I","Copy 3 of Ship Order Status Rule Set","US"
"DOO","Copy 1 of DOO_Ship_Order_Status_Rule_Set","IS","Copy 3 of Ship Order Status Rule Set","US"
"DOO","Copy 1 of DOO_Ship_Order_Status_Rule_Set","IW","Copy 3 of Ship Order Status Rule Set","US"
"DOO","Copy 1 of DOO_Ship_Order_Status_Rule_Set","JA","Copy 3 of Ship Order Status Rule Set","US"
"DOO","Copy 1 of DOO_Ship_Order_Status_Rule_Set","KO","Copy 3 of Ship Order Status Rule Set","US"
"DOO","Copy 1 of DOO_Ship_Order_Status_Rule_Set","LT","Copy 3 of Ship Order Status Rule Set","US"
"DOO","Copy 1 of DOO_Ship_Order_Status_Rule_Set","LV","Copy 3 of Ship Order Status Rule Set","US"
"DOO","Copy 1 of DOO_Ship_Order_Status_Rule_Set","N","Copy 3 of Ship Order Status Rule Set","US"
"DOO","Copy 1 of DOO_Ship_Order_Status_Rule_Set","NL","Copy 3 of Ship Order Status Rule Set","US"
"DOO","Copy 1 of DOO_Ship_Order_Status_Rule_Set","PL","Copy 3 of Ship Order Status Rule Set","US"
"DOO","Copy 1 of DOO_Ship_Order_Status_Rule_Set","PT","Copy 3 of Ship Order Status Rule Set","US"
"DOO","Copy 1 of DOO_Ship_Order_Status_Rule_Set","PTB","Copy 3 of Ship Order Status Rule Set","US"
"DOO","Copy 1 of DOO_Ship_Order_Status_Rule_Set","RO","Copy 3 of Ship Order Status Rule Set","US"
"DOO","Copy 1 of DOO_Ship_Order_Status_Rule_Set","RU","Copy 3 of Ship Order Status Rule Set","US"
"DOO","Copy 1 of DOO_Ship_Order_Status_Rule_Set","S","Copy 3 of Ship Order Status Rule Set","US"
"DOO","Copy 1 of DOO_Ship_Order_Status_Rule_Set","SF","Copy 3 of Ship Order Status Rule Set","US"
"DOO","Copy 1 of DOO_Ship_Order_Status_Rule_Set","SK","Copy 3 of Ship Order Status Rule Set","US"
"DOO","Copy 1 of DOO_Ship_Order_Status_Rule_Set","SL","Copy 3 of Ship Order Status Rule Set","US"
"DOO","Copy 1 of DOO_Ship_Order_Status_Rule_Set","TH","Copy 3 of Ship Order Status Rule Set","US"
"DOO","Copy 1 of DOO_Ship_Order_Status_Rule_Set","TR","Copy 3 of Ship Order Status Rule Set","US"
"DOO","Copy 1 of DOO_Ship_Order_Status_Rule_Set","UK","Copy 3 of Ship Order Status Rule Set","US"
"DOO","Copy 1 of DOO_Ship_Order_Status_Rule_Set","US","Copy 3 of Ship Order Status Rule Set","US"
"DOO","Copy 1 of DOO_Ship_Order_Status_Rule_Set","VN","Copy 3 of Ship Order Status Rule Set","US"
"DOO","Copy 1 of DOO_Ship_Order_Status_Rule_Set","ZHS","Copy 3 of Ship Order Status Rule Set","US"
"DOO","Copy 1 of DOO_Ship_Order_Status_Rule_Set","ZHT","Copy 3 of Ship Order Status Rule Set","US"
"DOO","Copy of Copy 15 of DOO_DROP_SHIP_AND_BACK_TO_BACK_ORDER_STATUS_RULE_SET","AR","Copy of Copy 15 of Drop Ship and Back-To-Back Order Status Rule Set","US"
"DOO","Copy of Copy 15 of DOO_DROP_SHIP_AND_BACK_TO_BACK_ORDER_STATUS_RULE_SET","CS","Copy of Copy 15 of Drop Ship and Back-To-Back Order Status Rule Set","US"
"DOO","Copy of Copy 15 of DOO_DROP_SHIP_AND_BACK_TO_BACK_ORDER_STATUS_RULE_SET","D","Copy of Copy 15 of Drop Ship and Back-To-Back Order Status Rule Set","US"
"DOO","Copy of Copy 15 of DOO_DROP_SHIP_AND_BACK_TO_BACK_ORDER_STATUS_RULE_SET","DK","Copy of Copy 15 of Drop Ship and Back-To-Back Order Status Rule Set","US"
"DOO","Copy of Copy 15 of DOO_DROP_SHIP_AND_BACK_TO_BACK_ORDER_STATUS_RULE_SET","E","Copy of Copy 15 of Drop Ship and Back-To-Back Order Status Rule Set","US"
"DOO","Copy of Copy 15 of DOO_DROP_SHIP_AND_BACK_TO_BACK_ORDER_STATUS_RULE_SET","EL","Copy of Copy 15 of Drop Ship and Back-To-Back Order Status Rule Set","US"
"DOO","Copy of Copy 15 of DOO_DROP_SHIP_AND_BACK_TO_BACK_ORDER_STATUS_RULE_SET","F","Copy of Copy 15 of Drop Ship and Back-To-Back Order Status Rule Set","US"
"DOO","Copy of Copy 15 of DOO_DROP_SHIP_AND_BACK_TO_BACK_ORDER_STATUS_RULE_SET","FRC","Copy of Copy 15 of Drop Ship and Back-To-Back Order Status Rule Set","US"
"DOO","Copy of Copy 15 of DOO_DROP_SHIP_AND_BACK_TO_BACK_ORDER_STATUS_RULE_SET","HR","Copy of Copy 15 of Drop Ship and Back-To-Back Order Status Rule Set","US"
"DOO","Copy of Copy 15 of DOO_DROP_SHIP_AND_BACK_TO_BACK_ORDER_STATUS_RULE_SET","HU","Copy of Copy 15 of Drop Ship and Back-To-Back Order Status Rule Set","US"
"DOO","Copy of Copy 15 of DOO_DROP_SHIP_AND_BACK_TO_BACK_ORDER_STATUS_RULE_SET","I","Copy of Copy 15 of Drop Ship and Back-To-Back Order Status Rule Set","US"
"DOO","Copy of Copy 15 of DOO_DROP_SHIP_AND_BACK_TO_BACK_ORDER_STATUS_RULE_SET","IW","Copy of Copy 15 of Drop Ship and Back-To-Back Order Status Rule Set","US"
"DOO","Copy of Copy 15 of DOO_DROP_SHIP_AND_BACK_TO_BACK_ORDER_STATUS_RULE_SET","JA","Copy of Copy 15 of Drop Ship and Back-To-Back Order Status Rule Set","US"
"DOO","Copy of Copy 15 of DOO_DROP_SHIP_AND_BACK_TO_BACK_ORDER_STATUS_RULE_SET","KO","Copy of Copy 15 of Drop Ship and Back-To-Back Order Status Rule Set","US"
"DOO","Copy of Copy 15 of DOO_DROP_SHIP_AND_BACK_TO_BACK_ORDER_STATUS_RULE_SET","N","Copy of Copy 15 of Drop Ship and Back-To-Back Order Status Rule Set","US"
"DOO","Copy of Copy 15 of DOO_DROP_SHIP_AND_BACK_TO_BACK_ORDER_STATUS_RULE_SET","NL","Copy of Copy 15 of Drop Ship and Back-To-Back Order Status Rule Set","US"
"DOO","Copy of Copy 15 of DOO_DROP_SHIP_AND_BACK_TO_BACK_ORDER_STATUS_RULE_SET","PL","Copy of Copy 15 of Drop Ship and Back-To-Back Order Status Rule Set","US"
"DOO","Copy of Copy 15 of DOO_DROP_SHIP_AND_BACK_TO_BACK_ORDER_STATUS_RULE_SET","PTB","Copy of Copy 15 of Drop Ship and Back-To-Back Order Status Rule Set","US"
"DOO","Copy of Copy 15 of DOO_DROP_SHIP_AND_BACK_TO_BACK_ORDER_STATUS_RULE_SET","RO","Copy of Copy 15 of Drop Ship and Back-To-Back Order Status Rule Set","US"
"DOO","Copy of Copy 15 of DOO_DROP_SHIP_AND_BACK_TO_BACK_ORDER_STATUS_RULE_SET","RU","Copy of Copy 15 of Drop Ship and Back-To-Back Order Status Rule Set","US"
"DOO","Copy of Copy 15 of DOO_DROP_SHIP_AND_BACK_TO_BACK_ORDER_STATUS_RULE_SET","S","Copy of Copy 15 of Drop Ship and Back-To-Back Order Status Rule Set","US"
"DOO","Copy of Copy 15 of DOO_DROP_SHIP_AND_BACK_TO_BACK_ORDER_STATUS_RULE_SET","SF","Copy of Copy 15 of Drop Ship and Back-To-Back Order Status Rule Set","US"
"DOO","Copy of Copy 15 of DOO_DROP_SHIP_AND_BACK_TO_BACK_ORDER_STATUS_RULE_SET","SK","Copy of Copy 15 of Drop Ship and Back-To-Back Order Status Rule Set","US"
"DOO","Copy of Copy 15 of DOO_DROP_SHIP_AND_BACK_TO_BACK_ORDER_STATUS_RULE_SET","TH","Copy of Copy 15 of Drop Ship and Back-To-Back Order Status Rule Set","US"
"DOO","Copy of Copy 15 of DOO_DROP_SHIP_AND_BACK_TO_BACK_ORDER_STATUS_RULE_SET","TR","Copy of Copy 15 of Drop Ship and Back-To-Back Order Status Rule Set","US"
"DOO","Copy of Copy 15 of DOO_DROP_SHIP_AND_BACK_TO_BACK_ORDER_STATUS_RULE_SET","UK","Copy of Copy 15 of Drop Ship and Back-To-Back Order Status Rule Set","US"
"DOO","Copy of Copy 15 of DOO_DROP_SHIP_AND_BACK_TO_BACK_ORDER_STATUS_RULE_SET","US","Copy of Copy 15 of Drop Ship and Back-To-Back Order Status Rule Set","US"
"DOO","Copy of Copy 15 of DOO_DROP_SHIP_AND_BACK_TO_BACK_ORDER_STATUS_RULE_SET","VN","Copy of Copy 15 of Drop Ship and Back-To-Back Order Status Rule Set","US"
"DOO","Copy of Copy 15 of DOO_DROP_SHIP_AND_BACK_TO_BACK_ORDER_STATUS_RULE_SET","ZHS","Copy of Copy 15 of Drop Ship and Back-To-Back Order Status Rule Set","US"
"DOO","Copy of Copy 15 of DOO_DROP_SHIP_AND_BACK_TO_BACK_ORDER_STATUS_RULE_SET","ZHT","Copy of Copy 15 of Drop Ship and Back-To-Back Order Status Rule Set","US"
"DOO","Copy 4 of DOO_Ship_Order_Status_Rule_Set","AR","Copy 6 of Ship Order Status Rule Set","US"
"DOO","Copy 4 of DOO_Ship_Order_Status_Rule_Set","CS","Copy 6 of Ship Order Status Rule Set","US"
"DOO","Copy 4 of DOO_Ship_Order_Status_Rule_Set","D","Copy 6 of Ship Order Status Rule Set","US"
"DOO","Copy 4 of DOO_Ship_Order_Status_Rule_Set","DK","Copy 6 of Ship Order Status Rule Set","US"
"DOO","Copy 4 of DOO_Ship_Order_Status_Rule_Set","E","Copy 6 of Ship Order Status Rule Set","US"
"DOO","Copy 4 of DOO_Ship_Order_Status_Rule_Set","EL","Copy 6 of Ship Order Status Rule Set","US"
"DOO","Copy 4 of DOO_Ship_Order_Status_Rule_Set","F","Copy 6 of Ship Order Status Rule Set","US"
"DOO","Copy 4 of DOO_Ship_Order_Status_Rule_Set","FRC","Copy 6 of Ship Order Status Rule Set","US"
"DOO","Copy 4 of DOO_Ship_Order_Status_Rule_Set","HR","Copy 6 of Ship Order Status Rule Set","US"
"DOO","Copy 4 of DOO_Ship_Order_Status_Rule_Set","HU","Copy 6 of Ship Order Status Rule Set","US"
"DOO","Copy 4 of DOO_Ship_Order_Status_Rule_Set","I","Copy 6 of Ship Order Status Rule Set","US"
"DOO","Copy 4 of DOO_Ship_Order_Status_Rule_Set","IW","Copy 6 of Ship Order Status Rule Set","US"
"DOO","Copy 4 of DOO_Ship_Order_Status_Rule_Set","JA","Copy 6 of Ship Order Status Rule Set","US"
"DOO","Copy 4 of DOO_Ship_Order_Status_Rule_Set","KO","Copy 6 of Ship Order Status Rule Set","US"
"DOO","Copy 4 of DOO_Ship_Order_Status_Rule_Set","N","Copy 6 of Ship Order Status Rule Set","US"
"DOO","Copy 4 of DOO_Ship_Order_Status_Rule_Set","NL","Copy 6 of Ship Order Status Rule Set","US"
"DOO","Copy 4 of DOO_Ship_Order_Status_Rule_Set","PL","Copy 6 of Ship Order Status Rule Set","US"
"DOO","Copy 4 of DOO_Ship_Order_Status_Rule_Set","PTB","Copy 6 of Ship Order Status Rule Set","US"
"DOO","Copy 4 of DOO_Ship_Order_Status_Rule_Set","RO","Copy 6 of Ship Order Status Rule Set","US"
"DOO","Copy 4 of DOO_Ship_Order_Status_Rule_Set","RU","Copy 6 of Ship Order Status Rule Set","US"
"DOO","Copy 4 of DOO_Ship_Order_Status_Rule_Set","S","Copy 6 of Ship Order Status Rule Set","US"
"DOO","Copy 4 of DOO_Ship_Order_Status_Rule_Set","SF","Copy 6 of Ship Order Status Rule Set","US"
"DOO","Copy 4 of DOO_Ship_Order_Status_Rule_Set","SK","Copy 6 of Ship Order Status Rule Set","US"
"DOO","Copy 4 of DOO_Ship_Order_Status_Rule_Set","TH","Copy 6 of Ship Order Status Rule Set","US"
"DOO","Copy 4 of DOO_Ship_Order_Status_Rule_Set","TR","Copy 6 of Ship Order Status Rule Set","US"
"DOO","Copy 4 of DOO_Ship_Order_Status_Rule_Set","UK","Copy 6 of Ship Order Status Rule Set","US"
"DOO","Copy 4 of DOO_Ship_Order_Status_Rule_Set","US","Copy 6 of Ship Order Status Rule Set","US"
"DOO","Copy 4 of DOO_Ship_Order_Status_Rule_Set","VN","Copy 6 of Ship Order Status Rule Set","US"
"DOO","Copy 4 of DOO_Ship_Order_Status_Rule_Set","ZHS","Copy 6 of Ship Order Status Rule Set","US"
"DOO","Copy 4 of DOO_Ship_Order_Status_Rule_Set","ZHT","Copy 6 of Ship Order Status Rule Set","US"
"DOO","Copy of Copy of DOO_Return_Order_Status_Rule_Set","AR","Copy of Copy of Return Order Status Rule Set","US"
"DOO","Copy of Copy of DOO_Return_Order_Status_Rule_Set","CS","Copy of Copy of Return Order Status Rule Set","US"
"DOO","Copy of Copy of DOO_Return_Order_Status_Rule_Set","D","Copy of Copy of Return Order Status Rule Set","US"
"DOO","Copy of Copy of DOO_Return_Order_Status_Rule_Set","DK","Copy of Copy of Return Order Status Rule Set","US"
"DOO","Copy of Copy of DOO_Return_Order_Status_Rule_Set","E","Copy of Copy of Return Order Status Rule Set","US"
"DOO","Copy of Copy of DOO_Return_Order_Status_Rule_Set","EL","Copy of Copy of Return Order Status Rule Set","US"
"DOO","Copy of Copy of DOO_Return_Order_Status_Rule_Set","F","Copy of Copy of Return Order Status Rule Set","US"
"DOO","Copy of Copy of DOO_Return_Order_Status_Rule_Set","FRC","Copy of Copy of Return Order Status Rule Set","US"
"DOO","Copy of Copy of DOO_Return_Order_Status_Rule_Set","HR","Copy of Copy of Return Order Status Rule Set","US"
"DOO","Copy of Copy of DOO_Return_Order_Status_Rule_Set","HU","Copy of Copy of Return Order Status Rule Set","US"
"DOO","Copy of Copy of DOO_Return_Order_Status_Rule_Set","I","Copy of Copy of Return Order Status Rule Set","US"
"DOO","Copy of Copy of DOO_Return_Order_Status_Rule_Set","IW","Copy of Copy of Return Order Status Rule Set","US"
"DOO","Copy of Copy of DOO_Return_Order_Status_Rule_Set","JA","Copy of Copy of Return Order Status Rule Set","US"
"DOO","Copy of Copy of DOO_Return_Order_Status_Rule_Set","KO","Copy of Copy of Return Order Status Rule Set","US"
"DOO","Copy of Copy of DOO_Return_Order_Status_Rule_Set","N","Copy of Copy of Return Order Status Rule Set","US"
"DOO","Copy of Copy of DOO_Return_Order_Status_Rule_Set","NL","Copy of Copy of Return Order Status Rule Set","US"
"DOO","Copy of Copy of DOO_Return_Order_Status_Rule_Set","PL","Copy of Copy of Return Order Status Rule Set","US"
"DOO","Copy of Copy of DOO_Return_Order_Status_Rule_Set","PTB","Copy of Copy of Return Order Status Rule Set","US"
"DOO","Copy of Copy of DOO_Return_Order_Status_Rule_Set","RO","Copy of Copy of Return Order Status Rule Set","US"
"DOO","Copy of Copy of DOO_Return_Order_Status_Rule_Set","RU","Copy of Copy of Return Order Status Rule Set","US"
"DOO","Copy of Copy of DOO_Return_Order_Status_Rule_Set","S","Copy of Copy of Return Order Status Rule Set","US"
"DOO","Copy of Copy of DOO_Return_Order_Status_Rule_Set","SF","Copy of Copy of Return Order Status Rule Set","US"
"DOO","Copy of Copy of DOO_Return_Order_Status_Rule_Set","SK","Copy of Copy of Return Order Status Rule Set","US"
"DOO","Copy of Copy of DOO_Return_Order_Status_Rule_Set","TH","Copy of Copy of Return Order Status Rule Set","US"
"DOO","Copy of Copy of DOO_Return_Order_Status_Rule_Set","TR","Copy of Copy of Return Order Status Rule Set","US"
"DOO","Copy of Copy of DOO_Return_Order_Status_Rule_Set","UK","Copy of Copy of Return Order Status Rule Set","US"
"DOO","Copy of Copy of DOO_Return_Order_Status_Rule_Set","US","Copy of Copy of Return Order Status Rule Set","US"
"DOO","Copy of Copy of DOO_Return_Order_Status_Rule_Set","VN","Copy of Copy of Return Order Status Rule Set","US"
"DOO","Copy of Copy of DOO_Return_Order_Status_Rule_Set","ZHS","Copy of Copy of Return Order Status Rule Set","US"
"DOO","Copy of Copy of DOO_Return_Order_Status_Rule_Set","ZHT","Copy of Copy of Return Order Status Rule Set","US"
"DOO","Copy 2 of DOO_Ship_Order_Status_Rule_Set","AR","Copy 4 of Ship Order Status Rule Set","US"
"DOO","Copy 2 of DOO_Ship_Order_Status_Rule_Set","CS","Copy 4 of Ship Order Status Rule Set","US"
"DOO","Copy 2 of DOO_Ship_Order_Status_Rule_Set","D","Copy 4 of Ship Order Status Rule Set","US"
"DOO","Copy 2 of DOO_Ship_Order_Status_Rule_Set","DK","Copy 4 of Ship Order Status Rule Set","US"
"DOO","Copy 2 of DOO_Ship_Order_Status_Rule_Set","E","Copy 4 of Ship Order Status Rule Set","US"
"DOO","Copy 2 of DOO_Ship_Order_Status_Rule_Set","EL","Copy 4 of Ship Order Status Rule Set","US"
"DOO","Copy 2 of DOO_Ship_Order_Status_Rule_Set","F","Copy 4 of Ship Order Status Rule Set","US"
"DOO","Copy 2 of DOO_Ship_Order_Status_Rule_Set","FRC","Copy 4 of Ship Order Status Rule Set","US"
"DOO","Copy 2 of DOO_Ship_Order_Status_Rule_Set","HR","Copy 4 of Ship Order Status Rule Set","US"
"DOO","Copy 2 of DOO_Ship_Order_Status_Rule_Set","HU","Copy 4 of Ship Order Status Rule Set","US"
"DOO","Copy 2 of DOO_Ship_Order_Status_Rule_Set","I","Copy 4 of Ship Order Status Rule Set","US"
"DOO","Copy 2 of DOO_Ship_Order_Status_Rule_Set","IW","Copy 4 of Ship Order Status Rule Set","US"
"DOO","Copy 2 of DOO_Ship_Order_Status_Rule_Set","JA","Copy 4 of Ship Order Status Rule Set","US"
"DOO","Copy 2 of DOO_Ship_Order_Status_Rule_Set","KO","Copy 4 of Ship Order Status Rule Set","US"
"DOO","Copy 2 of DOO_Ship_Order_Status_Rule_Set","N","Copy 4 of Ship Order Status Rule Set","US"
"DOO","Copy 2 of DOO_Ship_Order_Status_Rule_Set","NL","Copy 4 of Ship Order Status Rule Set","US"
"DOO","Copy 2 of DOO_Ship_Order_Status_Rule_Set","PL","Copy 4 of Ship Order Status Rule Set","US"
"DOO","Copy 2 of DOO_Ship_Order_Status_Rule_Set","PTB","Copy 4 of Ship Order Status Rule Set","US"
"DOO","Copy 2 of DOO_Ship_Order_Status_Rule_Set","RO","Copy 4 of Ship Order Status Rule Set","US"
"DOO","Copy 2 of DOO_Ship_Order_Status_Rule_Set","RU","Copy 4 of Ship Order Status Rule Set","US"
"DOO","Copy 2 of DOO_Ship_Order_Status_Rule_Set","S","Copy 4 of Ship Order Status Rule Set","US"
"DOO","Copy 2 of DOO_Ship_Order_Status_Rule_Set","SF","Copy 4 of Ship Order Status Rule Set","US"
"DOO","Copy 2 of DOO_Ship_Order_Status_Rule_Set","SK","Copy 4 of Ship Order Status Rule Set","US"
"DOO","Copy 2 of DOO_Ship_Order_Status_Rule_Set","TH","Copy 4 of Ship Order Status Rule Set","US"
"DOO","Copy 2 of DOO_Ship_Order_Status_Rule_Set","TR","Copy 4 of Ship Order Status Rule Set","US"
"DOO","Copy 2 of DOO_Ship_Order_Status_Rule_Set","UK","Copy 4 of Ship Order Status Rule Set","US"
"DOO","Copy 2 of DOO_Ship_Order_Status_Rule_Set","US","Copy 4 of Ship Order Status Rule Set","US"
"DOO","Copy 2 of DOO_Ship_Order_Status_Rule_Set","VN","Copy 4 of Ship Order Status Rule Set","US"
"DOO","Copy 2 of DOO_Ship_Order_Status_Rule_Set","ZHS","Copy 4 of Ship Order Status Rule Set","US"
"DOO","Copy 2 of DOO_Ship_Order_Status_Rule_Set","ZHT","Copy 4 of Ship Order Status Rule Set","US"
"DOO","Copy 3 of DOO_Ship_Order_Status_Rule_Set","AR","Copy 5 of Ship Order Status Rule Set","US"
"DOO","Copy 3 of DOO_Ship_Order_Status_Rule_Set","CS","Copy 5 of Ship Order Status Rule Set","US"
"DOO","Copy 3 of DOO_Ship_Order_Status_Rule_Set","D","Copy 5 of Ship Order Status Rule Set","US"
"DOO","Copy 3 of DOO_Ship_Order_Status_Rule_Set","DK","Copy 5 of Ship Order Status Rule Set","US"
"DOO","Copy 3 of DOO_Ship_Order_Status_Rule_Set","E","Copy 5 of Ship Order Status Rule Set","US"
"DOO","Copy 3 of DOO_Ship_Order_Status_Rule_Set","EL","Copy 5 of Ship Order Status Rule Set","US"
"DOO","Copy 3 of DOO_Ship_Order_Status_Rule_Set","F","Copy 5 of Ship Order Status Rule Set","US"
"DOO","Copy 3 of DOO_Ship_Order_Status_Rule_Set","FRC","Copy 5 of Ship Order Status Rule Set","US"
"DOO","Copy 3 of DOO_Ship_Order_Status_Rule_Set","HR","Copy 5 of Ship Order Status Rule Set","US"
"DOO","Copy 3 of DOO_Ship_Order_Status_Rule_Set","HU","Copy 5 of Ship Order Status Rule Set","US"
"DOO","Copy 3 of DOO_Ship_Order_Status_Rule_Set","I","Copy 5 of Ship Order Status Rule Set","US"
"DOO","Copy 3 of DOO_Ship_Order_Status_Rule_Set","IW","Copy 5 of Ship Order Status Rule Set","US"
"DOO","Copy 3 of DOO_Ship_Order_Status_Rule_Set","JA","Copy 5 of Ship Order Status Rule Set","US"
"DOO","Copy 3 of DOO_Ship_Order_Status_Rule_Set","KO","Copy 5 of Ship Order Status Rule Set","US"
"DOO","Copy 3 of DOO_Ship_Order_Status_Rule_Set","N","Copy 5 of Ship Order Status Rule Set","US"
"DOO","Copy 3 of DOO_Ship_Order_Status_Rule_Set","NL","Copy 5 of Ship Order Status Rule Set","US"
"DOO","Copy 3 of DOO_Ship_Order_Status_Rule_Set","PL","Copy 5 of Ship Order Status Rule Set","US"
"DOO","Copy 3 of DOO_Ship_Order_Status_Rule_Set","PTB","Copy 5 of Ship Order Status Rule Set","US"
"DOO","Copy 3 of DOO_Ship_Order_Status_Rule_Set","RO","Copy 5 of Ship Order Status Rule Set","US"
"DOO","Copy 3 of DOO_Ship_Order_Status_Rule_Set","RU","Copy 5 of Ship Order Status Rule Set","US"
"DOO","Copy 3 of DOO_Ship_Order_Status_Rule_Set","S","Copy 5 of Ship Order Status Rule Set","US"
"DOO","Copy 3 of DOO_Ship_Order_Status_Rule_Set","SF","Copy 5 of Ship Order Status Rule Set","US"
"DOO","Copy 3 of DOO_Ship_Order_Status_Rule_Set","SK","Copy 5 of Ship Order Status Rule Set","US"
"DOO","Copy 3 of DOO_Ship_Order_Status_Rule_Set","TH","Copy 5 of Ship Order Status Rule Set","US"
"DOO","Copy 3 of DOO_Ship_Order_Status_Rule_Set","TR","Copy 5 of Ship Order Status Rule Set","US"
"DOO","Copy 3 of DOO_Ship_Order_Status_Rule_Set","UK","Copy 5 of Ship Order Status Rule Set","US"
"DOO","Copy 3 of DOO_Ship_Order_Status_Rule_Set","US","Copy 5 of Ship Order Status Rule Set","US"
"DOO","Copy 3 of DOO_Ship_Order_Status_Rule_Set","VN","Copy 5 of Ship Order Status Rule Set","US"
"DOO","Copy 3 of DOO_Ship_Order_Status_Rule_Set","ZHS","Copy 5 of Ship Order Status Rule Set","US"
"DOO","Copy 3 of DOO_Ship_Order_Status_Rule_Set","ZHT","Copy 5 of Ship Order Status Rule Set","US"
"DOO","Copy 2 of DOO_Ship_Order_Status_Rule_Set-Version 1","AR","Copy 4 of Ship Order Status Rule Set-Version 1","US"
"DOO","Copy 2 of DOO_Ship_Order_Status_Rule_Set-Version 1","CS","Copy 4 of Ship Order Status Rule Set-Version 1","US"
"DOO","Copy 2 of DOO_Ship_Order_Status_Rule_Set-Version 1","D","Copy 4 of Ship Order Status Rule Set-Version 1","US"
"DOO","Copy 2 of DOO_Ship_Order_Status_Rule_Set-Version 1","DK","Copy 4 of Ship Order Status Rule Set-Version 1","US"
"DOO","Copy 2 of DOO_Ship_Order_Status_Rule_Set-Version 1","E","Copy 4 of Ship Order Status Rule Set-Version 1","US"
"DOO","Copy 2 of DOO_Ship_Order_Status_Rule_Set-Version 1","EL","Copy 4 of Ship Order Status Rule Set-Version 1","US"
"DOO","Copy 2 of DOO_Ship_Order_Status_Rule_Set-Version 1","F","Copy 4 of Ship Order Status Rule Set-Version 1","US"
"DOO","Copy 2 of DOO_Ship_Order_Status_Rule_Set-Version 1","FRC","Copy 4 of Ship Order Status Rule Set-Version 1","US"
"DOO","Copy 2 of DOO_Ship_Order_Status_Rule_Set-Version 1","HR","Copy 4 of Ship Order Status Rule Set-Version 1","US"
"DOO","Copy 2 of DOO_Ship_Order_Status_Rule_Set-Version 1","HU","Copy 4 of Ship Order Status Rule Set-Version 1","US"
"DOO","Copy 2 of DOO_Ship_Order_Status_Rule_Set-Version 1","I","Copy 4 of Ship Order Status Rule Set-Version 1","US"
"DOO","Copy 2 of DOO_Ship_Order_Status_Rule_Set-Version 1","IW","Copy 4 of Ship Order Status Rule Set-Version 1","US"
"DOO","Copy 2 of DOO_Ship_Order_Status_Rule_Set-Version 1","JA","Copy 4 of Ship Order Status Rule Set-Version 1","US"
"DOO","Copy 2 of DOO_Ship_Order_Status_Rule_Set-Version 1","KO","Copy 4 of Ship Order Status Rule Set-Version 1","US"
"DOO","Copy 2 of DOO_Ship_Order_Status_Rule_Set-Version 1","N","Copy 4 of Ship Order Status Rule Set-Version 1","US"
"DOO","Copy 2 of DOO_Ship_Order_Status_Rule_Set-Version 1","NL","Copy 4 of Ship Order Status Rule Set-Version 1","US"
"DOO","Copy 2 of DOO_Ship_Order_Status_Rule_Set-Version 1","PL","Copy 4 of Ship Order Status Rule Set-Version 1","US"
"DOO","Copy 2 of DOO_Ship_Order_Status_Rule_Set-Version 1","PTB","Copy 4 of Ship Order Status Rule Set-Version 1","US"
"DOO","Copy 2 of DOO_Ship_Order_Status_Rule_Set-Version 1","RO","Copy 4 of Ship Order Status Rule Set-Version 1","US"
"DOO","Copy 2 of DOO_Ship_Order_Status_Rule_Set-Version 1","RU","Copy 4 of Ship Order Status Rule Set-Version 1","US"
"DOO","Copy 2 of DOO_Ship_Order_Status_Rule_Set-Version 1","S","Copy 4 of Ship Order Status Rule Set-Version 1","US"
"DOO","Copy 2 of DOO_Ship_Order_Status_Rule_Set-Version 1","SF","Copy 4 of Ship Order Status Rule Set-Version 1","US"
"DOO","Copy 2 of DOO_Ship_Order_Status_Rule_Set-Version 1","SK","Copy 4 of Ship Order Status Rule Set-Version 1","US"
"DOO","Copy 2 of DOO_Ship_Order_Status_Rule_Set-Version 1","TH","Copy 4 of Ship Order Status Rule Set-Version 1","US"
"DOO","Copy 2 of DOO_Ship_Order_Status_Rule_Set-Version 1","TR","Copy 4 of Ship Order Status Rule Set-Version 1","US"
"DOO","Copy 2 of DOO_Ship_Order_Status_Rule_Set-Version 1","UK","Copy 4 of Ship Order Status Rule Set-Version 1","US"
"DOO","Copy 2 of DOO_Ship_Order_Status_Rule_Set-Version 1","US","Copy 4 of Ship Order Status Rule Set-Version 1","US"
"DOO","Copy 2 of DOO_Ship_Order_Status_Rule_Set-Version 1","VN","Copy 4 of Ship Order Status Rule Set-Version 1","US"
"DOO","Copy 2 of DOO_Ship_Order_Status_Rule_Set-Version 1","ZHS","Copy 4 of Ship Order Status Rule Set-Version 1","US"
"DOO","Copy 2 of DOO_Ship_Order_Status_Rule_Set-Version 1","ZHT","Copy 4 of Ship Order Status Rule Set-Version 1","US"
"DOO","Copy 16 of DOO_DROP_SHIP_AND_BACK_TO_BACK_ORDER_STATUS_RULE_SET","AR","Copy 16 of Drop Ship and Back-To-Back Order Status Rule Set","US"
"DOO","Copy 16 of DOO_DROP_SHIP_AND_BACK_TO_BACK_ORDER_STATUS_RULE_SET","CS","Copy 16 of Drop Ship and Back-To-Back Order Status Rule Set","US"
"DOO","Copy 16 of DOO_DROP_SHIP_AND_BACK_TO_BACK_ORDER_STATUS_RULE_SET","D","Copy 16 of Drop Ship and Back-To-Back Order Status Rule Set","US"
"DOO","Copy 16 of DOO_DROP_SHIP_AND_BACK_TO_BACK_ORDER_STATUS_RULE_SET","DK","Copy 16 of Drop Ship and Back-To-Back Order Status Rule Set","US"
"DOO","Copy 16 of DOO_DROP_SHIP_AND_BACK_TO_BACK_ORDER_STATUS_RULE_SET","E","Copy 16 of Drop Ship and Back-To-Back Order Status Rule Set","US"
"DOO","Copy 16 of DOO_DROP_SHIP_AND_BACK_TO_BACK_ORDER_STATUS_RULE_SET","EL","Copy 16 of Drop Ship and Back-To-Back Order Status Rule Set","US"
"DOO","Copy 16 of DOO_DROP_SHIP_AND_BACK_TO_BACK_ORDER_STATUS_RULE_SET","F","Copy 16 of Drop Ship and Back-To-Back Order Status Rule Set","US"
"DOO","Copy 16 of DOO_DROP_SHIP_AND_BACK_TO_BACK_ORDER_STATUS_RULE_SET","FRC","Copy 16 of Drop Ship and Back-To-Back Order Status Rule Set","US"
"DOO","Copy 16 of DOO_DROP_SHIP_AND_BACK_TO_BACK_ORDER_STATUS_RULE_SET","HR","Copy 16 of Drop Ship and Back-To-Back Order Status Rule Set","US"
"DOO","Copy 16 of DOO_DROP_SHIP_AND_BACK_TO_BACK_ORDER_STATUS_RULE_SET","HU","Copy 16 of Drop Ship and Back-To-Back Order Status Rule Set","US"
"DOO","Copy 16 of DOO_DROP_SHIP_AND_BACK_TO_BACK_ORDER_STATUS_RULE_SET","I","Copy 16 of Drop Ship and Back-To-Back Order Status Rule Set","US"
"DOO","Copy 16 of DOO_DROP_SHIP_AND_BACK_TO_BACK_ORDER_STATUS_RULE_SET","IW","Copy 16 of Drop Ship and Back-To-Back Order Status Rule Set","US"
"DOO","Copy 16 of DOO_DROP_SHIP_AND_BACK_TO_BACK_ORDER_STATUS_RULE_SET","JA","Copy 16 of Drop Ship and Back-To-Back Order Status Rule Set","US"
"DOO","Copy 16 of DOO_DROP_SHIP_AND_BACK_TO_BACK_ORDER_STATUS_RULE_SET","KO","Copy 16 of Drop Ship and Back-To-Back Order Status Rule Set","US"
"DOO","Copy 16 of DOO_DROP_SHIP_AND_BACK_TO_BACK_ORDER_STATUS_RULE_SET","N","Copy 16 of Drop Ship and Back-To-Back Order Status Rule Set","US"
"DOO","Copy 16 of DOO_DROP_SHIP_AND_BACK_TO_BACK_ORDER_STATUS_RULE_SET","NL","Copy 16 of Drop Ship and Back-To-Back Order Status Rule Set","US"
"DOO","Copy 16 of DOO_DROP_SHIP_AND_BACK_TO_BACK_ORDER_STATUS_RULE_SET","PL","Copy 16 of Drop Ship and Back-To-Back Order Status Rule Set","US"
"DOO","Copy 16 of DOO_DROP_SHIP_AND_BACK_TO_BACK_ORDER_STATUS_RULE_SET","PTB","Copy 16 of Drop Ship and Back-To-Back Order Status Rule Set","US"
"DOO","Copy 16 of DOO_DROP_SHIP_AND_BACK_TO_BACK_ORDER_STATUS_RULE_SET","RO","Copy 16 of Drop Ship and Back-To-Back Order Status Rule Set","US"
"DOO","Copy 16 of DOO_DROP_SHIP_AND_BACK_TO_BACK_ORDER_STATUS_RULE_SET","RU","Copy 16 of Drop Ship and Back-To-Back Order Status Rule Set","US"
"DOO","Copy 16 of DOO_DROP_SHIP_AND_BACK_TO_BACK_ORDER_STATUS_RULE_SET","S","Copy 16 of Drop Ship and Back-To-Back Order Status Rule Set","US"
"DOO","Copy 16 of DOO_DROP_SHIP_AND_BACK_TO_BACK_ORDER_STATUS_RULE_SET","SF","Copy 16 of Drop Ship and Back-To-Back Order Status Rule Set","US"
"DOO","Copy 16 of DOO_DROP_SHIP_AND_BACK_TO_BACK_ORDER_STATUS_RULE_SET","SK","Copy 16 of Drop Ship and Back-To-Back Order Status Rule Set","US"
"DOO","Copy 16 of DOO_DROP_SHIP_AND_BACK_TO_BACK_ORDER_STATUS_RULE_SET","TH","Copy 16 of Drop Ship and Back-To-Back Order Status Rule Set","US"
"DOO","Copy 16 of DOO_DROP_SHIP_AND_BACK_TO_BACK_ORDER_STATUS_RULE_SET","TR","Copy 16 of Drop Ship and Back-To-Back Order Status Rule Set","US"
"DOO","Copy 16 of DOO_DROP_SHIP_AND_BACK_TO_BACK_ORDER_STATUS_RULE_SET","UK","Copy 16 of Drop Ship and Back-To-Back Order Status Rule Set","US"
"DOO","Copy 16 of DOO_DROP_SHIP_AND_BACK_TO_BACK_ORDER_STATUS_RULE_SET","US","Copy 16 of Drop Ship and Back-To-Back Order Status Rule Set","US"
"DOO","Copy 16 of DOO_DROP_SHIP_AND_BACK_TO_BACK_ORDER_STATUS_RULE_SET","VN","Copy 16 of Drop Ship and Back-To-Back Order Status Rule Set","US"
"DOO","Copy 16 of DOO_DROP_SHIP_AND_BACK_TO_BACK_ORDER_STATUS_RULE_SET","ZHS","Copy 16 of Drop Ship and Back-To-Back Order Status Rule Set","US"
"DOO","Copy 16 of DOO_DROP_SHIP_AND_BACK_TO_BACK_ORDER_STATUS_RULE_SET","ZHT","Copy 16 of Drop Ship and Back-To-Back Order Status Rule Set","US"
"DOO","Copy 2 of DOO_Return_Order_Status_Rule_Set","AR","Copy 2 of Return Order Status Rule Set","US"
"DOO","Copy 2 of DOO_Return_Order_Status_Rule_Set","CS","Copy 2 of Return Order Status Rule Set","US"
"DOO","Copy 2 of DOO_Return_Order_Status_Rule_Set","D","Copy 2 of Return Order Status Rule Set","US"
"DOO","Copy 2 of DOO_Return_Order_Status_Rule_Set","DK","Copy 2 of Return Order Status Rule Set","US"
"DOO","Copy 2 of DOO_Return_Order_Status_Rule_Set","E","Copy 2 of Return Order Status Rule Set","US"
"DOO","Copy 2 of DOO_Return_Order_Status_Rule_Set","EL","Copy 2 of Return Order Status Rule Set","US"
"DOO","Copy 2 of DOO_Return_Order_Status_Rule_Set","F","Copy 2 of Return Order Status Rule Set","US"
"DOO","Copy 2 of DOO_Return_Order_Status_Rule_Set","FRC","Copy 2 of Return Order Status Rule Set","US"
"DOO","Copy 2 of DOO_Return_Order_Status_Rule_Set","HR","Copy 2 of Return Order Status Rule Set","US"
"DOO","Copy 2 of DOO_Return_Order_Status_Rule_Set","HU","Copy 2 of Return Order Status Rule Set","US"
"DOO","Copy 2 of DOO_Return_Order_Status_Rule_Set","I","Copy 2 of Return Order Status Rule Set","US"
"DOO","Copy 2 of DOO_Return_Order_Status_Rule_Set","IW","Copy 2 of Return Order Status Rule Set","US"
"DOO","Copy 2 of DOO_Return_Order_Status_Rule_Set","JA","Copy 2 of Return Order Status Rule Set","US"
"DOO","Copy 2 of DOO_Return_Order_Status_Rule_Set","KO","Copy 2 of Return Order Status Rule Set","US"
"DOO","Copy 2 of DOO_Return_Order_Status_Rule_Set","N","Copy 2 of Return Order Status Rule Set","US"
"DOO","Copy 2 of DOO_Return_Order_Status_Rule_Set","NL","Copy 2 of Return Order Status Rule Set","US"
"DOO","Copy 2 of DOO_Return_Order_Status_Rule_Set","PL","Copy 2 of Return Order Status Rule Set","US"
"DOO","Copy 2 of DOO_Return_Order_Status_Rule_Set","PTB","Copy 2 of Return Order Status Rule Set","US"
"DOO","Copy 2 of DOO_Return_Order_Status_Rule_Set","RO","Copy 2 of Return Order Status Rule Set","US"
"DOO","Copy 2 of DOO_Return_Order_Status_Rule_Set","RU","Copy 2 of Return Order Status Rule Set","US"
"DOO","Copy 2 of DOO_Return_Order_Status_Rule_Set","S","Copy 2 of Return Order Status Rule Set","US"
"DOO","Copy 2 of DOO_Return_Order_Status_Rule_Set","SF","Copy 2 of Return Order Status Rule Set","US"
"DOO","Copy 2 of DOO_Return_Order_Status_Rule_Set","SK","Copy 2 of Return Order Status Rule Set","US"
"DOO","Copy 2 of DOO_Return_Order_Status_Rule_Set","TH","Copy 2 of Return Order Status Rule Set","US"
"DOO","Copy 2 of DOO_Return_Order_Status_Rule_Set","TR","Copy 2 of Return Order Status Rule Set","US"
"DOO","Copy 2 of DOO_Return_Order_Status_Rule_Set","UK","Copy 2 of Return Order Status Rule Set","US"
"DOO","Copy 2 of DOO_Return_Order_Status_Rule_Set","US","Copy 2 of Return Order Status Rule Set","US"
"DOO","Copy 2 of DOO_Return_Order_Status_Rule_Set","VN","Copy 2 of Return Order Status Rule Set","US"
"DOO","Copy 2 of DOO_Return_Order_Status_Rule_Set","ZHS","Copy 2 of Return Order Status Rule Set","US"
"DOO","Copy 2 of DOO_Return_Order_Status_Rule_Set","ZHT","Copy 2 of Return Order Status Rule Set","US"
