"BranchType","DooProcessVersion","StepNumber","ProcessName","StepNumber1","StepNumber2","OrchestrationApplicationId","DooProcessVersion1","LastUpdatedBy","CreatedBy"
"","1","100","ManualShipOrderGenericProcess","200","","10008","1","SCM_IMPL","SCM_IMPL"
"","1","200","ManualShipOrderGenericProcess","300","100","10008","1","SCM_IMPL","SCM_IMPL"
"","1","300","ManualShipOrderGenericProcess","400","200","10008","1","SCM_IMPL","SCM_IMPL"
"","1","400","ManualShipOrderGenericProcess","500","300","10008","1","SCM_IMPL","SCM_IMPL"
"","1","500","ManualShipOrderGenericProcess","600","400","10008","1","SCM_IMPL","SCM_IMPL"
"","1","600","ManualShipOrderGenericProcess","","500","10008","1","SCM_IMPL","SCM_IMPL"
"","1","100","ClickShipCollect1","200","","10008","1","SCM_IMPL","SCM_IMPL"
"","1","200","ClickShipCollect1","300","100","10008","1","SCM_IMPL","SCM_IMPL"
"","1","300","ClickShipCollect1","400","200","10008","1","SCM_IMPL","SCM_IMPL"
"","1","300","ClickShipCollect1","1000","","10008","1","SCM_IMPL","SCM_IMPL"
"","1","1000","ClickShipCollect1","1100","300","10008","1","SCM_IMPL","SCM_IMPL"
"","1","400","ClickShipCollect1","500","300","10008","1","SCM_IMPL","SCM_IMPL"
"","1","1100","ClickShipCollect1","1200","1000","10008","1","SCM_IMPL","SCM_IMPL"
"","1","1200","ClickShipCollect1","1300","1100","10008","1","SCM_IMPL","SCM_IMPL"
"","1","1300","ClickShipCollect1","1400","1200","10008","1","SCM_IMPL","SCM_IMPL"
"","1","600","ClickShipCollect1","700","500","10008","1","SCM_IMPL","SCM_IMPL"
"","1","700","ClickShipCollect1","800","600","10008","1","SCM_IMPL","SCM_IMPL"
"","1","1400","ClickShipCollect1","1500","900","10008","1","SCM_IMPL","SCM_IMPL"
"","1","1400","ClickShipCollect1","","1300","10008","1","SCM_IMPL","SCM_IMPL"
"","1","1500","ClickShipCollect1","1600","1400","10008","1","SCM_IMPL","SCM_IMPL"
"","1","1600","ClickShipCollect1","","1500","10008","1","SCM_IMPL","SCM_IMPL"
"","1","800","ClickShipCollect1","900","700","10008","1","SCM_IMPL","SCM_IMPL"
"","1","900","ClickShipCollect1","1400","800","10008","1","SCM_IMPL","SCM_IMPL"
"","1","500","ClickShipCollect1","600","400","10008","1","SCM_IMPL","SCM_IMPL"
"","1","100","ShipOrderProcess","200","","10008","1","SCM_IMPL","SCM_IMPL"
"","1","200","ShipOrderProcess","300","100","10008","1","SCM_IMPL","SCM_IMPL"
"","1","300","ShipOrderProcess","400","200","10008","1","SCM_IMPL","SCM_IMPL"
"","1","400","ShipOrderProcess","500","300","10008","1","SCM_IMPL","SCM_IMPL"
"","1","500","ShipOrderProcess","","400","10008","1","SCM_IMPL","SCM_IMPL"
"","1","100","ClickShipCollect2","200","","10008","1","SCM_IMPL","SCM_IMPL"
"","1","200","ClickShipCollect2","300","100","10008","1","SCM_IMPL","SCM_IMPL"
"","1","300","ClickShipCollect2","400","200","10008","1","SCM_IMPL","SCM_IMPL"
"","1","300","ClickShipCollect2","1000","","10008","1","SCM_IMPL","SCM_IMPL"
"","1","400","ClickShipCollect2","500","300","10008","1","SCM_IMPL","SCM_IMPL"
"","1","500","ClickShipCollect2","600","400","10008","1","SCM_IMPL","SCM_IMPL"
"","1","600","ClickShipCollect2","700","500","10008","1","SCM_IMPL","SCM_IMPL"
"","1","700","ClickShipCollect2","800","600","10008","1","SCM_IMPL","SCM_IMPL"
"","1","800","ClickShipCollect2","900","700","10008","1","SCM_IMPL","SCM_IMPL"
"","1","900","ClickShipCollect2","1500","800","10008","1","SCM_IMPL","SCM_IMPL"
"","1","1000","ClickShipCollect2","1100","300","10008","1","SCM_IMPL","SCM_IMPL"
"","1","1200","ClickShipCollect2","1300","1100","10008","1","SCM_IMPL","SCM_IMPL"
"","1","1300","ClickShipCollect2","1400","1200","10008","1","SCM_IMPL","SCM_IMPL"
"","1","1400","ClickShipCollect2","1500","1300","10008","1","SCM_IMPL","SCM_IMPL"
"","1","1500","ClickShipCollect2","1600","900","10008","1","SCM_IMPL","SCM_IMPL"
"","1","1500","ClickShipCollect2","","1400","10008","1","SCM_IMPL","SCM_IMPL"
"","1","1600","ClickShipCollect2","1700","1500","10008","1","SCM_IMPL","SCM_IMPL"
"","1","1700","ClickShipCollect2","","1600","10008","1","SCM_IMPL","SCM_IMPL"
"","1","1100","ClickShipCollect2","1200","1000","10008","1","SCM_IMPL","SCM_IMPL"
"","1","100","ClickShipCollect3","200","","10008","1","SCM_IMPL","SCM_IMPL"
"","1","300","ClickShipCollect3","400","200","10008","1","SCM_IMPL","SCM_IMPL"
"","1","400","ClickShipCollect3","500","300","10008","1","SCM_IMPL","SCM_IMPL"
"","1","400","ClickShipCollect3","1100","","10008","1","SCM_IMPL","SCM_IMPL"
"","1","500","ClickShipCollect3","600","400","10008","1","SCM_IMPL","SCM_IMPL"
"","1","600","ClickShipCollect3","700","500","10008","1","SCM_IMPL","SCM_IMPL"
"","1","700","ClickShipCollect3","800","600","10008","1","SCM_IMPL","SCM_IMPL"
"","1","800","ClickShipCollect3","900","700","10008","1","SCM_IMPL","SCM_IMPL"
"","1","900","ClickShipCollect3","1000","800","10008","1","SCM_IMPL","SCM_IMPL"
"","1","1000","ClickShipCollect3","1600","900","10008","1","SCM_IMPL","SCM_IMPL"
"","1","1100","ClickShipCollect3","1200","400","10008","1","SCM_IMPL","SCM_IMPL"
"","1","1200","ClickShipCollect3","1300","1100","10008","1","SCM_IMPL","SCM_IMPL"
"","1","1300","ClickShipCollect3","1400","1200","10008","1","SCM_IMPL","SCM_IMPL"
"","1","1400","ClickShipCollect3","1500","1300","10008","1","SCM_IMPL","SCM_IMPL"
"","1","1500","ClickShipCollect3","1600","1400","10008","1","SCM_IMPL","SCM_IMPL"
"","1","1600","ClickShipCollect3","1700","1000","10008","1","SCM_IMPL","SCM_IMPL"
"","1","1600","ClickShipCollect3","","1500","10008","1","SCM_IMPL","SCM_IMPL"
"","1","1700","ClickShipCollect3","1800","1600","10008","1","SCM_IMPL","SCM_IMPL"
"","1","1800","ClickShipCollect3","","1700","10008","1","SCM_IMPL","SCM_IMPL"
"","1","200","ClickShipCollect3","300","100","10008","1","SCM_IMPL","SCM_IMPL"
"","1","100","ShipOrderProcess1","200","","10008","1","SCM_IMPL","SCM_IMPL"
"","1","200","ShipOrderProcess1","300","100","10008","1","SCM_IMPL","SCM_IMPL"
"","1","300","ShipOrderProcess1","400","200","10008","1","SCM_IMPL","SCM_IMPL"
"","1","400","ShipOrderProcess1","500","300","10008","1","SCM_IMPL","SCM_IMPL"
"","1","500","ShipOrderProcess1","","400","10008","1","SCM_IMPL","SCM_IMPL"
"","2","100","ClickShipCollect1","200","","10008","2","SCM_IMPL","SCM_IMPL"
"","2","200","ClickShipCollect1","300","100","10008","2","SCM_IMPL","SCM_IMPL"
"","2","300","ClickShipCollect1","400","200","10008","2","SCM_IMPL","SCM_IMPL"
"","2","300","ClickShipCollect1","1000","","10008","2","SCM_IMPL","SCM_IMPL"
"","2","400","ClickShipCollect1","500","300","10008","2","SCM_IMPL","SCM_IMPL"
"","2","500","ClickShipCollect1","600","400","10008","2","SCM_IMPL","SCM_IMPL"
"","2","600","ClickShipCollect1","700","500","10008","2","SCM_IMPL","SCM_IMPL"
"","2","700","ClickShipCollect1","800","600","10008","2","SCM_IMPL","SCM_IMPL"
"","2","800","ClickShipCollect1","900","700","10008","2","SCM_IMPL","SCM_IMPL"
"","2","900","ClickShipCollect1","1400","800","10008","2","SCM_IMPL","SCM_IMPL"
"","2","1000","ClickShipCollect1","1100","300","10008","2","SCM_IMPL","SCM_IMPL"
"","2","1100","ClickShipCollect1","1200","1000","10008","2","SCM_IMPL","SCM_IMPL"
"","2","1200","ClickShipCollect1","1300","1100","10008","2","SCM_IMPL","SCM_IMPL"
"","2","1300","ClickShipCollect1","1400","1200","10008","2","SCM_IMPL","SCM_IMPL"
"","2","1400","ClickShipCollect1","1500","900","10008","2","SCM_IMPL","SCM_IMPL"
"","2","1400","ClickShipCollect1","","1300","10008","2","SCM_IMPL","SCM_IMPL"
"","2","1500","ClickShipCollect1","1600","1400","10008","2","SCM_IMPL","SCM_IMPL"
"","2","1600","ClickShipCollect1","","1500","10008","2","SCM_IMPL","SCM_IMPL"
"","2","100","ClickShipCollect2","200","","10008","2","SCM_IMPL","SCM_IMPL"
"","2","200","ClickShipCollect2","300","100","10008","2","SCM_IMPL","SCM_IMPL"
"","2","300","ClickShipCollect2","400","200","10008","2","SCM_IMPL","SCM_IMPL"
"","2","300","ClickShipCollect2","1000","","10008","2","SCM_IMPL","SCM_IMPL"
"","2","400","ClickShipCollect2","500","300","10008","2","SCM_IMPL","SCM_IMPL"
"","2","500","ClickShipCollect2","600","400","10008","2","SCM_IMPL","SCM_IMPL"
"","2","600","ClickShipCollect2","700","500","10008","2","SCM_IMPL","SCM_IMPL"
"","2","700","ClickShipCollect2","800","600","10008","2","SCM_IMPL","SCM_IMPL"
"","2","800","ClickShipCollect2","900","700","10008","2","SCM_IMPL","SCM_IMPL"
"","2","900","ClickShipCollect2","1500","800","10008","2","SCM_IMPL","SCM_IMPL"
"","2","1000","ClickShipCollect2","1100","300","10008","2","SCM_IMPL","SCM_IMPL"
"","2","1100","ClickShipCollect2","1200","1000","10008","2","SCM_IMPL","SCM_IMPL"
"","2","1200","ClickShipCollect2","1300","1100","10008","2","SCM_IMPL","SCM_IMPL"
"","2","1300","ClickShipCollect2","1400","1200","10008","2","SCM_IMPL","SCM_IMPL"
"","2","1400","ClickShipCollect2","1500","1300","10008","2","SCM_IMPL","SCM_IMPL"
"","2","1500","ClickShipCollect2","1600","900","10008","2","SCM_IMPL","SCM_IMPL"
"","2","1500","ClickShipCollect2","","1400","10008","2","SCM_IMPL","SCM_IMPL"
"","2","1600","ClickShipCollect2","1700","1500","10008","2","SCM_IMPL","SCM_IMPL"
"","2","1700","ClickShipCollect2","","1600","10008","2","SCM_IMPL","SCM_IMPL"
"","2","100","ClickShipCollect3","200","","10008","2","SCM_IMPL","SCM_IMPL"
"","2","200","ClickShipCollect3","300","100","10008","2","SCM_IMPL","SCM_IMPL"
"","2","300","ClickShipCollect3","400","200","10008","2","SCM_IMPL","SCM_IMPL"
"","2","400","ClickShipCollect3","500","300","10008","2","SCM_IMPL","SCM_IMPL"
"","2","400","ClickShipCollect3","1100","","10008","2","SCM_IMPL","SCM_IMPL"
"","2","500","ClickShipCollect3","600","400","10008","2","SCM_IMPL","SCM_IMPL"
"","2","600","ClickShipCollect3","700","500","10008","2","SCM_IMPL","SCM_IMPL"
"","2","700","ClickShipCollect3","800","600","10008","2","SCM_IMPL","SCM_IMPL"
"","2","800","ClickShipCollect3","900","700","10008","2","SCM_IMPL","SCM_IMPL"
"","2","900","ClickShipCollect3","1000","800","10008","2","SCM_IMPL","SCM_IMPL"
"","2","1000","ClickShipCollect3","1600","900","10008","2","SCM_IMPL","SCM_IMPL"
"","2","1100","ClickShipCollect3","1200","400","10008","2","SCM_IMPL","SCM_IMPL"
"","2","1200","ClickShipCollect3","1300","1100","10008","2","SCM_IMPL","SCM_IMPL"
"","2","1300","ClickShipCollect3","1400","1200","10008","2","SCM_IMPL","SCM_IMPL"
"","2","1400","ClickShipCollect3","1500","1300","10008","2","SCM_IMPL","SCM_IMPL"
"","2","1500","ClickShipCollect3","1600","1400","10008","2","SCM_IMPL","SCM_IMPL"
"","2","1600","ClickShipCollect3","1700","1000","10008","2","SCM_IMPL","SCM_IMPL"
"","2","1600","ClickShipCollect3","","1500","10008","2","SCM_IMPL","SCM_IMPL"
"","2","1700","ClickShipCollect3","1800","1600","10008","2","SCM_IMPL","SCM_IMPL"
"","2","1800","ClickShipCollect3","","1700","10008","2","SCM_IMPL","SCM_IMPL"
"","1","100","ShipOrderGenericProcessIA1","200","","10008","1","SCM_IMPL","SCM_IMPL"
"","1","200","ShipOrderGenericProcessIA1","300","100","10008","1","SCM_IMPL","SCM_IMPL"
"","1","300","ShipOrderGenericProcessIA1","400","200","10008","1","SCM_IMPL","SCM_IMPL"
"","1","400","ShipOrderGenericProcessIA1","500","300","10008","1","SCM_IMPL","SCM_IMPL"
"","1","600","ShipOrderGenericProcessIA1","700","500","10008","1","SCM_IMPL","SCM_IMPL"
"","1","700","ShipOrderGenericProcessIA1","","600","10008","1","SCM_IMPL","SCM_IMPL"
"","1","500","ShipOrderGenericProcessIA1","600","400","10008","1","SCM_IMPL","SCM_IMPL"
"","2","100","ShipOrderGenericProcessIA1","200","","10008","2","SCM_IMPL","SCM_IMPL"
"","2","200","ShipOrderGenericProcessIA1","300","100","10008","2","SCM_IMPL","SCM_IMPL"
"","2","300","ShipOrderGenericProcessIA1","400","200","10008","2","SCM_IMPL","SCM_IMPL"
"","2","400","ShipOrderGenericProcessIA1","500","300","10008","2","SCM_IMPL","SCM_IMPL"
"","2","500","ShipOrderGenericProcessIA1","600","400","10008","2","SCM_IMPL","SCM_IMPL"
"","2","600","ShipOrderGenericProcessIA1","700","500","10008","2","SCM_IMPL","SCM_IMPL"
"","2","700","ShipOrderGenericProcessIA1","","600","10008","2","SCM_IMPL","SCM_IMPL"
"","1","100","ShipOrderGenericProcessSA1","200","","10008","1","SCM_IMPL","SCM_IMPL"
"","1","200","ShipOrderGenericProcessSA1","300","100","10008","1","SCM_IMPL","SCM_IMPL"
"","1","400","ShipOrderGenericProcessSA1","500","300","10008","1","SCM_IMPL","SCM_IMPL"
"","1","500","ShipOrderGenericProcessSA1","600","400","10008","1","SCM_IMPL","SCM_IMPL"
"","1","600","ShipOrderGenericProcessSA1","700","500","10008","1","SCM_IMPL","SCM_IMPL"
"","1","700","ShipOrderGenericProcessSA1","","600","10008","1","SCM_IMPL","SCM_IMPL"
"","1","300","ShipOrderGenericProcessSA1","400","200","10008","1","SCM_IMPL","SCM_IMPL"
"","1","300","ClickShipCollect4","400","100","10008","1","SCM_IMPL","SCM_IMPL"
"","1","500","ClickShipCollect4","600","400","10008","1","SCM_IMPL","SCM_IMPL"
"","1","500","ClickShipCollect4","1200","","10008","1","SCM_IMPL","SCM_IMPL"
"","1","600","ClickShipCollect4","700","500","10008","1","SCM_IMPL","SCM_IMPL"
"","1","700","ClickShipCollect4","800","600","10008","1","SCM_IMPL","SCM_IMPL"
"","1","800","ClickShipCollect4","900","700","10008","1","SCM_IMPL","SCM_IMPL"
"","1","900","ClickShipCollect4","1000","800","10008","1","SCM_IMPL","SCM_IMPL"
"","1","1000","ClickShipCollect4","1100","900","10008","1","SCM_IMPL","SCM_IMPL"
"","1","1100","ClickShipCollect4","1600","1000","10008","1","SCM_IMPL","SCM_IMPL"
"","1","1200","ClickShipCollect4","1300","500","10008","1","SCM_IMPL","SCM_IMPL"
"","1","1300","ClickShipCollect4","1400","1200","10008","1","SCM_IMPL","SCM_IMPL"
"","1","1400","ClickShipCollect4","1500","1300","10008","1","SCM_IMPL","SCM_IMPL"
"","1","1500","ClickShipCollect4","1600","1400","10008","1","SCM_IMPL","SCM_IMPL"
"","1","1600","ClickShipCollect4","1700","1100","10008","1","SCM_IMPL","SCM_IMPL"
"","1","1600","ClickShipCollect4","","1500","10008","1","SCM_IMPL","SCM_IMPL"
"","1","1700","ClickShipCollect4","1800","1600","10008","1","SCM_IMPL","SCM_IMPL"
"","1","1800","ClickShipCollect4","","1700","10008","1","SCM_IMPL","SCM_IMPL"
"","1","100","ClickShipCollect4","200","","10008","1","SCM_IMPL","SCM_IMPL"
"","1","100","ClickShipCollect4","300","","10008","1","SCM_IMPL","SCM_IMPL"
"","1","200","ClickShipCollect4","400","100","10008","1","SCM_IMPL","SCM_IMPL"
"","1","400","ClickShipCollect4","500","200","10008","1","SCM_IMPL","SCM_IMPL"
"","1","400","ClickShipCollect4","","300","10008","1","SCM_IMPL","SCM_IMPL"
"","1","100","CustomDOO_GSE_Asset_OrderFulfillmentGenericProcess","200","","10008","1","SCM_IMPL","SCM_IMPL"
"","1","200","CustomDOO_GSE_Asset_OrderFulfillmentGenericProcess","300","100","10008","1","SCM_IMPL","SCM_IMPL"
"","1","200","CustomDOO_GSE_Asset_OrderFulfillmentGenericProcess","900","","10008","1","SCM_IMPL","SCM_IMPL"
"","1","200","CustomDOO_GSE_Asset_OrderFulfillmentGenericProcess","700","","10008","1","SCM_IMPL","SCM_IMPL"
"","1","300","CustomDOO_GSE_Asset_OrderFulfillmentGenericProcess","400","200","10008","1","SCM_IMPL","SCM_IMPL"
"","1","400","CustomDOO_GSE_Asset_OrderFulfillmentGenericProcess","500","300","10008","1","SCM_IMPL","SCM_IMPL"
"","1","500","CustomDOO_GSE_Asset_OrderFulfillmentGenericProcess","600","400","10008","1","SCM_IMPL","SCM_IMPL"
"","1","600","CustomDOO_GSE_Asset_OrderFulfillmentGenericProcess","1200","500","10008","1","SCM_IMPL","SCM_IMPL"
"","1","700","CustomDOO_GSE_Asset_OrderFulfillmentGenericProcess","800","200","10008","1","SCM_IMPL","SCM_IMPL"
"","1","800","CustomDOO_GSE_Asset_OrderFulfillmentGenericProcess","1200","700","10008","1","SCM_IMPL","SCM_IMPL"
"","1","900","CustomDOO_GSE_Asset_OrderFulfillmentGenericProcess","1000","200","10008","1","SCM_IMPL","SCM_IMPL"
"","1","1000","CustomDOO_GSE_Asset_OrderFulfillmentGenericProcess","1100","900","10008","1","SCM_IMPL","SCM_IMPL"
"","1","1100","CustomDOO_GSE_Asset_OrderFulfillmentGenericProcess","1200","1000","10008","1","SCM_IMPL","SCM_IMPL"
"","1","1200","CustomDOO_GSE_Asset_OrderFulfillmentGenericProcess","1300","600","10008","1","SCM_IMPL","SCM_IMPL"
"","1","1200","CustomDOO_GSE_Asset_OrderFulfillmentGenericProcess","","1100","10008","1","SCM_IMPL","SCM_IMPL"
"","1","1200","CustomDOO_GSE_Asset_OrderFulfillmentGenericProcess","","800","10008","1","SCM_IMPL","SCM_IMPL"
"","1","1400","CustomDOO_GSE_Asset_OrderFulfillmentGenericProcess","1500","1300","10008","1","SCM_IMPL","SCM_IMPL"
"","1","1500","CustomDOO_GSE_Asset_OrderFulfillmentGenericProcess","","1400","10008","1","SCM_IMPL","SCM_IMPL"
"","1","1300","CustomDOO_GSE_Asset_OrderFulfillmentGenericProcess","1400","1200","10008","1","SCM_IMPL","SCM_IMPL"
"","1","100","CustomDOO_GSE_Asset_ReturnOrderGenericProcess","200","","10008","1","SCM_IMPL","SCM_IMPL"
"","1","200","CustomDOO_GSE_Asset_ReturnOrderGenericProcess","300","100","10008","1","SCM_IMPL","SCM_IMPL"
"","1","400","CustomDOO_GSE_Asset_ReturnOrderGenericProcess","500","300","10008","1","SCM_IMPL","SCM_IMPL"
"","1","500","CustomDOO_GSE_Asset_ReturnOrderGenericProcess","","400","10008","1","SCM_IMPL","SCM_IMPL"
"","1","300","CustomDOO_GSE_Asset_ReturnOrderGenericProcess","400","200","10008","1","SCM_IMPL","SCM_IMPL"
"","1","100","CustomDOO_CloseOrder","","","10008","1","SCM_IMPL","SCM_IMPL"
"","1","100","CustomDOO_GSEE360_OrderFulfillmentGenericProcess","200","","10008","1","SCM_IMPL","SCM_IMPL"
"","1","200","CustomDOO_GSEE360_OrderFulfillmentGenericProcess","700","","10008","1","SCM_IMPL","SCM_IMPL"
"","1","200","CustomDOO_GSEE360_OrderFulfillmentGenericProcess","300","100","10008","1","SCM_IMPL","SCM_IMPL"
"","1","200","CustomDOO_GSEE360_OrderFulfillmentGenericProcess","900","","10008","1","SCM_IMPL","SCM_IMPL"
"","1","300","CustomDOO_GSEE360_OrderFulfillmentGenericProcess","400","200","10008","1","SCM_IMPL","SCM_IMPL"
"","1","400","CustomDOO_GSEE360_OrderFulfillmentGenericProcess","500","300","10008","1","SCM_IMPL","SCM_IMPL"
"","1","500","CustomDOO_GSEE360_OrderFulfillmentGenericProcess","600","400","10008","1","SCM_IMPL","SCM_IMPL"
"","1","600","CustomDOO_GSEE360_OrderFulfillmentGenericProcess","1200","500","10008","1","SCM_IMPL","SCM_IMPL"
"","1","700","CustomDOO_GSEE360_OrderFulfillmentGenericProcess","800","200","10008","1","SCM_IMPL","SCM_IMPL"
"","1","800","CustomDOO_GSEE360_OrderFulfillmentGenericProcess","1200","700","10008","1","SCM_IMPL","SCM_IMPL"
"","1","900","CustomDOO_GSEE360_OrderFulfillmentGenericProcess","1000","200","10008","1","SCM_IMPL","SCM_IMPL"
"","1","1000","CustomDOO_GSEE360_OrderFulfillmentGenericProcess","1100","900","10008","1","SCM_IMPL","SCM_IMPL"
"","1","1100","CustomDOO_GSEE360_OrderFulfillmentGenericProcess","1200","1000","10008","1","SCM_IMPL","SCM_IMPL"
"","1","1200","CustomDOO_GSEE360_OrderFulfillmentGenericProcess","1300","600","10008","1","SCM_IMPL","SCM_IMPL"
"","1","1200","CustomDOO_GSEE360_OrderFulfillmentGenericProcess","","1100","10008","1","SCM_IMPL","SCM_IMPL"
"","1","1200","CustomDOO_GSEE360_OrderFulfillmentGenericProcess","","800","10008","1","SCM_IMPL","SCM_IMPL"
"","1","1300","CustomDOO_GSEE360_OrderFulfillmentGenericProcess","1400","1200","10008","1","SCM_IMPL","SCM_IMPL"
"","1","1400","CustomDOO_GSEE360_OrderFulfillmentGenericProcess","1500","1300","10008","1","SCM_IMPL","SCM_IMPL"
"","1","1500","CustomDOO_GSEE360_OrderFulfillmentGenericProcess","","1400","10008","1","SCM_IMPL","SCM_IMPL"
"","1","100","CustomDOO_GSE_GOP_OrderFulfillmentGenericProcess","200","","10008","1","SCM_IMPL","SCM_IMPL"
"","1","200","CustomDOO_GSE_GOP_OrderFulfillmentGenericProcess","300","100","10008","1","SCM_IMPL","SCM_IMPL"
"","1","200","CustomDOO_GSE_GOP_OrderFulfillmentGenericProcess","700","","10008","1","SCM_IMPL","SCM_IMPL"
"","1","200","CustomDOO_GSE_GOP_OrderFulfillmentGenericProcess","900","","10008","1","SCM_IMPL","SCM_IMPL"
"","1","300","CustomDOO_GSE_GOP_OrderFulfillmentGenericProcess","400","200","10008","1","SCM_IMPL","SCM_IMPL"
"","1","400","CustomDOO_GSE_GOP_OrderFulfillmentGenericProcess","500","300","10008","1","SCM_IMPL","SCM_IMPL"
"","1","500","CustomDOO_GSE_GOP_OrderFulfillmentGenericProcess","600","400","10008","1","SCM_IMPL","SCM_IMPL"
"","1","600","CustomDOO_GSE_GOP_OrderFulfillmentGenericProcess","1200","500","10008","1","SCM_IMPL","SCM_IMPL"
"","1","700","CustomDOO_GSE_GOP_OrderFulfillmentGenericProcess","800","200","10008","1","SCM_IMPL","SCM_IMPL"
"","1","800","CustomDOO_GSE_GOP_OrderFulfillmentGenericProcess","1200","700","10008","1","SCM_IMPL","SCM_IMPL"
"","1","900","CustomDOO_GSE_GOP_OrderFulfillmentGenericProcess","1000","200","10008","1","SCM_IMPL","SCM_IMPL"
"","1","1000","CustomDOO_GSE_GOP_OrderFulfillmentGenericProcess","1100","900","10008","1","SCM_IMPL","SCM_IMPL"
"","1","1100","CustomDOO_GSE_GOP_OrderFulfillmentGenericProcess","1200","1000","10008","1","SCM_IMPL","SCM_IMPL"
"","1","1200","CustomDOO_GSE_GOP_OrderFulfillmentGenericProcess","1300","600","10008","1","SCM_IMPL","SCM_IMPL"
"","1","1200","CustomDOO_GSE_GOP_OrderFulfillmentGenericProcess","","800","10008","1","SCM_IMPL","SCM_IMPL"
"","1","1200","CustomDOO_GSE_GOP_OrderFulfillmentGenericProcess","","1100","10008","1","SCM_IMPL","SCM_IMPL"
"","1","1300","CustomDOO_GSE_GOP_OrderFulfillmentGenericProcess","1400","1200","10008","1","SCM_IMPL","SCM_IMPL"
"","1","1400","CustomDOO_GSE_GOP_OrderFulfillmentGenericProcess","","1300","10008","1","SCM_IMPL","SCM_IMPL"
"","1","100","CustomDOO_GSE_PDSC_Asset_OrderFulfillmentGenericProcess","200","","10008","1","SCM_IMPL","SCM_IMPL"
"","1","200","CustomDOO_GSE_PDSC_Asset_OrderFulfillmentGenericProcess","300","100","10008","1","SCM_IMPL","SCM_IMPL"
"","1","200","CustomDOO_GSE_PDSC_Asset_OrderFulfillmentGenericProcess","700","","10008","1","SCM_IMPL","SCM_IMPL"
"","1","200","CustomDOO_GSE_PDSC_Asset_OrderFulfillmentGenericProcess","900","","10008","1","SCM_IMPL","SCM_IMPL"
"","1","300","CustomDOO_GSE_PDSC_Asset_OrderFulfillmentGenericProcess","400","200","10008","1","SCM_IMPL","SCM_IMPL"
"","1","400","CustomDOO_GSE_PDSC_Asset_OrderFulfillmentGenericProcess","500","300","10008","1","SCM_IMPL","SCM_IMPL"
"","1","500","CustomDOO_GSE_PDSC_Asset_OrderFulfillmentGenericProcess","600","400","10008","1","SCM_IMPL","SCM_IMPL"
"","1","600","CustomDOO_GSE_PDSC_Asset_OrderFulfillmentGenericProcess","1200","500","10008","1","SCM_IMPL","SCM_IMPL"
"","1","700","CustomDOO_GSE_PDSC_Asset_OrderFulfillmentGenericProcess","800","200","10008","1","SCM_IMPL","SCM_IMPL"
"","1","800","CustomDOO_GSE_PDSC_Asset_OrderFulfillmentGenericProcess","1200","700","10008","1","SCM_IMPL","SCM_IMPL"
"","1","900","CustomDOO_GSE_PDSC_Asset_OrderFulfillmentGenericProcess","1000","200","10008","1","SCM_IMPL","SCM_IMPL"
"","1","1000","CustomDOO_GSE_PDSC_Asset_OrderFulfillmentGenericProcess","1100","900","10008","1","SCM_IMPL","SCM_IMPL"
"","1","1100","CustomDOO_GSE_PDSC_Asset_OrderFulfillmentGenericProcess","1200","1000","10008","1","SCM_IMPL","SCM_IMPL"
"","1","1200","CustomDOO_GSE_PDSC_Asset_OrderFulfillmentGenericProcess","1300","600","10008","1","SCM_IMPL","SCM_IMPL"
"","1","1200","CustomDOO_GSE_PDSC_Asset_OrderFulfillmentGenericProcess","","800","10008","1","SCM_IMPL","SCM_IMPL"
"","1","1200","CustomDOO_GSE_PDSC_Asset_OrderFulfillmentGenericProcess","","1100","10008","1","SCM_IMPL","SCM_IMPL"
"","1","1300","CustomDOO_GSE_PDSC_Asset_OrderFulfillmentGenericProcess","","1200","10008","1","SCM_IMPL","SCM_IMPL"
"","1","100","CustomDOO_DS_DepotRepair_ShipOrderGenericProcess","200","","10008","1","SCM_IMPL","SCM_IMPL"
"","1","200","CustomDOO_DS_DepotRepair_ShipOrderGenericProcess","300","100","10008","1","SCM_IMPL","SCM_IMPL"
"","1","400","CustomDOO_DS_DepotRepair_ShipOrderGenericProcess","500","300","10008","1","SCM_IMPL","SCM_IMPL"
"","1","500","CustomDOO_DS_DepotRepair_ShipOrderGenericProcess","","400","10008","1","SCM_IMPL","SCM_IMPL"
"","1","300","CustomDOO_DS_DepotRepair_ShipOrderGenericProcess","400","200","10008","1","SCM_IMPL","SCM_IMPL"
"","2","100","CustomDOO_DS_DepotRepair_ShipOrderGenericProcess","200","","10008","2","SCM_IMPL","SCM_IMPL"
"","2","300","CustomDOO_DS_DepotRepair_ShipOrderGenericProcess","400","200","10008","2","SCM_IMPL","SCM_IMPL"
"","2","400","CustomDOO_DS_DepotRepair_ShipOrderGenericProcess","500","300","10008","2","SCM_IMPL","SCM_IMPL"
"","2","500","CustomDOO_DS_DepotRepair_ShipOrderGenericProcess","600","400","10008","2","SCM_IMPL","SCM_IMPL"
"","2","600","CustomDOO_DS_DepotRepair_ShipOrderGenericProcess","","500","10008","2","SCM_IMPL","SCM_IMPL"
"","2","200","CustomDOO_DS_DepotRepair_ShipOrderGenericProcess","300","100","10008","2","SCM_IMPL","SCM_IMPL"
"","1","100","CustomDOO_DS_ShipOrderGenericProcess_Transportation","200","","10008","1","SCM_IMPL","SCM_IMPL"
"","1","200","CustomDOO_DS_ShipOrderGenericProcess_Transportation","300","100","10008","1","SCM_IMPL","SCM_IMPL"
"","1","500","CustomDOO_DS_ShipOrderGenericProcess_Transportation","600","400","10008","1","SCM_IMPL","SCM_IMPL"
"","1","600","CustomDOO_DS_ShipOrderGenericProcess_Transportation","700","500","10008","1","SCM_IMPL","SCM_IMPL"
"","1","700","CustomDOO_DS_ShipOrderGenericProcess_Transportation","800","600","10008","1","SCM_IMPL","SCM_IMPL"
"","1","800","CustomDOO_DS_ShipOrderGenericProcess_Transportation","","700","10008","1","SCM_IMPL","SCM_IMPL"
"","1","300","CustomDOO_DS_ShipOrderGenericProcess_Transportation","400","200","10008","1","SCM_IMPL","SCM_IMPL"
"","1","400","CustomDOO_DS_ShipOrderGenericProcess_Transportation","500","300","10008","1","SCM_IMPL","SCM_IMPL"
"","1","500","CustomDOO_DS_ShipOrderGenericProcess_Transportation_TEST_PAUSE_WITH_DELIVERY_STA","600","400","10008","1","SCM_IMPL","SCM_IMPL"
"","1","800","CustomDOO_DS_ShipOrderGenericProcess_Transportation_TEST_PAUSE_WITH_DELIVERY_STA","","700","10008","1","SCM_IMPL","SCM_IMPL"
"","1","700","CustomDOO_DS_ShipOrderGenericProcess_Transportation_TEST_PAUSE_WITH_DELIVERY_STA","800","600","10008","1","SCM_IMPL","SCM_IMPL"
"","1","300","CustomDOO_DS_ShipOrderGenericProcess_Transportation_TEST_PAUSE_WITH_DELIVERY_STA","400","200","10008","1","SCM_IMPL","SCM_IMPL"
"","1","400","CustomDOO_DS_ShipOrderGenericProcess_Transportation_TEST_PAUSE_WITH_DELIVERY_STA","500","300","10008","1","SCM_IMPL","SCM_IMPL"
"","1","100","CustomDOO_DS_ShipOrderGenericProcess_Transportation_TEST_PAUSE_WITH_DELIVERY_STA","200","","10008","1","SCM_IMPL","SCM_IMPL"
"","1","200","CustomDOO_DS_ShipOrderGenericProcess_Transportation_TEST_PAUSE_WITH_DELIVERY_STA","300","100","10008","1","SCM_IMPL","SCM_IMPL"
"","1","600","CustomDOO_DS_ShipOrderGenericProcess_Transportation_TEST_PAUSE_WITH_DELIVERY_STA","700","500","10008","1","SCM_IMPL","SCM_IMPL"
"","1","500","CustomDOO_DS_ShipOrderGenericProcess_Transportation_FINAL","600","400","10008","1","SCM_IMPL","SCM_IMPL"
"","1","800","CustomDOO_DS_ShipOrderGenericProcess_Transportation_FINAL","","700","10008","1","SCM_IMPL","SCM_IMPL"
"","1","700","CustomDOO_DS_ShipOrderGenericProcess_Transportation_FINAL","800","600","10008","1","SCM_IMPL","SCM_IMPL"
"","1","300","CustomDOO_DS_ShipOrderGenericProcess_Transportation_FINAL","400","200","10008","1","SCM_IMPL","SCM_IMPL"
"","1","400","CustomDOO_DS_ShipOrderGenericProcess_Transportation_FINAL","500","300","10008","1","SCM_IMPL","SCM_IMPL"
"","1","100","CustomDOO_DS_ShipOrderGenericProcess_Transportation_FINAL","200","","10008","1","SCM_IMPL","SCM_IMPL"
"","1","200","CustomDOO_DS_ShipOrderGenericProcess_Transportation_FINAL","300","100","10008","1","SCM_IMPL","SCM_IMPL"
"","1","600","CustomDOO_DS_ShipOrderGenericProcess_Transportation_FINAL","700","500","10008","1","SCM_IMPL","SCM_IMPL"
"","2","100","CustomDOO_DS_ShipOrderGenericProcess_Transportation_FINAL","200","","10008","2","SCM_IMPL","SCM_IMPL"
"","2","200","CustomDOO_DS_ShipOrderGenericProcess_Transportation_FINAL","300","100","10008","2","SCM_IMPL","SCM_IMPL"
"","2","300","CustomDOO_DS_ShipOrderGenericProcess_Transportation_FINAL","400","200","10008","2","SCM_IMPL","SCM_IMPL"
"","2","400","CustomDOO_DS_ShipOrderGenericProcess_Transportation_FINAL","500","300","10008","2","SCM_IMPL","SCM_IMPL"
"","2","500","CustomDOO_DS_ShipOrderGenericProcess_Transportation_FINAL","600","400","10008","2","SCM_IMPL","SCM_IMPL"
"","2","600","CustomDOO_DS_ShipOrderGenericProcess_Transportation_FINAL","700","500","10008","2","SCM_IMPL","SCM_IMPL"
"","2","700","CustomDOO_DS_ShipOrderGenericProcess_Transportation_FINAL","800","600","10008","2","SCM_IMPL","SCM_IMPL"
"","2","800","CustomDOO_DS_ShipOrderGenericProcess_Transportation_FINAL","","700","10008","2","SCM_IMPL","SCM_IMPL"
"","1","100","CustomDOO_GSE_PDSC_Asset_ReturnOrderGenericProcess","200","","10008","1","SCM_IMPL","SCM_IMPL"
"","1","200","CustomDOO_GSE_PDSC_Asset_ReturnOrderGenericProcess","300","100","10008","1","SCM_IMPL","SCM_IMPL"
"","1","300","CustomDOO_GSE_PDSC_Asset_ReturnOrderGenericProcess","","200","10008","1","SCM_IMPL","SCM_IMPL"
"","1","100","CustomDOO_ManualSchedulingProcess","200","","10008","1","SCM_IMPL","SCM_IMPL"
"","1","200","CustomDOO_ManualSchedulingProcess","300","100","10008","1","SCM_IMPL","SCM_IMPL"
"","1","200","CustomDOO_ManualSchedulingProcess","700","","10008","1","SCM_IMPL","SCM_IMPL"
"","1","200","CustomDOO_ManualSchedulingProcess","900","","10008","1","SCM_IMPL","SCM_IMPL"
"","1","300","CustomDOO_ManualSchedulingProcess","400","200","10008","1","SCM_IMPL","SCM_IMPL"
"","1","400","CustomDOO_ManualSchedulingProcess","500","300","10008","1","SCM_IMPL","SCM_IMPL"
"","1","500","CustomDOO_ManualSchedulingProcess","600","400","10008","1","SCM_IMPL","SCM_IMPL"
"","1","600","CustomDOO_ManualSchedulingProcess","1200","500","10008","1","SCM_IMPL","SCM_IMPL"
"","1","700","CustomDOO_ManualSchedulingProcess","800","200","10008","1","SCM_IMPL","SCM_IMPL"
"","1","800","CustomDOO_ManualSchedulingProcess","1200","700","10008","1","SCM_IMPL","SCM_IMPL"
"","1","900","CustomDOO_ManualSchedulingProcess","1000","200","10008","1","SCM_IMPL","SCM_IMPL"
"","1","1000","CustomDOO_ManualSchedulingProcess","1100","900","10008","1","SCM_IMPL","SCM_IMPL"
"","1","1100","CustomDOO_ManualSchedulingProcess","1200","1000","10008","1","SCM_IMPL","SCM_IMPL"
"","1","1200","CustomDOO_ManualSchedulingProcess","1300","600","10008","1","SCM_IMPL","SCM_IMPL"
"","1","1200","CustomDOO_ManualSchedulingProcess","","800","10008","1","SCM_IMPL","SCM_IMPL"
"","1","1200","CustomDOO_ManualSchedulingProcess","","1100","10008","1","SCM_IMPL","SCM_IMPL"
"","1","1300","CustomDOO_ManualSchedulingProcess","1400","1200","10008","1","SCM_IMPL","SCM_IMPL"
"","1","1400","CustomDOO_ManualSchedulingProcess","","1300","10008","1","SCM_IMPL","SCM_IMPL"
"","1","100","CustomDOO_ISG_ShipOrderProcess","200","","10008","1","SCM_IMPL","SCM_IMPL"
"","1","200","CustomDOO_ISG_ShipOrderProcess","300","100","10008","1","SCM_IMPL","SCM_IMPL"
"","1","300","CustomDOO_ISG_ShipOrderProcess","400","200","10008","1","SCM_IMPL","SCM_IMPL"
"","1","400","CustomDOO_ISG_ShipOrderProcess","500","300","10008","1","SCM_IMPL","SCM_IMPL"
"","1","500","CustomDOO_ISG_ShipOrderProcess","","400","10008","1","SCM_IMPL","SCM_IMPL"
"","1","100","CustomDOO_ReturnOrder_SCG","200","","10008","1","SCM_IMPL","SCM_IMPL"
"","1","200","CustomDOO_ReturnOrder_SCG","","100","10008","1","SCM_IMPL","SCM_IMPL"
