"DOO_ORCHESTRATION_PROCESS.DooProcessVersion","DOO_ORCHESTRATION_PROCESS.ProcessName","ORA_DOO_ORCHESTRATION_PROCESS_STEP_DEFINITION.OrchestrationApplicationCode","ORA_DOO_ORCHESTRATION_PROCESS_STEP_DEFINITION.DooProcessVersion","ORA_DOO_ORCHESTRATION_PROCESS_STEP_DEFINITION.StepNumber","Language","SourceLang","StepName","SplitUnitDisplayName"
"2","ClickShipCollect2","DOO","2","800","AR","US","Carrier Pickup","Split"
"2","ClickShipCollect2","DOO","2","800","CS","US","Carrier Pickup","Split"
"2","ClickShipCollect2","DOO","2","800","D","D","Fördermaschineaufnahme","Aufteilen"
"2","ClickShipCollect2","DOO","2","800","DK","US","Carrier Pickup","Split"
"2","ClickShipCollect2","DOO","2","800","E","E","Recofida por transportista","Fraccionar"
"2","ClickShipCollect2","DOO","2","800","EL","US","Carrier Pickup","Split"
"2","ClickShipCollect2","DOO","2","800","ESA","US","Carrier Pickup","Split"
"2","ClickShipCollect2","DOO","2","800","ET","US","Carrier Pickup","Split"
"2","ClickShipCollect2","DOO","2","800","F","F","Prélèvement transporteur","Fractionner"
"2","ClickShipCollect2","DOO","2","800","FRC","FRC","Prélèvement transporteur","Fractionner"
"2","ClickShipCollect2","DOO","2","800","HR","US","Carrier Pickup","Split"
"2","ClickShipCollect2","DOO","2","800","HU","US","Carrier Pickup","Split"
"2","ClickShipCollect2","DOO","2","800","I","I","Ritiro corriere","Dividere"
"2","ClickShipCollect2","DOO","2","800","IS","US","Carrier Pickup","Split"
"2","ClickShipCollect2","DOO","2","800","IW","US","Carrier Pickup","Split"
"2","ClickShipCollect2","DOO","2","800","JA","JA","キャリア・ピックアップ","分割"
"2","ClickShipCollect2","DOO","2","800","KO","KO","수송사 Pickup","분열"
"2","ClickShipCollect2","DOO","2","800","LT","US","Carrier Pickup","Split"
"2","ClickShipCollect2","DOO","2","800","LV","US","Carrier Pickup","Split"
"2","ClickShipCollect2","DOO","2","800","N","US","Carrier Pickup","Split"
"2","ClickShipCollect2","DOO","2","800","NL","NL","Ophalen door transporteur","Split"
"2","ClickShipCollect2","DOO","2","800","PL","US","Carrier Pickup","Split"
"2","ClickShipCollect2","DOO","2","800","PT","US","Carrier Pickup","Split"
"2","ClickShipCollect2","DOO","2","800","PTB","US","Carrier Pickup","Split"
"2","ClickShipCollect2","DOO","2","800","RO","US","Carrier Pickup","Split"
"2","ClickShipCollect2","DOO","2","800","RU","US","Carrier Pickup","Split"
"2","ClickShipCollect2","DOO","2","800","S","US","Carrier Pickup","Split"
"2","ClickShipCollect2","DOO","2","800","SF","US","Carrier Pickup","Split"
"2","ClickShipCollect2","DOO","2","800","SK","US","Carrier Pickup","Split"
"2","ClickShipCollect2","DOO","2","800","SL","US","Carrier Pickup","Split"
"2","ClickShipCollect2","DOO","2","800","TH","US","Carrier Pickup","Split"
"2","ClickShipCollect2","DOO","2","800","TR","US","Carrier Pickup","Split"
"2","ClickShipCollect2","DOO","2","800","UK","US","Carrier Pickup","Split"
"2","ClickShipCollect2","DOO","2","800","US","US","Carrier Pickup","Split"
"2","ClickShipCollect2","DOO","2","800","VN","US","Carrier Pickup","Split"
"2","ClickShipCollect2","DOO","2","800","ZHS","ZHS","承运人起运","拆分"
"2","ClickShipCollect2","DOO","2","800","ZHT","ZHT","承隕人起隕","拆分"
"2","ClickShipCollect2","DOO","2","100","AR","US","Credit Card Payment","Split"
"2","ClickShipCollect2","DOO","2","100","CS","US","Credit Card Payment","Split"
"2","ClickShipCollect2","DOO","2","100","D","D","Kreditkartenzahlung","Aufteilen"
"2","ClickShipCollect2","DOO","2","100","DK","US","Credit Card Payment","Split"
"2","ClickShipCollect2","DOO","2","100","E","E","Pago con tarjeta de crédito","Fraccionar"
"2","ClickShipCollect2","DOO","2","100","EL","US","Credit Card Payment","Split"
"2","ClickShipCollect2","DOO","2","100","ESA","US","Credit Card Payment","Split"
"2","ClickShipCollect2","DOO","2","100","ET","US","Credit Card Payment","Split"
"2","ClickShipCollect2","DOO","2","100","F","F","Paiement par carte de crédit","Fractionner"
"2","ClickShipCollect2","DOO","2","100","FRC","FRC","Paiement par carte de crédit","Fractionner"
"2","ClickShipCollect2","DOO","2","100","HR","US","Credit Card Payment","Split"
"2","ClickShipCollect2","DOO","2","100","HU","US","Credit Card Payment","Split"
"2","ClickShipCollect2","DOO","2","100","I","I","Pagamento carta di credito","Dividere"
"2","ClickShipCollect2","DOO","2","100","IS","US","Credit Card Payment","Split"
"2","ClickShipCollect2","DOO","2","100","IW","US","Credit Card Payment","Split"
"2","ClickShipCollect2","DOO","2","100","JA","JA","クレジット支払い","分割"
"2","ClickShipCollect2","DOO","2","100","KO","KO","신용카드지불","분열"
"2","ClickShipCollect2","DOO","2","100","LT","US","Credit Card Payment","Split"
"2","ClickShipCollect2","DOO","2","100","LV","US","Credit Card Payment","Split"
"2","ClickShipCollect2","DOO","2","100","N","US","Credit Card Payment","Split"
"2","ClickShipCollect2","DOO","2","100","NL","NL","Creditcardbetaling","Split"
"2","ClickShipCollect2","DOO","2","100","PL","US","Credit Card Payment","Split"
"2","ClickShipCollect2","DOO","2","100","PT","US","Credit Card Payment","Split"
"2","ClickShipCollect2","DOO","2","100","PTB","US","Credit Card Payment","Split"
"2","ClickShipCollect2","DOO","2","100","RO","US","Credit Card Payment","Split"
"2","ClickShipCollect2","DOO","2","100","RU","US","Credit Card Payment","Split"
"2","ClickShipCollect2","DOO","2","100","S","US","Credit Card Payment","Split"
"2","ClickShipCollect2","DOO","2","100","SF","US","Credit Card Payment","Split"
"2","ClickShipCollect2","DOO","2","100","SK","US","Credit Card Payment","Split"
"2","ClickShipCollect2","DOO","2","100","SL","US","Credit Card Payment","Split"
"2","ClickShipCollect2","DOO","2","100","TH","US","Credit Card Payment","Split"
"2","ClickShipCollect2","DOO","2","100","TR","US","Credit Card Payment","Split"
"2","ClickShipCollect2","DOO","2","100","UK","US","Credit Card Payment","Split"
"2","ClickShipCollect2","DOO","2","100","US","US","Credit Card Payment","Split"
"2","ClickShipCollect2","DOO","2","100","VN","US","Credit Card Payment","Split"
"2","ClickShipCollect2","DOO","2","100","ZHS","ZHS","信用卡付款","拆分"
"2","ClickShipCollect2","DOO","2","100","ZHT","ZHT","信用卡付款","拆分"
"2","ClickShipCollect2","DOO","2","1300","AR","US","Awaiting Customer Pickup","Split"
"2","ClickShipCollect2","DOO","2","1300","CS","US","Awaiting Customer Pickup","Split"
"2","ClickShipCollect2","DOO","2","1300","D","D","Warten auf Selbstabholung","Aufteilen"
"2","ClickShipCollect2","DOO","2","1300","DK","US","Awaiting Customer Pickup","Split"
"2","ClickShipCollect2","DOO","2","1300","E","E","En espera de recogida por cliente","Fraccionar"
"2","ClickShipCollect2","DOO","2","1300","EL","US","Awaiting Customer Pickup","Split"
"2","ClickShipCollect2","DOO","2","1300","ESA","US","Awaiting Customer Pickup","Split"
"2","ClickShipCollect2","DOO","2","1300","ET","US","Awaiting Customer Pickup","Split"
"2","ClickShipCollect2","DOO","2","1300","F","F","En attente de l'enlèvement client","Fractionner"
"2","ClickShipCollect2","DOO","2","1300","FRC","FRC","En attente de l'enlèvement client","Fractionner"
"2","ClickShipCollect2","DOO","2","1300","HR","US","Awaiting Customer Pickup","Split"
"2","ClickShipCollect2","DOO","2","1300","HU","US","Awaiting Customer Pickup","Split"
"2","ClickShipCollect2","DOO","2","1300","I","I","In attesa di ritiro cliente","Dividere"
"2","ClickShipCollect2","DOO","2","1300","IS","US","Awaiting Customer Pickup","Split"
"2","ClickShipCollect2","DOO","2","1300","IW","US","Awaiting Customer Pickup","Split"
"2","ClickShipCollect2","DOO","2","1300","JA","JA","顧客ピックアップ待ち","分割"
"2","ClickShipCollect2","DOO","2","1300","KO","KO","고객Pickup 대기","분열"
"2","ClickShipCollect2","DOO","2","1300","LT","US","Awaiting Customer Pickup","Split"
"2","ClickShipCollect2","DOO","2","1300","LV","US","Awaiting Customer Pickup","Split"
"2","ClickShipCollect2","DOO","2","1300","N","US","Awaiting Customer Pickup","Split"
"2","ClickShipCollect2","DOO","2","1300","NL","NL","Wacht op ophalen door klant","Split"
"2","ClickShipCollect2","DOO","2","1300","PL","US","Awaiting Customer Pickup","Split"
"2","ClickShipCollect2","DOO","2","1300","PT","US","Awaiting Customer Pickup","Split"
"2","ClickShipCollect2","DOO","2","1300","PTB","US","Awaiting Customer Pickup","Split"
"2","ClickShipCollect2","DOO","2","1300","RO","US","Awaiting Customer Pickup","Split"
"2","ClickShipCollect2","DOO","2","1300","RU","US","Awaiting Customer Pickup","Split"
"2","ClickShipCollect2","DOO","2","1300","S","US","Awaiting Customer Pickup","Split"
"2","ClickShipCollect2","DOO","2","1300","SF","US","Awaiting Customer Pickup","Split"
"2","ClickShipCollect2","DOO","2","1300","SK","US","Awaiting Customer Pickup","Split"
"2","ClickShipCollect2","DOO","2","1300","SL","US","Awaiting Customer Pickup","Split"
"2","ClickShipCollect2","DOO","2","1300","TH","US","Awaiting Customer Pickup","Split"
"2","ClickShipCollect2","DOO","2","1300","TR","US","Awaiting Customer Pickup","Split"
"2","ClickShipCollect2","DOO","2","1300","UK","US","Awaiting Customer Pickup","Split"
"2","ClickShipCollect2","DOO","2","1300","US","US","Awaiting Customer Pickup","Split"
"2","ClickShipCollect2","DOO","2","1300","VN","US","Awaiting Customer Pickup","Split"
"2","ClickShipCollect2","DOO","2","1300","ZHS","ZHS","等待客户起运","拆分"
"2","ClickShipCollect2","DOO","2","1300","ZHT","ZHT","等待客戶起隕","拆分"
"2","ClickShipCollect2","DOO","2","1400","AR","US","Wait for Customer Pickup","Split"
"2","ClickShipCollect2","DOO","2","1400","CS","US","Wait for Customer Pickup","Split"
"2","ClickShipCollect2","DOO","2","1400","D","D","Warten auf Selbstabholung","Aufteilen"
"2","ClickShipCollect2","DOO","2","1400","DK","US","Wait for Customer Pickup","Split"
"2","ClickShipCollect2","DOO","2","1400","E","E","Esperar recogida por cliente","Fraccionar"
"2","ClickShipCollect2","DOO","2","1400","EL","US","Wait for Customer Pickup","Split"
"2","ClickShipCollect2","DOO","2","1400","ESA","US","Wait for Customer Pickup","Split"
"2","ClickShipCollect2","DOO","2","1400","ET","US","Wait for Customer Pickup","Split"
"2","ClickShipCollect2","DOO","2","1400","F","F","Attendre l'enlèvement client","Fractionner"
"2","ClickShipCollect2","DOO","2","1400","FRC","FRC","Attendre l'enlèvement client","Fractionner"
"2","ClickShipCollect2","DOO","2","1400","HR","US","Wait for Customer Pickup","Split"
"2","ClickShipCollect2","DOO","2","1400","HU","US","Wait for Customer Pickup","Split"
"2","ClickShipCollect2","DOO","2","1400","I","I","In attesa di ritiro cliente","Dividere"
"2","ClickShipCollect2","DOO","2","1400","IS","US","Wait for Customer Pickup","Split"
"2","ClickShipCollect2","DOO","2","1400","IW","US","Wait for Customer Pickup","Split"
"2","ClickShipCollect2","DOO","2","1400","JA","JA","顧客ピックアップ待ち","分割"
"2","ClickShipCollect2","DOO","2","1400","KO","KO","고객Pickup 대기","분열"
"2","ClickShipCollect2","DOO","2","1400","LT","US","Wait for Customer Pickup","Split"
"2","ClickShipCollect2","DOO","2","1400","LV","US","Wait for Customer Pickup","Split"
"2","ClickShipCollect2","DOO","2","1400","N","US","Wait for Customer Pickup","Split"
"2","ClickShipCollect2","DOO","2","1400","NL","NL","Wacht op ophalen door klant","Split"
"2","ClickShipCollect2","DOO","2","1400","PL","US","Wait for Customer Pickup","Split"
"2","ClickShipCollect2","DOO","2","1400","PT","US","Wait for Customer Pickup","Split"
"2","ClickShipCollect2","DOO","2","1400","PTB","US","Wait for Customer Pickup","Split"
"2","ClickShipCollect2","DOO","2","1400","RO","US","Wait for Customer Pickup","Split"
"2","ClickShipCollect2","DOO","2","1400","RU","US","Wait for Customer Pickup","Split"
"2","ClickShipCollect2","DOO","2","1400","S","US","Wait for Customer Pickup","Split"
"2","ClickShipCollect2","DOO","2","1400","SF","US","Wait for Customer Pickup","Split"
"2","ClickShipCollect2","DOO","2","1400","SK","US","Wait for Customer Pickup","Split"
"2","ClickShipCollect2","DOO","2","1400","SL","US","Wait for Customer Pickup","Split"
"2","ClickShipCollect2","DOO","2","1400","TH","US","Wait for Customer Pickup","Split"
"2","ClickShipCollect2","DOO","2","1400","TR","US","Wait for Customer Pickup","Split"
"2","ClickShipCollect2","DOO","2","1400","UK","US","Wait for Customer Pickup","Split"
"2","ClickShipCollect2","DOO","2","1400","US","US","Wait for Customer Pickup","Split"
"2","ClickShipCollect2","DOO","2","1400","VN","US","Wait for Customer Pickup","Split"
"2","ClickShipCollect2","DOO","2","1400","ZHS","ZHS","等待客户起运","拆分"
"2","ClickShipCollect2","DOO","2","1400","ZHT","ZHT","等待客戶起隕","拆分"
"2","ClickShipCollect2","DOO","2","400","AR","US","Create Reservation","Split"
"2","ClickShipCollect2","DOO","2","400","CS","US","Create Reservation","Split"
"2","ClickShipCollect2","DOO","2","400","D","D","Reservierung erstellen","Aufteilen"
"2","ClickShipCollect2","DOO","2","400","DK","US","Create Reservation","Split"
"2","ClickShipCollect2","DOO","2","400","E","E","Crear reserva","Fraccionar"
"2","ClickShipCollect2","DOO","2","400","EL","US","Create Reservation","Split"
"2","ClickShipCollect2","DOO","2","400","ESA","US","Create Reservation","Split"
"2","ClickShipCollect2","DOO","2","400","ET","US","Create Reservation","Split"
"2","ClickShipCollect2","DOO","2","400","F","F","Créer une réservation","Fractionner"
"2","ClickShipCollect2","DOO","2","400","FRC","FRC","Créer une réservation","Fractionner"
"2","ClickShipCollect2","DOO","2","400","HR","US","Create Reservation","Split"
"2","ClickShipCollect2","DOO","2","400","HU","US","Create Reservation","Split"
"2","ClickShipCollect2","DOO","2","400","I","I","Creazione prenotazione","Dividere"
"2","ClickShipCollect2","DOO","2","400","IS","US","Create Reservation","Split"
"2","ClickShipCollect2","DOO","2","400","IW","US","Create Reservation","Split"
"2","ClickShipCollect2","DOO","2","400","JA","JA","予約作成","分割"
"2","ClickShipCollect2","DOO","2","400","KO","KO","예약생성","분열"
"2","ClickShipCollect2","DOO","2","400","LT","US","Create Reservation","Split"
"2","ClickShipCollect2","DOO","2","400","LV","US","Create Reservation","Split"
"2","ClickShipCollect2","DOO","2","400","N","US","Create Reservation","Split"
"2","ClickShipCollect2","DOO","2","400","NL","NL","Reservering aanmaking","Split"
"2","ClickShipCollect2","DOO","2","400","PL","US","Create Reservation","Split"
"2","ClickShipCollect2","DOO","2","400","PT","US","Create Reservation","Split"
"2","ClickShipCollect2","DOO","2","400","PTB","US","Create Reservation","Split"
"2","ClickShipCollect2","DOO","2","400","RO","US","Create Reservation","Split"
"2","ClickShipCollect2","DOO","2","400","RU","US","Create Reservation","Split"
"2","ClickShipCollect2","DOO","2","400","S","US","Create Reservation","Split"
"2","ClickShipCollect2","DOO","2","400","SF","US","Create Reservation","Split"
"2","ClickShipCollect2","DOO","2","400","SK","US","Create Reservation","Split"
"2","ClickShipCollect2","DOO","2","400","SL","US","Create Reservation","Split"
"2","ClickShipCollect2","DOO","2","400","TH","US","Create Reservation","Split"
"2","ClickShipCollect2","DOO","2","400","TR","US","Create Reservation","Split"
"2","ClickShipCollect2","DOO","2","400","UK","US","Create Reservation","Split"
"2","ClickShipCollect2","DOO","2","400","US","US","Create Reservation","Split"
"2","ClickShipCollect2","DOO","2","400","VN","US","Create Reservation","Split"
"2","ClickShipCollect2","DOO","2","400","ZHS","ZHS","创建保留","拆分"
"2","ClickShipCollect2","DOO","2","400","ZHT","ZHT","創建保留","拆分"
"2","ClickShipCollect2","DOO","2","200","AR","US","Schedule","Split"
"2","ClickShipCollect2","DOO","2","200","CS","US","Schedule","Split"
"2","ClickShipCollect2","DOO","2","200","D","D","Planen","Aufteilen"
"2","ClickShipCollect2","DOO","2","200","DK","US","Schedule","Split"
"2","ClickShipCollect2","DOO","2","200","E","E","Programa","Fraccionar"
"2","ClickShipCollect2","DOO","2","200","EL","US","Schedule","Split"
"2","ClickShipCollect2","DOO","2","200","ESA","US","Schedule","Split"
"2","ClickShipCollect2","DOO","2","200","ET","US","Schedule","Split"
"2","ClickShipCollect2","DOO","2","200","F","F","Programme","Fractionner"
"2","ClickShipCollect2","DOO","2","200","FRC","FRC","Programme","Fractionner"
"2","ClickShipCollect2","DOO","2","200","HR","US","Schedule","Split"
"2","ClickShipCollect2","DOO","2","200","HU","US","Schedule","Split"
"2","ClickShipCollect2","DOO","2","200","I","I","Schedulazione","Dividere"
"2","ClickShipCollect2","DOO","2","200","IS","US","Schedule","Split"
"2","ClickShipCollect2","DOO","2","200","IW","US","Schedule","Split"
"2","ClickShipCollect2","DOO","2","200","JA","JA","スケジュール","分割"
"2","ClickShipCollect2","DOO","2","200","KO","KO","일정","분열"
"2","ClickShipCollect2","DOO","2","200","LT","US","Schedule","Split"
"2","ClickShipCollect2","DOO","2","200","LV","US","Schedule","Split"
"2","ClickShipCollect2","DOO","2","200","N","US","Schedule","Split"
"2","ClickShipCollect2","DOO","2","200","NL","NL","Planning","Split"
"2","ClickShipCollect2","DOO","2","200","PL","US","Schedule","Split"
"2","ClickShipCollect2","DOO","2","200","PT","US","Schedule","Split"
"2","ClickShipCollect2","DOO","2","200","PTB","US","Schedule","Split"
"2","ClickShipCollect2","DOO","2","200","RO","US","Schedule","Split"
"2","ClickShipCollect2","DOO","2","200","RU","US","Schedule","Split"
"2","ClickShipCollect2","DOO","2","200","S","US","Schedule","Split"
"2","ClickShipCollect2","DOO","2","200","SF","US","Schedule","Split"
"2","ClickShipCollect2","DOO","2","200","SK","US","Schedule","Split"
"2","ClickShipCollect2","DOO","2","200","SL","US","Schedule","Split"
"2","ClickShipCollect2","DOO","2","200","TH","US","Schedule","Split"
"2","ClickShipCollect2","DOO","2","200","TR","US","Schedule","Split"
"2","ClickShipCollect2","DOO","2","200","UK","US","Schedule","Split"
"2","ClickShipCollect2","DOO","2","200","US","US","Schedule","Split"
"2","ClickShipCollect2","DOO","2","200","VN","US","Schedule","Split"
"2","ClickShipCollect2","DOO","2","200","ZHS","ZHS","计划","拆分"
"2","ClickShipCollect2","DOO","2","200","ZHT","ZHT","計劃","拆分"
"2","ClickShipCollect2","DOO","2","700","AR","US","Wait for Shipment","Split"
"2","ClickShipCollect2","DOO","2","700","CS","US","Wait for Shipment","Split"
"2","ClickShipCollect2","DOO","2","700","D","D","Warten auf Versand","Aufteilen"
"2","ClickShipCollect2","DOO","2","700","DK","US","Wait for Shipment","Split"
"2","ClickShipCollect2","DOO","2","700","E","E","Esperar envío","Fraccionar"
"2","ClickShipCollect2","DOO","2","700","EL","US","Wait for Shipment","Split"
"2","ClickShipCollect2","DOO","2","700","ESA","US","Wait for Shipment","Split"
"2","ClickShipCollect2","DOO","2","700","ET","US","Wait for Shipment","Split"
"2","ClickShipCollect2","DOO","2","700","F","F","Attendre l'expédition","Fractionner"
"2","ClickShipCollect2","DOO","2","700","FRC","FRC","Attendre l'expédition","Fractionner"
"2","ClickShipCollect2","DOO","2","700","HR","US","Wait for Shipment","Split"
"2","ClickShipCollect2","DOO","2","700","HU","US","Wait for Shipment","Split"
"2","ClickShipCollect2","DOO","2","700","I","I","Attendere la spedizione","Dividere"
"2","ClickShipCollect2","DOO","2","700","IS","US","Wait for Shipment","Split"
"2","ClickShipCollect2","DOO","2","700","IW","US","Wait for Shipment","Split"
"2","ClickShipCollect2","DOO","2","700","JA","JA","出荷待ち","分割"
"2","ClickShipCollect2","DOO","2","700","KO","KO","운송대기","분열"
"2","ClickShipCollect2","DOO","2","700","LT","US","Wait for Shipment","Split"
"2","ClickShipCollect2","DOO","2","700","LV","US","Wait for Shipment","Split"
"2","ClickShipCollect2","DOO","2","700","N","US","Wait for Shipment","Split"
"2","ClickShipCollect2","DOO","2","700","NL","NL","Wacht op verzending","Split"
"2","ClickShipCollect2","DOO","2","700","PL","US","Wait for Shipment","Split"
"2","ClickShipCollect2","DOO","2","700","PT","US","Wait for Shipment","Split"
"2","ClickShipCollect2","DOO","2","700","PTB","US","Wait for Shipment","Split"
"2","ClickShipCollect2","DOO","2","700","RO","US","Wait for Shipment","Split"
"2","ClickShipCollect2","DOO","2","700","RU","US","Wait for Shipment","Split"
"2","ClickShipCollect2","DOO","2","700","S","US","Wait for Shipment","Split"
"2","ClickShipCollect2","DOO","2","700","SF","US","Wait for Shipment","Split"
"2","ClickShipCollect2","DOO","2","700","SK","US","Wait for Shipment","Split"
"2","ClickShipCollect2","DOO","2","700","SL","US","Wait for Shipment","Split"
"2","ClickShipCollect2","DOO","2","700","TH","US","Wait for Shipment","Split"
"2","ClickShipCollect2","DOO","2","700","TR","US","Wait for Shipment","Split"
"2","ClickShipCollect2","DOO","2","700","UK","US","Wait for Shipment","Split"
"2","ClickShipCollect2","DOO","2","700","US","US","Wait for Shipment","Split"
"2","ClickShipCollect2","DOO","2","700","VN","US","Wait for Shipment","Split"
"2","ClickShipCollect2","DOO","2","700","ZHS","ZHS","等待发运","拆分"
"2","ClickShipCollect2","DOO","2","700","ZHT","ZHT","等待發隕","拆分"
"2","ClickShipCollect2","DOO","2","600","AR","US","Ship to Customer","Split"
"2","ClickShipCollect2","DOO","2","600","CS","US","Ship to Customer","Split"
"2","ClickShipCollect2","DOO","2","600","D","D","Versenden an Kunden","Aufteilen"
"2","ClickShipCollect2","DOO","2","600","DK","US","Ship to Customer","Split"
"2","ClickShipCollect2","DOO","2","600","E","E","Cliente de envío","Fraccionar"
"2","ClickShipCollect2","DOO","2","600","EL","US","Ship to Customer","Split"
"2","ClickShipCollect2","DOO","2","600","ESA","US","Ship to Customer","Split"
"2","ClickShipCollect2","DOO","2","600","ET","US","Ship to Customer","Split"
"2","ClickShipCollect2","DOO","2","600","F","F","Expédier au client","Fractionner"
"2","ClickShipCollect2","DOO","2","600","FRC","FRC","Expédier au client","Fractionner"
"2","ClickShipCollect2","DOO","2","600","HR","US","Ship to Customer","Split"
"2","ClickShipCollect2","DOO","2","600","HU","US","Ship to Customer","Split"
"2","ClickShipCollect2","DOO","2","600","I","I","Spedizione al cliente","Dividere"
"2","ClickShipCollect2","DOO","2","600","IS","US","Ship to Customer","Split"
"2","ClickShipCollect2","DOO","2","600","IW","US","Ship to Customer","Split"
"2","ClickShipCollect2","DOO","2","600","JA","JA","出荷","分割"
"2","ClickShipCollect2","DOO","2","600","KO","KO","고객에게 운송","분열"
"2","ClickShipCollect2","DOO","2","600","LT","US","Ship to Customer","Split"
"2","ClickShipCollect2","DOO","2","600","LV","US","Ship to Customer","Split"
"2","ClickShipCollect2","DOO","2","600","N","US","Ship to Customer","Split"
"2","ClickShipCollect2","DOO","2","600","NL","NL","Verzenden aan klant","Split"
"2","ClickShipCollect2","DOO","2","600","PL","US","Ship to Customer","Split"
"2","ClickShipCollect2","DOO","2","600","PT","US","Ship to Customer","Split"
"2","ClickShipCollect2","DOO","2","600","PTB","US","Ship to Customer","Split"
"2","ClickShipCollect2","DOO","2","600","RO","US","Ship to Customer","Split"
"2","ClickShipCollect2","DOO","2","600","RU","US","Ship to Customer","Split"
"2","ClickShipCollect2","DOO","2","600","S","US","Ship to Customer","Split"
"2","ClickShipCollect2","DOO","2","600","SF","US","Ship to Customer","Split"
"2","ClickShipCollect2","DOO","2","600","SK","US","Ship to Customer","Split"
"2","ClickShipCollect2","DOO","2","600","SL","US","Ship to Customer","Split"
"2","ClickShipCollect2","DOO","2","600","TH","US","Ship to Customer","Split"
"2","ClickShipCollect2","DOO","2","600","TR","US","Ship to Customer","Split"
"2","ClickShipCollect2","DOO","2","600","UK","US","Ship to Customer","Split"
"2","ClickShipCollect2","DOO","2","600","US","US","Ship to Customer","Split"
"2","ClickShipCollect2","DOO","2","600","VN","US","Ship to Customer","Split"
"2","ClickShipCollect2","DOO","2","600","ZHS","ZHS","发运给客户","拆分"
"2","ClickShipCollect2","DOO","2","600","ZHT","ZHT","發隕個客戶","拆分"
"2","ClickShipCollect2","DOO","2","900","AR","US","Delivered to Customer","Split"
"2","ClickShipCollect2","DOO","2","900","CS","US","Delivered to Customer","Split"
"2","ClickShipCollect2","DOO","2","900","D","D","An Kunden geliefert","Aufteilen"
"2","ClickShipCollect2","DOO","2","900","DK","US","Delivered to Customer","Split"
"2","ClickShipCollect2","DOO","2","900","E","E","Entregado a cliente","Fraccionar"
"2","ClickShipCollect2","DOO","2","900","EL","US","Delivered to Customer","Split"
"2","ClickShipCollect2","DOO","2","900","ESA","US","Delivered to Customer","Split"
"2","ClickShipCollect2","DOO","2","900","ET","US","Delivered to Customer","Split"
"2","ClickShipCollect2","DOO","2","900","F","F","Livré au client","Fractionner"
"2","ClickShipCollect2","DOO","2","900","FRC","FRC","Livré au client","Fractionner"
"2","ClickShipCollect2","DOO","2","900","HR","US","Delivered to Customer","Split"
"2","ClickShipCollect2","DOO","2","900","HU","US","Delivered to Customer","Split"
"2","ClickShipCollect2","DOO","2","900","I","I","Consegnato al Cliente","Dividere"
"2","ClickShipCollect2","DOO","2","900","IS","US","Delivered to Customer","Split"
"2","ClickShipCollect2","DOO","2","900","IW","US","Delivered to Customer","Split"
"2","ClickShipCollect2","DOO","2","900","JA","JA","顧客配送済","分割"
"2","ClickShipCollect2","DOO","2","900","KO","KO","고객에게 전달","분열"
"2","ClickShipCollect2","DOO","2","900","LT","US","Delivered to Customer","Split"
"2","ClickShipCollect2","DOO","2","900","LV","US","Delivered to Customer","Split"
"2","ClickShipCollect2","DOO","2","900","N","US","Delivered to Customer","Split"
"2","ClickShipCollect2","DOO","2","900","NL","NL","Afgeleverd bij klant","Split"
"2","ClickShipCollect2","DOO","2","900","PL","US","Delivered to Customer","Split"
"2","ClickShipCollect2","DOO","2","900","PT","US","Delivered to Customer","Split"
"2","ClickShipCollect2","DOO","2","900","PTB","US","Delivered to Customer","Split"
"2","ClickShipCollect2","DOO","2","900","RO","US","Delivered to Customer","Split"
"2","ClickShipCollect2","DOO","2","900","RU","US","Delivered to Customer","Split"
"2","ClickShipCollect2","DOO","2","900","S","US","Delivered to Customer","Split"
"2","ClickShipCollect2","DOO","2","900","SF","US","Delivered to Customer","Split"
"2","ClickShipCollect2","DOO","2","900","SK","US","Delivered to Customer","Split"
"2","ClickShipCollect2","DOO","2","900","SL","US","Delivered to Customer","Split"
"2","ClickShipCollect2","DOO","2","900","TH","US","Delivered to Customer","Split"
"2","ClickShipCollect2","DOO","2","900","TR","US","Delivered to Customer","Split"
"2","ClickShipCollect2","DOO","2","900","UK","US","Delivered to Customer","Split"
"2","ClickShipCollect2","DOO","2","900","US","US","Delivered to Customer","Split"
"2","ClickShipCollect2","DOO","2","900","VN","US","Delivered to Customer","Split"
"2","ClickShipCollect2","DOO","2","900","ZHS","ZHS","已投递给客户","拆分"
"2","ClickShipCollect2","DOO","2","900","ZHT","ZHT","已投遞個客戶","拆分"
"2","ClickShipCollect2","DOO","2","1200","AR","US","Notify Customer","Split"
"2","ClickShipCollect2","DOO","2","1200","CS","US","Notify Customer","Split"
"2","ClickShipCollect2","DOO","2","1200","D","D","Kunden benachrichtigen","Aufteilen"
"2","ClickShipCollect2","DOO","2","1200","DK","US","Notify Customer","Split"
"2","ClickShipCollect2","DOO","2","1200","E","E","Notificar al Cliente","Fraccionar"
"2","ClickShipCollect2","DOO","2","1200","EL","US","Notify Customer","Split"
"2","ClickShipCollect2","DOO","2","1200","ESA","US","Notify Customer","Split"
"2","ClickShipCollect2","DOO","2","1200","ET","US","Notify Customer","Split"
"2","ClickShipCollect2","DOO","2","1200","F","F","Notifier le client","Fractionner"
"2","ClickShipCollect2","DOO","2","1200","FRC","FRC","Notifier le client","Fractionner"
"2","ClickShipCollect2","DOO","2","1200","HR","US","Notify Customer","Split"
"2","ClickShipCollect2","DOO","2","1200","HU","US","Notify Customer","Split"
"2","ClickShipCollect2","DOO","2","1200","I","I","Notifica cliente","Dividere"
"2","ClickShipCollect2","DOO","2","1200","IS","US","Notify Customer","Split"
"2","ClickShipCollect2","DOO","2","1200","IW","US","Notify Customer","Split"
"2","ClickShipCollect2","DOO","2","1200","JA","JA","顧客に通知","分割"
"2","ClickShipCollect2","DOO","2","1200","KO","KO","고객통지","분열"
"2","ClickShipCollect2","DOO","2","1200","LT","US","Notify Customer","Split"
"2","ClickShipCollect2","DOO","2","1200","LV","US","Notify Customer","Split"
"2","ClickShipCollect2","DOO","2","1200","N","US","Notify Customer","Split"
"2","ClickShipCollect2","DOO","2","1200","NL","NL","Melden aan klant","Split"
"2","ClickShipCollect2","DOO","2","1200","PL","US","Notify Customer","Split"
"2","ClickShipCollect2","DOO","2","1200","PT","US","Notify Customer","Split"
"2","ClickShipCollect2","DOO","2","1200","PTB","US","Notify Customer","Split"
"2","ClickShipCollect2","DOO","2","1200","RO","US","Notify Customer","Split"
"2","ClickShipCollect2","DOO","2","1200","RU","US","Notify Customer","Split"
"2","ClickShipCollect2","DOO","2","1200","S","US","Notify Customer","Split"
"2","ClickShipCollect2","DOO","2","1200","SF","US","Notify Customer","Split"
"2","ClickShipCollect2","DOO","2","1200","SK","US","Notify Customer","Split"
"2","ClickShipCollect2","DOO","2","1200","SL","US","Notify Customer","Split"
"2","ClickShipCollect2","DOO","2","1200","TH","US","Notify Customer","Split"
"2","ClickShipCollect2","DOO","2","1200","TR","US","Notify Customer","Split"
"2","ClickShipCollect2","DOO","2","1200","UK","US","Notify Customer","Split"
"2","ClickShipCollect2","DOO","2","1200","US","US","Notify Customer","Split"
"2","ClickShipCollect2","DOO","2","1200","VN","US","Notify Customer","Split"
"2","ClickShipCollect2","DOO","2","1200","ZHS","ZHS","通知客户","拆分"
"2","ClickShipCollect2","DOO","2","1200","ZHT","ZHT","通知客戶","拆分"
"2","ClickShipCollect2","DOO","2","500","AR","US","Notify Customer 1","Split"
"2","ClickShipCollect2","DOO","2","500","CS","US","Notify Customer 1","Split"
"2","ClickShipCollect2","DOO","2","500","D","D","Kunden 1 benachrichtigen","Aufteilen"
"2","ClickShipCollect2","DOO","2","500","DK","US","Notify Customer 1","Split"
"2","ClickShipCollect2","DOO","2","500","E","E","Notificar Cliente 1","Fraccionar"
"2","ClickShipCollect2","DOO","2","500","EL","US","Notify Customer 1","Split"
"2","ClickShipCollect2","DOO","2","500","ESA","US","Notify Customer 1","Split"
"2","ClickShipCollect2","DOO","2","500","ET","US","Notify Customer 1","Split"
"2","ClickShipCollect2","DOO","2","500","F","F","Notifier Client 1","Fractionner"
"2","ClickShipCollect2","DOO","2","500","FRC","FRC","Notifier Client 1","Fractionner"
"2","ClickShipCollect2","DOO","2","500","HR","US","Notify Customer 1","Split"
"2","ClickShipCollect2","DOO","2","500","HU","US","Notify Customer 1","Split"
"2","ClickShipCollect2","DOO","2","500","I","I","Notifica cliente 1","Dividere"
"2","ClickShipCollect2","DOO","2","500","IS","US","Notify Customer 1","Split"
"2","ClickShipCollect2","DOO","2","500","IW","US","Notify Customer 1","Split"
"2","ClickShipCollect2","DOO","2","500","JA","JA","顧客１に通知","分割"
"2","ClickShipCollect2","DOO","2","500","KO","KO","고객통지1","분열"
"2","ClickShipCollect2","DOO","2","500","LT","US","Notify Customer 1","Split"
"2","ClickShipCollect2","DOO","2","500","LV","US","Notify Customer 1","Split"
"2","ClickShipCollect2","DOO","2","500","N","US","Notify Customer 1","Split"
"2","ClickShipCollect2","DOO","2","500","NL","NL","Melden aan klant 1","Split"
"2","ClickShipCollect2","DOO","2","500","PL","US","Notify Customer 1","Split"
"2","ClickShipCollect2","DOO","2","500","PT","US","Notify Customer 1","Split"
"2","ClickShipCollect2","DOO","2","500","PTB","US","Notify Customer 1","Split"
"2","ClickShipCollect2","DOO","2","500","RO","US","Notify Customer 1","Split"
"2","ClickShipCollect2","DOO","2","500","RU","US","Notify Customer 1","Split"
"2","ClickShipCollect2","DOO","2","500","S","US","Notify Customer 1","Split"
"2","ClickShipCollect2","DOO","2","500","SF","US","Notify Customer 1","Split"
"2","ClickShipCollect2","DOO","2","500","SK","US","Notify Customer 1","Split"
"2","ClickShipCollect2","DOO","2","500","SL","US","Notify Customer 1","Split"
"2","ClickShipCollect2","DOO","2","500","TH","US","Notify Customer 1","Split"
"2","ClickShipCollect2","DOO","2","500","TR","US","Notify Customer 1","Split"
"2","ClickShipCollect2","DOO","2","500","UK","US","Notify Customer 1","Split"
"2","ClickShipCollect2","DOO","2","500","US","US","Notify Customer 1","Split"
"2","ClickShipCollect2","DOO","2","500","VN","US","Notify Customer 1","Split"
"2","ClickShipCollect2","DOO","2","500","ZHS","ZHS","通知客户1","拆分"
"2","ClickShipCollect2","DOO","2","500","ZHT","ZHT","通知客戶1","拆分"
"2","ClickShipCollect2","DOO","2","1000","AR","US","Notify Store to Pick SKU","Split"
"2","ClickShipCollect2","DOO","2","1000","CS","US","Notify Store to Pick SKU","Split"
"2","ClickShipCollect2","DOO","2","1000","D","D","Benachrichtige Laden SKU abzuholen","Aufteilen"
"2","ClickShipCollect2","DOO","2","1000","DK","US","Notify Store to Pick SKU","Split"
"2","ClickShipCollect2","DOO","2","1000","E","E","Notificar a almacen acopio de SKU","Fraccionar"
"2","ClickShipCollect2","DOO","2","1000","EL","US","Notify Store to Pick SKU","Split"
"2","ClickShipCollect2","DOO","2","1000","ESA","US","Notify Store to Pick SKU","Split"
"2","ClickShipCollect2","DOO","2","1000","ET","US","Notify Store to Pick SKU","Split"
"2","ClickShipCollect2","DOO","2","1000","F","F","Notifier le magasin de prélèver le SKU","Fractionner"
"2","ClickShipCollect2","DOO","2","1000","FRC","FRC","Notifier le magasin de prélèver le SKU","Fractionner"
"2","ClickShipCollect2","DOO","2","1000","HR","US","Notify Store to Pick SKU","Split"
"2","ClickShipCollect2","DOO","2","1000","HU","US","Notify Store to Pick SKU","Split"
"2","ClickShipCollect2","DOO","2","1000","I","I","Notifica magazzino per il ritiro SKU","Dividere"
"2","ClickShipCollect2","DOO","2","1000","IS","US","Notify Store to Pick SKU","Split"
"2","ClickShipCollect2","DOO","2","1000","IW","US","Notify Store to Pick SKU","Split"
"2","ClickShipCollect2","DOO","2","1000","JA","JA","SKUピックを店舗に通知","分割"
"2","ClickShipCollect2","DOO","2","1000","KO","KO","SKU(재고관리코드)을 매장에 통지","분열"
"2","ClickShipCollect2","DOO","2","1000","LT","US","Notify Store to Pick SKU","Split"
"2","ClickShipCollect2","DOO","2","1000","LV","US","Notify Store to Pick SKU","Split"
"2","ClickShipCollect2","DOO","2","1000","N","US","Notify Store to Pick SKU","Split"
"2","ClickShipCollect2","DOO","2","1000","NL","NL","Melding winkel Pick SKU","Split"
"2","ClickShipCollect2","DOO","2","1000","PL","US","Notify Store to Pick SKU","Split"
"2","ClickShipCollect2","DOO","2","1000","PT","US","Notify Store to Pick SKU","Split"
"2","ClickShipCollect2","DOO","2","1000","PTB","US","Notify Store to Pick SKU","Split"
"2","ClickShipCollect2","DOO","2","1000","RO","US","Notify Store to Pick SKU","Split"
"2","ClickShipCollect2","DOO","2","1000","RU","US","Notify Store to Pick SKU","Split"
"2","ClickShipCollect2","DOO","2","1000","S","US","Notify Store to Pick SKU","Split"
"2","ClickShipCollect2","DOO","2","1000","SF","US","Notify Store to Pick SKU","Split"
"2","ClickShipCollect2","DOO","2","1000","SK","US","Notify Store to Pick SKU","Split"
"2","ClickShipCollect2","DOO","2","1000","SL","US","Notify Store to Pick SKU","Split"
"2","ClickShipCollect2","DOO","2","1000","TH","US","Notify Store to Pick SKU","Split"
"2","ClickShipCollect2","DOO","2","1000","TR","US","Notify Store to Pick SKU","Split"
"2","ClickShipCollect2","DOO","2","1000","UK","US","Notify Store to Pick SKU","Split"
"2","ClickShipCollect2","DOO","2","1000","US","US","Notify Store to Pick SKU","Split"
"2","ClickShipCollect2","DOO","2","1000","VN","US","Notify Store to Pick SKU","Split"
"2","ClickShipCollect2","DOO","2","1000","ZHS","ZHS","通知仓库做SKU挑库","拆分"
"2","ClickShipCollect2","DOO","2","1000","ZHT","ZHT","通知倉庫做SKU挑庫","拆分"
"2","ClickShipCollect2","DOO","2","1100","AR","US","Wait for SKU Pick","Split"
"2","ClickShipCollect2","DOO","2","1100","CS","US","Wait for SKU Pick","Split"
"2","ClickShipCollect2","DOO","2","1100","D","D","Warten auf SKU Wahl","Aufteilen"
"2","ClickShipCollect2","DOO","2","1100","DK","US","Wait for SKU Pick","Split"
"2","ClickShipCollect2","DOO","2","1100","E","E","Esperar acopio de SKU","Fraccionar"
"2","ClickShipCollect2","DOO","2","1100","EL","US","Wait for SKU Pick","Split"
"2","ClickShipCollect2","DOO","2","1100","ESA","US","Wait for SKU Pick","Split"
"2","ClickShipCollect2","DOO","2","1100","ET","US","Wait for SKU Pick","Split"
"2","ClickShipCollect2","DOO","2","1100","F","F","Attendre le Prélèvement du SKU","Fractionner"
"2","ClickShipCollect2","DOO","2","1100","FRC","FRC","Attendre le Prélèvement du SKU","Fractionner"
"2","ClickShipCollect2","DOO","2","1100","HR","US","Wait for SKU Pick","Split"
"2","ClickShipCollect2","DOO","2","1100","HU","US","Wait for SKU Pick","Split"
"2","ClickShipCollect2","DOO","2","1100","I","I","In attesa di ritiro SKU ","Dividere"
"2","ClickShipCollect2","DOO","2","1100","IS","US","Wait for SKU Pick","Split"
"2","ClickShipCollect2","DOO","2","1100","IW","US","Wait for SKU Pick","Split"
"2","ClickShipCollect2","DOO","2","1100","JA","JA","SKUピック待ち","分割"
"2","ClickShipCollect2","DOO","2","1100","KO","KO","SKU(재고관리코드)선택을 기다림","분열"
"2","ClickShipCollect2","DOO","2","1100","LT","US","Wait for SKU Pick","Split"
"2","ClickShipCollect2","DOO","2","1100","LV","US","Wait for SKU Pick","Split"
"2","ClickShipCollect2","DOO","2","1100","N","US","Wait for SKU Pick","Split"
"2","ClickShipCollect2","DOO","2","1100","NL","NL","Wacht op SKU Pick","Split"
"2","ClickShipCollect2","DOO","2","1100","PL","US","Wait for SKU Pick","Split"
"2","ClickShipCollect2","DOO","2","1100","PT","US","Wait for SKU Pick","Split"
"2","ClickShipCollect2","DOO","2","1100","PTB","US","Wait for SKU Pick","Split"
"2","ClickShipCollect2","DOO","2","1100","RO","US","Wait for SKU Pick","Split"
"2","ClickShipCollect2","DOO","2","1100","RU","US","Wait for SKU Pick","Split"
"2","ClickShipCollect2","DOO","2","1100","S","US","Wait for SKU Pick","Split"
"2","ClickShipCollect2","DOO","2","1100","SF","US","Wait for SKU Pick","Split"
"2","ClickShipCollect2","DOO","2","1100","SK","US","Wait for SKU Pick","Split"
"2","ClickShipCollect2","DOO","2","1100","SL","US","Wait for SKU Pick","Split"
"2","ClickShipCollect2","DOO","2","1100","TH","US","Wait for SKU Pick","Split"
"2","ClickShipCollect2","DOO","2","1100","TR","US","Wait for SKU Pick","Split"
"2","ClickShipCollect2","DOO","2","1100","UK","US","Wait for SKU Pick","Split"
"2","ClickShipCollect2","DOO","2","1100","US","US","Wait for SKU Pick","Split"
"2","ClickShipCollect2","DOO","2","1100","VN","US","Wait for SKU Pick","Split"
"2","ClickShipCollect2","DOO","2","1100","ZHS","ZHS","等待SKU挑库","拆分"
"2","ClickShipCollect2","DOO","2","1100","ZHT","ZHT","等待SKU挑庫","拆分"
"2","ClickShipCollect2","DOO","2","1700","AR","US","Wait for Settlement","Split"
"2","ClickShipCollect2","DOO","2","1700","CS","US","Wait for Settlement","Split"
"2","ClickShipCollect2","DOO","2","1700","D","D","Warten auf Abwicklung","Aufteilen"
"2","ClickShipCollect2","DOO","2","1700","DK","US","Wait for Settlement","Split"
"2","ClickShipCollect2","DOO","2","1700","E","E","Esperar liquidación","Fraccionar"
"2","ClickShipCollect2","DOO","2","1700","EL","US","Wait for Settlement","Split"
"2","ClickShipCollect2","DOO","2","1700","ESA","US","Wait for Settlement","Split"
"2","ClickShipCollect2","DOO","2","1700","ET","US","Wait for Settlement","Split"
"2","ClickShipCollect2","DOO","2","1700","F","F","Attendre le règlement ","Fractionner"
"2","ClickShipCollect2","DOO","2","1700","FRC","FRC","Attendre le règlement ","Fractionner"
"2","ClickShipCollect2","DOO","2","1700","HR","US","Wait for Settlement","Split"
"2","ClickShipCollect2","DOO","2","1700","HU","US","Wait for Settlement","Split"
"2","ClickShipCollect2","DOO","2","1700","I","I","In attesa dell'accordo","Dividere"
"2","ClickShipCollect2","DOO","2","1700","IS","US","Wait for Settlement","Split"
"2","ClickShipCollect2","DOO","2","1700","IW","US","Wait for Settlement","Split"
"2","ClickShipCollect2","DOO","2","1700","JA","JA","受領待ち","分割"
"2","ClickShipCollect2","DOO","2","1700","KO","KO","정착대기","분열"
"2","ClickShipCollect2","DOO","2","1700","LT","US","Wait for Settlement","Split"
"2","ClickShipCollect2","DOO","2","1700","LV","US","Wait for Settlement","Split"
"2","ClickShipCollect2","DOO","2","1700","N","US","Wait for Settlement","Split"
"2","ClickShipCollect2","DOO","2","1700","NL","NL","Wacht op vereffening","Split"
"2","ClickShipCollect2","DOO","2","1700","PL","US","Wait for Settlement","Split"
"2","ClickShipCollect2","DOO","2","1700","PT","US","Wait for Settlement","Split"
"2","ClickShipCollect2","DOO","2","1700","PTB","US","Wait for Settlement","Split"
"2","ClickShipCollect2","DOO","2","1700","RO","US","Wait for Settlement","Split"
"2","ClickShipCollect2","DOO","2","1700","RU","US","Wait for Settlement","Split"
"2","ClickShipCollect2","DOO","2","1700","S","US","Wait for Settlement","Split"
"2","ClickShipCollect2","DOO","2","1700","SF","US","Wait for Settlement","Split"
"2","ClickShipCollect2","DOO","2","1700","SK","US","Wait for Settlement","Split"
"2","ClickShipCollect2","DOO","2","1700","SL","US","Wait for Settlement","Split"
"2","ClickShipCollect2","DOO","2","1700","TH","US","Wait for Settlement","Split"
"2","ClickShipCollect2","DOO","2","1700","TR","US","Wait for Settlement","Split"
"2","ClickShipCollect2","DOO","2","1700","UK","US","Wait for Settlement","Split"
"2","ClickShipCollect2","DOO","2","1700","US","US","Wait for Settlement","Split"
"2","ClickShipCollect2","DOO","2","1700","VN","US","Wait for Settlement","Split"
"2","ClickShipCollect2","DOO","2","1700","ZHS","ZHS","等待结算","拆分"
"2","ClickShipCollect2","DOO","2","1700","ZHT","ZHT","等待結算","拆分"
"2","ClickShipCollect2","DOO","2","1600","AR","US","Settlement","Split"
"2","ClickShipCollect2","DOO","2","1600","CS","US","Settlement","Split"
"2","ClickShipCollect2","DOO","2","1600","D","D","Abrechnung","Aufteilen"
"2","ClickShipCollect2","DOO","2","1600","DK","US","Settlement","Split"
"2","ClickShipCollect2","DOO","2","1600","E","E","Liquidación","Fraccionar"
"2","ClickShipCollect2","DOO","2","1600","EL","US","Settlement","Split"
"2","ClickShipCollect2","DOO","2","1600","ESA","US","Settlement","Split"
"2","ClickShipCollect2","DOO","2","1600","ET","US","Settlement","Split"
"2","ClickShipCollect2","DOO","2","1600","F","F","Règlement","Fractionner"
"2","ClickShipCollect2","DOO","2","1600","FRC","FRC","Règlement","Fractionner"
"2","ClickShipCollect2","DOO","2","1600","HR","US","Settlement","Split"
"2","ClickShipCollect2","DOO","2","1600","HU","US","Settlement","Split"
"2","ClickShipCollect2","DOO","2","1600","I","I","Accordo","Dividere"
"2","ClickShipCollect2","DOO","2","1600","IS","US","Settlement","Split"
"2","ClickShipCollect2","DOO","2","1600","IW","US","Settlement","Split"
"2","ClickShipCollect2","DOO","2","1600","JA","JA","受領","分割"
"2","ClickShipCollect2","DOO","2","1600","KO","KO","정착지","분열"
"2","ClickShipCollect2","DOO","2","1600","LT","US","Settlement","Split"
"2","ClickShipCollect2","DOO","2","1600","LV","US","Settlement","Split"
"2","ClickShipCollect2","DOO","2","1600","N","US","Settlement","Split"
"2","ClickShipCollect2","DOO","2","1600","NL","NL","Vereffening","Split"
"2","ClickShipCollect2","DOO","2","1600","PL","US","Settlement","Split"
"2","ClickShipCollect2","DOO","2","1600","PT","US","Settlement","Split"
"2","ClickShipCollect2","DOO","2","1600","PTB","US","Settlement","Split"
"2","ClickShipCollect2","DOO","2","1600","RO","US","Settlement","Split"
"2","ClickShipCollect2","DOO","2","1600","RU","US","Settlement","Split"
"2","ClickShipCollect2","DOO","2","1600","S","US","Settlement","Split"
"2","ClickShipCollect2","DOO","2","1600","SF","US","Settlement","Split"
"2","ClickShipCollect2","DOO","2","1600","SK","US","Settlement","Split"
"2","ClickShipCollect2","DOO","2","1600","SL","US","Settlement","Split"
"2","ClickShipCollect2","DOO","2","1600","TH","US","Settlement","Split"
"2","ClickShipCollect2","DOO","2","1600","TR","US","Settlement","Split"
"2","ClickShipCollect2","DOO","2","1600","UK","US","Settlement","Split"
"2","ClickShipCollect2","DOO","2","1600","US","US","Settlement","Split"
"2","ClickShipCollect2","DOO","2","1600","VN","US","Settlement","Split"
"2","ClickShipCollect2","DOO","2","1600","ZHS","ZHS","结算","拆分"
"2","ClickShipCollect2","DOO","2","1600","ZHT","ZHT","結算","拆分"
"2","ClickShipCollect2","DOO","2","1500","AR","US","Merge","Split"
"2","ClickShipCollect2","DOO","2","1500","CS","US","Merge","Split"
"2","ClickShipCollect2","DOO","2","1500","D","D","Merge","Aufteilen"
"2","ClickShipCollect2","DOO","2","1500","DK","US","Merge","Split"
"2","ClickShipCollect2","DOO","2","1500","E","E","Merge","Fraccionar"
"2","ClickShipCollect2","DOO","2","1500","EL","US","Merge","Split"
"2","ClickShipCollect2","DOO","2","1500","ESA","US","Merge","Split"
"2","ClickShipCollect2","DOO","2","1500","ET","US","Merge","Split"
"2","ClickShipCollect2","DOO","2","1500","F","F","Merge","Fractionner"
"2","ClickShipCollect2","DOO","2","1500","FRC","FRC","Merge","Fractionner"
"2","ClickShipCollect2","DOO","2","1500","HR","US","Merge","Split"
"2","ClickShipCollect2","DOO","2","1500","HU","US","Merge","Split"
"2","ClickShipCollect2","DOO","2","1500","I","I","Merge","Dividere"
"2","ClickShipCollect2","DOO","2","1500","IS","US","Merge","Split"
"2","ClickShipCollect2","DOO","2","1500","IW","US","Merge","Split"
"2","ClickShipCollect2","DOO","2","1500","JA","JA","マージ","分割"
"2","ClickShipCollect2","DOO","2","1500","KO","KO","Merge","분열"
"2","ClickShipCollect2","DOO","2","1500","LT","US","Merge","Split"
"2","ClickShipCollect2","DOO","2","1500","LV","US","Merge","Split"
"2","ClickShipCollect2","DOO","2","1500","N","US","Merge","Split"
"2","ClickShipCollect2","DOO","2","1500","NL","US","Merge","Split"
"2","ClickShipCollect2","DOO","2","1500","PL","US","Merge","Split"
"2","ClickShipCollect2","DOO","2","1500","PT","US","Merge","Split"
"2","ClickShipCollect2","DOO","2","1500","PTB","US","Merge","Split"
"2","ClickShipCollect2","DOO","2","1500","RO","US","Merge","Split"
"2","ClickShipCollect2","DOO","2","1500","RU","US","Merge","Split"
"2","ClickShipCollect2","DOO","2","1500","S","US","Merge","Split"
"2","ClickShipCollect2","DOO","2","1500","SF","US","Merge","Split"
"2","ClickShipCollect2","DOO","2","1500","SK","US","Merge","Split"
"2","ClickShipCollect2","DOO","2","1500","SL","US","Merge","Split"
"2","ClickShipCollect2","DOO","2","1500","TH","US","Merge","Split"
"2","ClickShipCollect2","DOO","2","1500","TR","US","Merge","Split"
"2","ClickShipCollect2","DOO","2","1500","UK","US","Merge","Split"
"2","ClickShipCollect2","DOO","2","1500","US","US","Merge","Split"
"2","ClickShipCollect2","DOO","2","1500","VN","US","Merge","Split"
"2","ClickShipCollect2","DOO","2","1500","ZHS","ZHS","Merge","拆分"
"2","ClickShipCollect2","DOO","2","1500","ZHT","ZHT","Merge","拆分"
"2","ClickShipCollect2","DOO","2","300","AR","US","Customer Pickup or Ship","Split"
"2","ClickShipCollect2","DOO","2","300","CS","US","Customer Pickup or Ship","Split"
"2","ClickShipCollect2","DOO","2","300","D","D","Selbstabholung oder Versand","Aufteilen"
"2","ClickShipCollect2","DOO","2","300","DK","US","Customer Pickup or Ship","Split"
"2","ClickShipCollect2","DOO","2","300","E","E","Recogida o envío por cliente","Fraccionar"
"2","ClickShipCollect2","DOO","2","300","EL","US","Customer Pickup or Ship","Split"
"2","ClickShipCollect2","DOO","2","300","ESA","US","Customer Pickup or Ship","Split"
"2","ClickShipCollect2","DOO","2","300","ET","US","Customer Pickup or Ship","Split"
"2","ClickShipCollect2","DOO","2","300","F","F","Enlèvement Client ou Expédition","Fractionner"
"2","ClickShipCollect2","DOO","2","300","FRC","FRC","Enlèvement Client ou Expédition","Fractionner"
"2","ClickShipCollect2","DOO","2","300","HR","US","Customer Pickup or Ship","Split"
"2","ClickShipCollect2","DOO","2","300","HU","US","Customer Pickup or Ship","Split"
"2","ClickShipCollect2","DOO","2","300","I","I","Ritiro cliente o spedizione","Dividere"
"2","ClickShipCollect2","DOO","2","300","IS","US","Customer Pickup or Ship","Split"
"2","ClickShipCollect2","DOO","2","300","IW","US","Customer Pickup or Ship","Split"
"2","ClickShipCollect2","DOO","2","300","JA","JA","顧客ピックアップまたは出荷","分割"
"2","ClickShipCollect2","DOO","2","300","KO","KO","고객 Pickup 또는 배송","분열"
"2","ClickShipCollect2","DOO","2","300","LT","US","Customer Pickup or Ship","Split"
"2","ClickShipCollect2","DOO","2","300","LV","US","Customer Pickup or Ship","Split"
"2","ClickShipCollect2","DOO","2","300","N","US","Customer Pickup or Ship","Split"
"2","ClickShipCollect2","DOO","2","300","NL","NL","Ophalen door klant of verzending","Split"
"2","ClickShipCollect2","DOO","2","300","PL","US","Customer Pickup or Ship","Split"
"2","ClickShipCollect2","DOO","2","300","PT","US","Customer Pickup or Ship","Split"
"2","ClickShipCollect2","DOO","2","300","PTB","US","Customer Pickup or Ship","Split"
"2","ClickShipCollect2","DOO","2","300","RO","US","Customer Pickup or Ship","Split"
"2","ClickShipCollect2","DOO","2","300","RU","US","Customer Pickup or Ship","Split"
"2","ClickShipCollect2","DOO","2","300","S","US","Customer Pickup or Ship","Split"
"2","ClickShipCollect2","DOO","2","300","SF","US","Customer Pickup or Ship","Split"
"2","ClickShipCollect2","DOO","2","300","SK","US","Customer Pickup or Ship","Split"
"2","ClickShipCollect2","DOO","2","300","SL","US","Customer Pickup or Ship","Split"
"2","ClickShipCollect2","DOO","2","300","TH","US","Customer Pickup or Ship","Split"
"2","ClickShipCollect2","DOO","2","300","TR","US","Customer Pickup or Ship","Split"
"2","ClickShipCollect2","DOO","2","300","UK","US","Customer Pickup or Ship","Split"
"2","ClickShipCollect2","DOO","2","300","US","US","Customer Pickup or Ship","Split"
"2","ClickShipCollect2","DOO","2","300","VN","US","Customer Pickup or Ship","Split"
"2","ClickShipCollect2","DOO","2","300","ZHS","ZHS","客户起运或者发运","拆分"
"2","ClickShipCollect2","DOO","2","300","ZHT","ZHT","客戶起隕或者發隕","拆分"
"2","ClickShipCollect1","DOO","2","800","AR","US","Carrier Pickup","Split"
"2","ClickShipCollect1","DOO","2","800","CS","US","Carrier Pickup","Split"
"2","ClickShipCollect1","DOO","2","800","D","D","Fördermaschineaufnahme","Aufteilen"
"2","ClickShipCollect1","DOO","2","800","DK","US","Carrier Pickup","Split"
"2","ClickShipCollect1","DOO","2","800","E","E","Recofida por transportista","Fraccionar"
"2","ClickShipCollect1","DOO","2","800","EL","US","Carrier Pickup","Split"
"2","ClickShipCollect1","DOO","2","800","ESA","US","Carrier Pickup","Split"
"2","ClickShipCollect1","DOO","2","800","ET","US","Carrier Pickup","Split"
"2","ClickShipCollect1","DOO","2","800","F","F","Prélèvement transporteur","Fractionner"
"2","ClickShipCollect1","DOO","2","800","FRC","FRC","Prélèvement transporteur","Fractionner"
"2","ClickShipCollect1","DOO","2","800","HR","US","Carrier Pickup","Split"
"2","ClickShipCollect1","DOO","2","800","HU","US","Carrier Pickup","Split"
"2","ClickShipCollect1","DOO","2","800","I","I","Ritiro corriere","Dividere"
"2","ClickShipCollect1","DOO","2","800","IS","US","Carrier Pickup","Split"
"2","ClickShipCollect1","DOO","2","800","IW","US","Carrier Pickup","Split"
"2","ClickShipCollect1","DOO","2","800","JA","JA","キャリア・ピックアップ","分割"
"2","ClickShipCollect1","DOO","2","800","KO","KO","수송사 Pickup","분열"
"2","ClickShipCollect1","DOO","2","800","LT","US","Carrier Pickup","Split"
"2","ClickShipCollect1","DOO","2","800","LV","US","Carrier Pickup","Split"
"2","ClickShipCollect1","DOO","2","800","N","US","Carrier Pickup","Split"
"2","ClickShipCollect1","DOO","2","800","NL","NL","Ophalen door transporteur","Split"
"2","ClickShipCollect1","DOO","2","800","PL","US","Carrier Pickup","Split"
"2","ClickShipCollect1","DOO","2","800","PT","US","Carrier Pickup","Split"
"2","ClickShipCollect1","DOO","2","800","PTB","US","Carrier Pickup","Split"
"2","ClickShipCollect1","DOO","2","800","RO","US","Carrier Pickup","Split"
"2","ClickShipCollect1","DOO","2","800","RU","US","Carrier Pickup","Split"
"2","ClickShipCollect1","DOO","2","800","S","US","Carrier Pickup","Split"
"2","ClickShipCollect1","DOO","2","800","SF","US","Carrier Pickup","Split"
"2","ClickShipCollect1","DOO","2","800","SK","US","Carrier Pickup","Split"
"2","ClickShipCollect1","DOO","2","800","SL","US","Carrier Pickup","Split"
"2","ClickShipCollect1","DOO","2","800","TH","US","Carrier Pickup","Split"
"2","ClickShipCollect1","DOO","2","800","TR","US","Carrier Pickup","Split"
"2","ClickShipCollect1","DOO","2","800","UK","US","Carrier Pickup","Split"
"2","ClickShipCollect1","DOO","2","800","US","US","Carrier Pickup","Split"
"2","ClickShipCollect1","DOO","2","800","VN","US","Carrier Pickup","Split"
"2","ClickShipCollect1","DOO","2","800","ZHS","ZHS","承运人起运","拆分"
"2","ClickShipCollect1","DOO","2","800","ZHT","ZHT","承隕人起隕","拆分"
"2","ClickShipCollect1","DOO","2","100","AR","US","Credit Card Payment","Split"
"2","ClickShipCollect1","DOO","2","100","CS","US","Credit Card Payment","Split"
"2","ClickShipCollect1","DOO","2","100","D","D","Kreditkartenzahlung","Aufteilen"
"2","ClickShipCollect1","DOO","2","100","DK","US","Credit Card Payment","Split"
"2","ClickShipCollect1","DOO","2","100","E","E","Pago con tarjeta de crédito","Fraccionar"
"2","ClickShipCollect1","DOO","2","100","EL","US","Credit Card Payment","Split"
"2","ClickShipCollect1","DOO","2","100","ESA","US","Credit Card Payment","Split"
"2","ClickShipCollect1","DOO","2","100","ET","US","Credit Card Payment","Split"
"2","ClickShipCollect1","DOO","2","100","F","F","Paiement par carte de crédit","Fractionner"
"2","ClickShipCollect1","DOO","2","100","FRC","FRC","Paiement par carte de crédit","Fractionner"
"2","ClickShipCollect1","DOO","2","100","HR","US","Credit Card Payment","Split"
"2","ClickShipCollect1","DOO","2","100","HU","US","Credit Card Payment","Split"
"2","ClickShipCollect1","DOO","2","100","I","I","Pagamento carta di credito","Dividere"
"2","ClickShipCollect1","DOO","2","100","IS","US","Credit Card Payment","Split"
"2","ClickShipCollect1","DOO","2","100","IW","US","Credit Card Payment","Split"
"2","ClickShipCollect1","DOO","2","100","JA","JA","クレジット支払い","分割"
"2","ClickShipCollect1","DOO","2","100","KO","KO","신용카드지불","분열"
"2","ClickShipCollect1","DOO","2","100","LT","US","Credit Card Payment","Split"
"2","ClickShipCollect1","DOO","2","100","LV","US","Credit Card Payment","Split"
"2","ClickShipCollect1","DOO","2","100","N","US","Credit Card Payment","Split"
"2","ClickShipCollect1","DOO","2","100","NL","NL","Creditcardbetaling","Split"
"2","ClickShipCollect1","DOO","2","100","PL","US","Credit Card Payment","Split"
"2","ClickShipCollect1","DOO","2","100","PT","US","Credit Card Payment","Split"
"2","ClickShipCollect1","DOO","2","100","PTB","US","Credit Card Payment","Split"
"2","ClickShipCollect1","DOO","2","100","RO","US","Credit Card Payment","Split"
"2","ClickShipCollect1","DOO","2","100","RU","US","Credit Card Payment","Split"
"2","ClickShipCollect1","DOO","2","100","S","US","Credit Card Payment","Split"
"2","ClickShipCollect1","DOO","2","100","SF","US","Credit Card Payment","Split"
"2","ClickShipCollect1","DOO","2","100","SK","US","Credit Card Payment","Split"
"2","ClickShipCollect1","DOO","2","100","SL","US","Credit Card Payment","Split"
"2","ClickShipCollect1","DOO","2","100","TH","US","Credit Card Payment","Split"
"2","ClickShipCollect1","DOO","2","100","TR","US","Credit Card Payment","Split"
"2","ClickShipCollect1","DOO","2","100","UK","US","Credit Card Payment","Split"
"2","ClickShipCollect1","DOO","2","100","US","US","Credit Card Payment","Split"
"2","ClickShipCollect1","DOO","2","100","VN","US","Credit Card Payment","Split"
"2","ClickShipCollect1","DOO","2","100","ZHS","ZHS","信用卡付款","拆分"
"2","ClickShipCollect1","DOO","2","100","ZHT","ZHT","信用卡付款","拆分"
"2","ClickShipCollect1","DOO","2","1200","AR","US","Awaiting Customer Pickup","Split"
"2","ClickShipCollect1","DOO","2","1200","CS","US","Awaiting Customer Pickup","Split"
"2","ClickShipCollect1","DOO","2","1200","D","D","Warten auf Selbstabholung","Aufteilen"
"2","ClickShipCollect1","DOO","2","1200","DK","US","Awaiting Customer Pickup","Split"
"2","ClickShipCollect1","DOO","2","1200","E","E","En espera de recogida por cliente","Fraccionar"
"2","ClickShipCollect1","DOO","2","1200","EL","US","Awaiting Customer Pickup","Split"
"2","ClickShipCollect1","DOO","2","1200","ESA","US","Awaiting Customer Pickup","Split"
"2","ClickShipCollect1","DOO","2","1200","ET","US","Awaiting Customer Pickup","Split"
"2","ClickShipCollect1","DOO","2","1200","F","F","En attente de l'enlèvement client","Fractionner"
"2","ClickShipCollect1","DOO","2","1200","FRC","FRC","En attente de l'enlèvement client","Fractionner"
"2","ClickShipCollect1","DOO","2","1200","HR","US","Awaiting Customer Pickup","Split"
"2","ClickShipCollect1","DOO","2","1200","HU","US","Awaiting Customer Pickup","Split"
"2","ClickShipCollect1","DOO","2","1200","I","I","In attesa di ritiro cliente","Dividere"
"2","ClickShipCollect1","DOO","2","1200","IS","US","Awaiting Customer Pickup","Split"
"2","ClickShipCollect1","DOO","2","1200","IW","US","Awaiting Customer Pickup","Split"
"2","ClickShipCollect1","DOO","2","1200","JA","JA","顧客ピックアップ待ち","分割"
"2","ClickShipCollect1","DOO","2","1200","KO","KO","고객Pickup 대기","분열"
"2","ClickShipCollect1","DOO","2","1200","LT","US","Awaiting Customer Pickup","Split"
"2","ClickShipCollect1","DOO","2","1200","LV","US","Awaiting Customer Pickup","Split"
"2","ClickShipCollect1","DOO","2","1200","N","US","Awaiting Customer Pickup","Split"
"2","ClickShipCollect1","DOO","2","1200","NL","NL","Wacht op ophalen door klant","Split"
"2","ClickShipCollect1","DOO","2","1200","PL","US","Awaiting Customer Pickup","Split"
"2","ClickShipCollect1","DOO","2","1200","PT","US","Awaiting Customer Pickup","Split"
"2","ClickShipCollect1","DOO","2","1200","PTB","US","Awaiting Customer Pickup","Split"
"2","ClickShipCollect1","DOO","2","1200","RO","US","Awaiting Customer Pickup","Split"
"2","ClickShipCollect1","DOO","2","1200","RU","US","Awaiting Customer Pickup","Split"
"2","ClickShipCollect1","DOO","2","1200","S","US","Awaiting Customer Pickup","Split"
"2","ClickShipCollect1","DOO","2","1200","SF","US","Awaiting Customer Pickup","Split"
"2","ClickShipCollect1","DOO","2","1200","SK","US","Awaiting Customer Pickup","Split"
"2","ClickShipCollect1","DOO","2","1200","SL","US","Awaiting Customer Pickup","Split"
"2","ClickShipCollect1","DOO","2","1200","TH","US","Awaiting Customer Pickup","Split"
"2","ClickShipCollect1","DOO","2","1200","TR","US","Awaiting Customer Pickup","Split"
"2","ClickShipCollect1","DOO","2","1200","UK","US","Awaiting Customer Pickup","Split"
"2","ClickShipCollect1","DOO","2","1200","US","US","Awaiting Customer Pickup","Split"
"2","ClickShipCollect1","DOO","2","1200","VN","US","Awaiting Customer Pickup","Split"
"2","ClickShipCollect1","DOO","2","1200","ZHS","ZHS","等待客户起运","拆分"
"2","ClickShipCollect1","DOO","2","1200","ZHT","ZHT","等待客戶起隕","拆分"
"2","ClickShipCollect1","DOO","2","1300","AR","US","Wait for Customer Pickup","Split"
"2","ClickShipCollect1","DOO","2","1300","CS","US","Wait for Customer Pickup","Split"
"2","ClickShipCollect1","DOO","2","1300","D","D","Warten auf Selbstabholung","Aufteilen"
"2","ClickShipCollect1","DOO","2","1300","DK","US","Wait for Customer Pickup","Split"
"2","ClickShipCollect1","DOO","2","1300","E","E","Esperar recogida por cliente","Fraccionar"
"2","ClickShipCollect1","DOO","2","1300","EL","US","Wait for Customer Pickup","Split"
"2","ClickShipCollect1","DOO","2","1300","ESA","US","Wait for Customer Pickup","Split"
"2","ClickShipCollect1","DOO","2","1300","ET","US","Wait for Customer Pickup","Split"
"2","ClickShipCollect1","DOO","2","1300","F","F","Attendre l'enlèvement client","Fractionner"
"2","ClickShipCollect1","DOO","2","1300","FRC","FRC","Attendre l'enlèvement client","Fractionner"
"2","ClickShipCollect1","DOO","2","1300","HR","US","Wait for Customer Pickup","Split"
"2","ClickShipCollect1","DOO","2","1300","HU","US","Wait for Customer Pickup","Split"
"2","ClickShipCollect1","DOO","2","1300","I","I","In attesa di ritiro cliente","Dividere"
"2","ClickShipCollect1","DOO","2","1300","IS","US","Wait for Customer Pickup","Split"
"2","ClickShipCollect1","DOO","2","1300","IW","US","Wait for Customer Pickup","Split"
"2","ClickShipCollect1","DOO","2","1300","JA","JA","顧客ピックアップ待ち","分割"
"2","ClickShipCollect1","DOO","2","1300","KO","KO","고객Pickup 대기","분열"
"2","ClickShipCollect1","DOO","2","1300","LT","US","Wait for Customer Pickup","Split"
"2","ClickShipCollect1","DOO","2","1300","LV","US","Wait for Customer Pickup","Split"
"2","ClickShipCollect1","DOO","2","1300","N","US","Wait for Customer Pickup","Split"
"2","ClickShipCollect1","DOO","2","1300","NL","NL","Wacht op ophalen door klant","Split"
"2","ClickShipCollect1","DOO","2","1300","PL","US","Wait for Customer Pickup","Split"
"2","ClickShipCollect1","DOO","2","1300","PT","US","Wait for Customer Pickup","Split"
"2","ClickShipCollect1","DOO","2","1300","PTB","US","Wait for Customer Pickup","Split"
"2","ClickShipCollect1","DOO","2","1300","RO","US","Wait for Customer Pickup","Split"
"2","ClickShipCollect1","DOO","2","1300","RU","US","Wait for Customer Pickup","Split"
"2","ClickShipCollect1","DOO","2","1300","S","US","Wait for Customer Pickup","Split"
"2","ClickShipCollect1","DOO","2","1300","SF","US","Wait for Customer Pickup","Split"
"2","ClickShipCollect1","DOO","2","1300","SK","US","Wait for Customer Pickup","Split"
"2","ClickShipCollect1","DOO","2","1300","SL","US","Wait for Customer Pickup","Split"
"2","ClickShipCollect1","DOO","2","1300","TH","US","Wait for Customer Pickup","Split"
"2","ClickShipCollect1","DOO","2","1300","TR","US","Wait for Customer Pickup","Split"
"2","ClickShipCollect1","DOO","2","1300","UK","US","Wait for Customer Pickup","Split"
"2","ClickShipCollect1","DOO","2","1300","US","US","Wait for Customer Pickup","Split"
"2","ClickShipCollect1","DOO","2","1300","VN","US","Wait for Customer Pickup","Split"
"2","ClickShipCollect1","DOO","2","1300","ZHS","ZHS","等待客户起运","拆分"
"2","ClickShipCollect1","DOO","2","1300","ZHT","ZHT","等待客戶起隕","拆分"
"2","ClickShipCollect1","DOO","2","400","AR","US","Create Reservation","Split"
"2","ClickShipCollect1","DOO","2","400","CS","US","Create Reservation","Split"
"2","ClickShipCollect1","DOO","2","400","D","D","Reservierung erstellen","Aufteilen"
"2","ClickShipCollect1","DOO","2","400","DK","US","Create Reservation","Split"
"2","ClickShipCollect1","DOO","2","400","E","E","Crear reserva","Fraccionar"
"2","ClickShipCollect1","DOO","2","400","EL","US","Create Reservation","Split"
"2","ClickShipCollect1","DOO","2","400","ESA","US","Create Reservation","Split"
"2","ClickShipCollect1","DOO","2","400","ET","US","Create Reservation","Split"
"2","ClickShipCollect1","DOO","2","400","F","F","Créer une réservation","Fractionner"
"2","ClickShipCollect1","DOO","2","400","FRC","FRC","Créer une réservation","Fractionner"
"2","ClickShipCollect1","DOO","2","400","HR","US","Create Reservation","Split"
"2","ClickShipCollect1","DOO","2","400","HU","US","Create Reservation","Split"
"2","ClickShipCollect1","DOO","2","400","I","I","Creazione prenotazione","Dividere"
"2","ClickShipCollect1","DOO","2","400","IS","US","Create Reservation","Split"
"2","ClickShipCollect1","DOO","2","400","IW","US","Create Reservation","Split"
"2","ClickShipCollect1","DOO","2","400","JA","JA","予約作成","分割"
"2","ClickShipCollect1","DOO","2","400","KO","KO","예약생성","분열"
"2","ClickShipCollect1","DOO","2","400","LT","US","Create Reservation","Split"
"2","ClickShipCollect1","DOO","2","400","LV","US","Create Reservation","Split"
"2","ClickShipCollect1","DOO","2","400","N","US","Create Reservation","Split"
"2","ClickShipCollect1","DOO","2","400","NL","NL","Reservering aanmaking","Split"
"2","ClickShipCollect1","DOO","2","400","PL","US","Create Reservation","Split"
"2","ClickShipCollect1","DOO","2","400","PT","US","Create Reservation","Split"
"2","ClickShipCollect1","DOO","2","400","PTB","US","Create Reservation","Split"
"2","ClickShipCollect1","DOO","2","400","RO","US","Create Reservation","Split"
"2","ClickShipCollect1","DOO","2","400","RU","US","Create Reservation","Split"
"2","ClickShipCollect1","DOO","2","400","S","US","Create Reservation","Split"
"2","ClickShipCollect1","DOO","2","400","SF","US","Create Reservation","Split"
"2","ClickShipCollect1","DOO","2","400","SK","US","Create Reservation","Split"
"2","ClickShipCollect1","DOO","2","400","SL","US","Create Reservation","Split"
"2","ClickShipCollect1","DOO","2","400","TH","US","Create Reservation","Split"
"2","ClickShipCollect1","DOO","2","400","TR","US","Create Reservation","Split"
"2","ClickShipCollect1","DOO","2","400","UK","US","Create Reservation","Split"
"2","ClickShipCollect1","DOO","2","400","US","US","Create Reservation","Split"
"2","ClickShipCollect1","DOO","2","400","VN","US","Create Reservation","Split"
"2","ClickShipCollect1","DOO","2","400","ZHS","ZHS","创建保留","拆分"
"2","ClickShipCollect1","DOO","2","400","ZHT","ZHT","創建保留","拆分"
"2","ClickShipCollect1","DOO","2","200","AR","US","Schedule","Split"
"2","ClickShipCollect1","DOO","2","200","CS","US","Schedule","Split"
"2","ClickShipCollect1","DOO","2","200","D","D","Planen","Aufteilen"
"2","ClickShipCollect1","DOO","2","200","DK","US","Schedule","Split"
"2","ClickShipCollect1","DOO","2","200","E","E","Programa","Fraccionar"
"2","ClickShipCollect1","DOO","2","200","EL","US","Schedule","Split"
"2","ClickShipCollect1","DOO","2","200","ESA","US","Schedule","Split"
"2","ClickShipCollect1","DOO","2","200","ET","US","Schedule","Split"
"2","ClickShipCollect1","DOO","2","200","F","F","Programme","Fractionner"
"2","ClickShipCollect1","DOO","2","200","FRC","FRC","Programme","Fractionner"
"2","ClickShipCollect1","DOO","2","200","HR","US","Schedule","Split"
"2","ClickShipCollect1","DOO","2","200","HU","US","Schedule","Split"
"2","ClickShipCollect1","DOO","2","200","I","I","Schedulazione","Dividere"
"2","ClickShipCollect1","DOO","2","200","IS","US","Schedule","Split"
"2","ClickShipCollect1","DOO","2","200","IW","US","Schedule","Split"
"2","ClickShipCollect1","DOO","2","200","JA","JA","スケジュール","分割"
"2","ClickShipCollect1","DOO","2","200","KO","KO","일정","분열"
"2","ClickShipCollect1","DOO","2","200","LT","US","Schedule","Split"
"2","ClickShipCollect1","DOO","2","200","LV","US","Schedule","Split"
"2","ClickShipCollect1","DOO","2","200","N","US","Schedule","Split"
"2","ClickShipCollect1","DOO","2","200","NL","NL","Planning","Split"
"2","ClickShipCollect1","DOO","2","200","PL","US","Schedule","Split"
"2","ClickShipCollect1","DOO","2","200","PT","US","Schedule","Split"
"2","ClickShipCollect1","DOO","2","200","PTB","US","Schedule","Split"
"2","ClickShipCollect1","DOO","2","200","RO","US","Schedule","Split"
"2","ClickShipCollect1","DOO","2","200","RU","US","Schedule","Split"
"2","ClickShipCollect1","DOO","2","200","S","US","Schedule","Split"
"2","ClickShipCollect1","DOO","2","200","SF","US","Schedule","Split"
"2","ClickShipCollect1","DOO","2","200","SK","US","Schedule","Split"
"2","ClickShipCollect1","DOO","2","200","SL","US","Schedule","Split"
"2","ClickShipCollect1","DOO","2","200","TH","US","Schedule","Split"
"2","ClickShipCollect1","DOO","2","200","TR","US","Schedule","Split"
"2","ClickShipCollect1","DOO","2","200","UK","US","Schedule","Split"
"2","ClickShipCollect1","DOO","2","200","US","US","Schedule","Split"
"2","ClickShipCollect1","DOO","2","200","VN","US","Schedule","Split"
"2","ClickShipCollect1","DOO","2","200","ZHS","ZHS","计划","拆分"
"2","ClickShipCollect1","DOO","2","200","ZHT","ZHT","計劃","拆分"
"2","ClickShipCollect1","DOO","2","600","AR","US","Ship to Customer","Split"
"2","ClickShipCollect1","DOO","2","600","CS","US","Ship to Customer","Split"
"2","ClickShipCollect1","DOO","2","600","D","D","Versenden an Kunden","Aufteilen"
"2","ClickShipCollect1","DOO","2","600","DK","US","Ship to Customer","Split"
"2","ClickShipCollect1","DOO","2","600","E","E","Cliente de envío","Fraccionar"
"2","ClickShipCollect1","DOO","2","600","EL","US","Ship to Customer","Split"
"2","ClickShipCollect1","DOO","2","600","ESA","US","Ship to Customer","Split"
"2","ClickShipCollect1","DOO","2","600","ET","US","Ship to Customer","Split"
"2","ClickShipCollect1","DOO","2","600","F","F","Expédier au client","Fractionner"
"2","ClickShipCollect1","DOO","2","600","FRC","FRC","Expédier au client","Fractionner"
"2","ClickShipCollect1","DOO","2","600","HR","US","Ship to Customer","Split"
"2","ClickShipCollect1","DOO","2","600","HU","US","Ship to Customer","Split"
"2","ClickShipCollect1","DOO","2","600","I","I","Spedizione al cliente","Dividere"
"2","ClickShipCollect1","DOO","2","600","IS","US","Ship to Customer","Split"
"2","ClickShipCollect1","DOO","2","600","IW","US","Ship to Customer","Split"
"2","ClickShipCollect1","DOO","2","600","JA","JA","出荷","分割"
"2","ClickShipCollect1","DOO","2","600","KO","KO","고객에게 운송","분열"
"2","ClickShipCollect1","DOO","2","600","LT","US","Ship to Customer","Split"
"2","ClickShipCollect1","DOO","2","600","LV","US","Ship to Customer","Split"
"2","ClickShipCollect1","DOO","2","600","N","US","Ship to Customer","Split"
"2","ClickShipCollect1","DOO","2","600","NL","NL","Verzenden aan klant","Split"
"2","ClickShipCollect1","DOO","2","600","PL","US","Ship to Customer","Split"
"2","ClickShipCollect1","DOO","2","600","PT","US","Ship to Customer","Split"
"2","ClickShipCollect1","DOO","2","600","PTB","US","Ship to Customer","Split"
"2","ClickShipCollect1","DOO","2","600","RO","US","Ship to Customer","Split"
"2","ClickShipCollect1","DOO","2","600","RU","US","Ship to Customer","Split"
"2","ClickShipCollect1","DOO","2","600","S","US","Ship to Customer","Split"
"2","ClickShipCollect1","DOO","2","600","SF","US","Ship to Customer","Split"
"2","ClickShipCollect1","DOO","2","600","SK","US","Ship to Customer","Split"
"2","ClickShipCollect1","DOO","2","600","SL","US","Ship to Customer","Split"
"2","ClickShipCollect1","DOO","2","600","TH","US","Ship to Customer","Split"
"2","ClickShipCollect1","DOO","2","600","TR","US","Ship to Customer","Split"
"2","ClickShipCollect1","DOO","2","600","UK","US","Ship to Customer","Split"
"2","ClickShipCollect1","DOO","2","600","US","US","Ship to Customer","Split"
"2","ClickShipCollect1","DOO","2","600","VN","US","Ship to Customer","Split"
"2","ClickShipCollect1","DOO","2","600","ZHS","ZHS","发运给客户","拆分"
"2","ClickShipCollect1","DOO","2","600","ZHT","ZHT","發隕個客戶","拆分"
"2","ClickShipCollect1","DOO","2","700","AR","US","Wait for Shipment","Split"
"2","ClickShipCollect1","DOO","2","700","CS","US","Wait for Shipment","Split"
"2","ClickShipCollect1","DOO","2","700","D","D","Warten auf Versand","Aufteilen"
"2","ClickShipCollect1","DOO","2","700","DK","US","Wait for Shipment","Split"
"2","ClickShipCollect1","DOO","2","700","E","E","Esperar envío","Fraccionar"
"2","ClickShipCollect1","DOO","2","700","EL","US","Wait for Shipment","Split"
"2","ClickShipCollect1","DOO","2","700","ESA","US","Wait for Shipment","Split"
"2","ClickShipCollect1","DOO","2","700","ET","US","Wait for Shipment","Split"
"2","ClickShipCollect1","DOO","2","700","F","F","Attendre l'expédition","Fractionner"
"2","ClickShipCollect1","DOO","2","700","FRC","FRC","Attendre l'expédition","Fractionner"
"2","ClickShipCollect1","DOO","2","700","HR","US","Wait for Shipment","Split"
"2","ClickShipCollect1","DOO","2","700","HU","US","Wait for Shipment","Split"
"2","ClickShipCollect1","DOO","2","700","I","I","Attendere la spedizione","Dividere"
"2","ClickShipCollect1","DOO","2","700","IS","US","Wait for Shipment","Split"
"2","ClickShipCollect1","DOO","2","700","IW","US","Wait for Shipment","Split"
"2","ClickShipCollect1","DOO","2","700","JA","JA","出荷待ち","分割"
"2","ClickShipCollect1","DOO","2","700","KO","KO","운송대기","분열"
"2","ClickShipCollect1","DOO","2","700","LT","US","Wait for Shipment","Split"
"2","ClickShipCollect1","DOO","2","700","LV","US","Wait for Shipment","Split"
"2","ClickShipCollect1","DOO","2","700","N","US","Wait for Shipment","Split"
"2","ClickShipCollect1","DOO","2","700","NL","NL","Wacht op verzending","Split"
"2","ClickShipCollect1","DOO","2","700","PL","US","Wait for Shipment","Split"
"2","ClickShipCollect1","DOO","2","700","PT","US","Wait for Shipment","Split"
"2","ClickShipCollect1","DOO","2","700","PTB","US","Wait for Shipment","Split"
"2","ClickShipCollect1","DOO","2","700","RO","US","Wait for Shipment","Split"
"2","ClickShipCollect1","DOO","2","700","RU","US","Wait for Shipment","Split"
"2","ClickShipCollect1","DOO","2","700","S","US","Wait for Shipment","Split"
"2","ClickShipCollect1","DOO","2","700","SF","US","Wait for Shipment","Split"
"2","ClickShipCollect1","DOO","2","700","SK","US","Wait for Shipment","Split"
"2","ClickShipCollect1","DOO","2","700","SL","US","Wait for Shipment","Split"
"2","ClickShipCollect1","DOO","2","700","TH","US","Wait for Shipment","Split"
"2","ClickShipCollect1","DOO","2","700","TR","US","Wait for Shipment","Split"
"2","ClickShipCollect1","DOO","2","700","UK","US","Wait for Shipment","Split"
"2","ClickShipCollect1","DOO","2","700","US","US","Wait for Shipment","Split"
"2","ClickShipCollect1","DOO","2","700","VN","US","Wait for Shipment","Split"
"2","ClickShipCollect1","DOO","2","700","ZHS","ZHS","等待发运","拆分"
"2","ClickShipCollect1","DOO","2","700","ZHT","ZHT","等待發隕","拆分"
"2","ClickShipCollect1","DOO","2","900","AR","US","Delivered to Customer","Split"
"2","ClickShipCollect1","DOO","2","900","CS","US","Delivered to Customer","Split"
"2","ClickShipCollect1","DOO","2","900","D","D","An Kunden geliefert","Aufteilen"
"2","ClickShipCollect1","DOO","2","900","DK","US","Delivered to Customer","Split"
"2","ClickShipCollect1","DOO","2","900","E","E","Entregado a cliente","Fraccionar"
"2","ClickShipCollect1","DOO","2","900","EL","US","Delivered to Customer","Split"
"2","ClickShipCollect1","DOO","2","900","ESA","US","Delivered to Customer","Split"
"2","ClickShipCollect1","DOO","2","900","ET","US","Delivered to Customer","Split"
"2","ClickShipCollect1","DOO","2","900","F","F","Livré au client","Fractionner"
"2","ClickShipCollect1","DOO","2","900","FRC","FRC","Livré au client","Fractionner"
"2","ClickShipCollect1","DOO","2","900","HR","US","Delivered to Customer","Split"
"2","ClickShipCollect1","DOO","2","900","HU","US","Delivered to Customer","Split"
"2","ClickShipCollect1","DOO","2","900","I","I","Consegnato al Cliente","Dividere"
"2","ClickShipCollect1","DOO","2","900","IS","US","Delivered to Customer","Split"
"2","ClickShipCollect1","DOO","2","900","IW","US","Delivered to Customer","Split"
"2","ClickShipCollect1","DOO","2","900","JA","JA","顧客配送済","分割"
"2","ClickShipCollect1","DOO","2","900","KO","KO","고객에게 전달","분열"
"2","ClickShipCollect1","DOO","2","900","LT","US","Delivered to Customer","Split"
"2","ClickShipCollect1","DOO","2","900","LV","US","Delivered to Customer","Split"
"2","ClickShipCollect1","DOO","2","900","N","US","Delivered to Customer","Split"
"2","ClickShipCollect1","DOO","2","900","NL","NL","Afgeleverd bij klant","Split"
"2","ClickShipCollect1","DOO","2","900","PL","US","Delivered to Customer","Split"
"2","ClickShipCollect1","DOO","2","900","PT","US","Delivered to Customer","Split"
"2","ClickShipCollect1","DOO","2","900","PTB","US","Delivered to Customer","Split"
"2","ClickShipCollect1","DOO","2","900","RO","US","Delivered to Customer","Split"
"2","ClickShipCollect1","DOO","2","900","RU","US","Delivered to Customer","Split"
"2","ClickShipCollect1","DOO","2","900","S","US","Delivered to Customer","Split"
"2","ClickShipCollect1","DOO","2","900","SF","US","Delivered to Customer","Split"
"2","ClickShipCollect1","DOO","2","900","SK","US","Delivered to Customer","Split"
"2","ClickShipCollect1","DOO","2","900","SL","US","Delivered to Customer","Split"
"2","ClickShipCollect1","DOO","2","900","TH","US","Delivered to Customer","Split"
"2","ClickShipCollect1","DOO","2","900","TR","US","Delivered to Customer","Split"
"2","ClickShipCollect1","DOO","2","900","UK","US","Delivered to Customer","Split"
"2","ClickShipCollect1","DOO","2","900","US","US","Delivered to Customer","Split"
"2","ClickShipCollect1","DOO","2","900","VN","US","Delivered to Customer","Split"
"2","ClickShipCollect1","DOO","2","900","ZHS","ZHS","已投递给客户","拆分"
"2","ClickShipCollect1","DOO","2","900","ZHT","ZHT","已投遞個客戶","拆分"
"2","ClickShipCollect1","DOO","2","1100","AR","US","Notify Customer","Split"
"2","ClickShipCollect1","DOO","2","1100","CS","US","Notify Customer","Split"
"2","ClickShipCollect1","DOO","2","1100","D","D","Kunden benachrichtigen","Aufteilen"
"2","ClickShipCollect1","DOO","2","1100","DK","US","Notify Customer","Split"
"2","ClickShipCollect1","DOO","2","1100","E","E","Notificar al Cliente","Fraccionar"
"2","ClickShipCollect1","DOO","2","1100","EL","US","Notify Customer","Split"
"2","ClickShipCollect1","DOO","2","1100","ESA","US","Notify Customer","Split"
"2","ClickShipCollect1","DOO","2","1100","ET","US","Notify Customer","Split"
"2","ClickShipCollect1","DOO","2","1100","F","F","Notifier le client","Fractionner"
"2","ClickShipCollect1","DOO","2","1100","FRC","FRC","Notifier le client","Fractionner"
"2","ClickShipCollect1","DOO","2","1100","HR","US","Notify Customer","Split"
"2","ClickShipCollect1","DOO","2","1100","HU","US","Notify Customer","Split"
"2","ClickShipCollect1","DOO","2","1100","I","I","Notifica cliente","Dividere"
"2","ClickShipCollect1","DOO","2","1100","IS","US","Notify Customer","Split"
"2","ClickShipCollect1","DOO","2","1100","IW","US","Notify Customer","Split"
"2","ClickShipCollect1","DOO","2","1100","JA","JA","顧客に通知","分割"
"2","ClickShipCollect1","DOO","2","1100","KO","KO","고객통지","분열"
"2","ClickShipCollect1","DOO","2","1100","LT","US","Notify Customer","Split"
"2","ClickShipCollect1","DOO","2","1100","LV","US","Notify Customer","Split"
"2","ClickShipCollect1","DOO","2","1100","N","US","Notify Customer","Split"
"2","ClickShipCollect1","DOO","2","1100","NL","NL","Melden aan klant","Split"
"2","ClickShipCollect1","DOO","2","1100","PL","US","Notify Customer","Split"
"2","ClickShipCollect1","DOO","2","1100","PT","US","Notify Customer","Split"
"2","ClickShipCollect1","DOO","2","1100","PTB","US","Notify Customer","Split"
"2","ClickShipCollect1","DOO","2","1100","RO","US","Notify Customer","Split"
"2","ClickShipCollect1","DOO","2","1100","RU","US","Notify Customer","Split"
"2","ClickShipCollect1","DOO","2","1100","S","US","Notify Customer","Split"
"2","ClickShipCollect1","DOO","2","1100","SF","US","Notify Customer","Split"
"2","ClickShipCollect1","DOO","2","1100","SK","US","Notify Customer","Split"
"2","ClickShipCollect1","DOO","2","1100","SL","US","Notify Customer","Split"
"2","ClickShipCollect1","DOO","2","1100","TH","US","Notify Customer","Split"
"2","ClickShipCollect1","DOO","2","1100","TR","US","Notify Customer","Split"
"2","ClickShipCollect1","DOO","2","1100","UK","US","Notify Customer","Split"
"2","ClickShipCollect1","DOO","2","1100","US","US","Notify Customer","Split"
"2","ClickShipCollect1","DOO","2","1100","VN","US","Notify Customer","Split"
"2","ClickShipCollect1","DOO","2","1100","ZHS","ZHS","通知客户","拆分"
"2","ClickShipCollect1","DOO","2","1100","ZHT","ZHT","通知客戶","拆分"
"2","ClickShipCollect1","DOO","2","500","AR","US","Notify Customer 1","Split"
"2","ClickShipCollect1","DOO","2","500","CS","US","Notify Customer 1","Split"
"2","ClickShipCollect1","DOO","2","500","D","D","Kunden 1 benachrichtigen","Aufteilen"
"2","ClickShipCollect1","DOO","2","500","DK","US","Notify Customer 1","Split"
"2","ClickShipCollect1","DOO","2","500","E","E","Notificar Cliente 1","Fraccionar"
"2","ClickShipCollect1","DOO","2","500","EL","US","Notify Customer 1","Split"
"2","ClickShipCollect1","DOO","2","500","ESA","US","Notify Customer 1","Split"
"2","ClickShipCollect1","DOO","2","500","ET","US","Notify Customer 1","Split"
"2","ClickShipCollect1","DOO","2","500","F","F","Notifier Client 1","Fractionner"
"2","ClickShipCollect1","DOO","2","500","FRC","FRC","Notifier Client 1","Fractionner"
"2","ClickShipCollect1","DOO","2","500","HR","US","Notify Customer 1","Split"
"2","ClickShipCollect1","DOO","2","500","HU","US","Notify Customer 1","Split"
"2","ClickShipCollect1","DOO","2","500","I","I","Notifica cliente 1","Dividere"
"2","ClickShipCollect1","DOO","2","500","IS","US","Notify Customer 1","Split"
"2","ClickShipCollect1","DOO","2","500","IW","US","Notify Customer 1","Split"
"2","ClickShipCollect1","DOO","2","500","JA","JA","顧客１に通知","分割"
"2","ClickShipCollect1","DOO","2","500","KO","KO","고객통지1","분열"
"2","ClickShipCollect1","DOO","2","500","LT","US","Notify Customer 1","Split"
"2","ClickShipCollect1","DOO","2","500","LV","US","Notify Customer 1","Split"
"2","ClickShipCollect1","DOO","2","500","N","US","Notify Customer 1","Split"
"2","ClickShipCollect1","DOO","2","500","NL","NL","Melden aan klant 1","Split"
"2","ClickShipCollect1","DOO","2","500","PL","US","Notify Customer 1","Split"
"2","ClickShipCollect1","DOO","2","500","PT","US","Notify Customer 1","Split"
"2","ClickShipCollect1","DOO","2","500","PTB","US","Notify Customer 1","Split"
"2","ClickShipCollect1","DOO","2","500","RO","US","Notify Customer 1","Split"
"2","ClickShipCollect1","DOO","2","500","RU","US","Notify Customer 1","Split"
"2","ClickShipCollect1","DOO","2","500","S","US","Notify Customer 1","Split"
"2","ClickShipCollect1","DOO","2","500","SF","US","Notify Customer 1","Split"
"2","ClickShipCollect1","DOO","2","500","SK","US","Notify Customer 1","Split"
"2","ClickShipCollect1","DOO","2","500","SL","US","Notify Customer 1","Split"
"2","ClickShipCollect1","DOO","2","500","TH","US","Notify Customer 1","Split"
"2","ClickShipCollect1","DOO","2","500","TR","US","Notify Customer 1","Split"
"2","ClickShipCollect1","DOO","2","500","UK","US","Notify Customer 1","Split"
"2","ClickShipCollect1","DOO","2","500","US","US","Notify Customer 1","Split"
"2","ClickShipCollect1","DOO","2","500","VN","US","Notify Customer 1","Split"
"2","ClickShipCollect1","DOO","2","500","ZHS","ZHS","通知客户1","拆分"
"2","ClickShipCollect1","DOO","2","500","ZHT","ZHT","通知客戶1","拆分"
"2","ClickShipCollect1","DOO","2","1000","AR","US","Notify Store to Pick SKU","Split"
"2","ClickShipCollect1","DOO","2","1000","CS","US","Notify Store to Pick SKU","Split"
"2","ClickShipCollect1","DOO","2","1000","D","D","Benachrichtige Laden SKU abzuholen","Aufteilen"
"2","ClickShipCollect1","DOO","2","1000","DK","US","Notify Store to Pick SKU","Split"
"2","ClickShipCollect1","DOO","2","1000","E","E","Notificar a almacen acopio de SKU","Fraccionar"
"2","ClickShipCollect1","DOO","2","1000","EL","US","Notify Store to Pick SKU","Split"
"2","ClickShipCollect1","DOO","2","1000","ESA","US","Notify Store to Pick SKU","Split"
"2","ClickShipCollect1","DOO","2","1000","ET","US","Notify Store to Pick SKU","Split"
"2","ClickShipCollect1","DOO","2","1000","F","F","Notifier le magasin de prélèver le SKU","Fractionner"
"2","ClickShipCollect1","DOO","2","1000","FRC","FRC","Notifier le magasin de prélèver le SKU","Fractionner"
"2","ClickShipCollect1","DOO","2","1000","HR","US","Notify Store to Pick SKU","Split"
"2","ClickShipCollect1","DOO","2","1000","HU","US","Notify Store to Pick SKU","Split"
"2","ClickShipCollect1","DOO","2","1000","I","I","Notifica magazzino per il ritiro SKU","Dividere"
"2","ClickShipCollect1","DOO","2","1000","IS","US","Notify Store to Pick SKU","Split"
"2","ClickShipCollect1","DOO","2","1000","IW","US","Notify Store to Pick SKU","Split"
"2","ClickShipCollect1","DOO","2","1000","JA","JA","SKUピックを店舗に通知","分割"
"2","ClickShipCollect1","DOO","2","1000","KO","KO","SKU(재고관리코드)을 매장에 통지","분열"
"2","ClickShipCollect1","DOO","2","1000","LT","US","Notify Store to Pick SKU","Split"
"2","ClickShipCollect1","DOO","2","1000","LV","US","Notify Store to Pick SKU","Split"
"2","ClickShipCollect1","DOO","2","1000","N","US","Notify Store to Pick SKU","Split"
"2","ClickShipCollect1","DOO","2","1000","NL","NL","Melding winkel Pick SKU","Split"
"2","ClickShipCollect1","DOO","2","1000","PL","US","Notify Store to Pick SKU","Split"
"2","ClickShipCollect1","DOO","2","1000","PT","US","Notify Store to Pick SKU","Split"
"2","ClickShipCollect1","DOO","2","1000","PTB","US","Notify Store to Pick SKU","Split"
"2","ClickShipCollect1","DOO","2","1000","RO","US","Notify Store to Pick SKU","Split"
"2","ClickShipCollect1","DOO","2","1000","RU","US","Notify Store to Pick SKU","Split"
"2","ClickShipCollect1","DOO","2","1000","S","US","Notify Store to Pick SKU","Split"
"2","ClickShipCollect1","DOO","2","1000","SF","US","Notify Store to Pick SKU","Split"
"2","ClickShipCollect1","DOO","2","1000","SK","US","Notify Store to Pick SKU","Split"
"2","ClickShipCollect1","DOO","2","1000","SL","US","Notify Store to Pick SKU","Split"
"2","ClickShipCollect1","DOO","2","1000","TH","US","Notify Store to Pick SKU","Split"
"2","ClickShipCollect1","DOO","2","1000","TR","US","Notify Store to Pick SKU","Split"
"2","ClickShipCollect1","DOO","2","1000","UK","US","Notify Store to Pick SKU","Split"
"2","ClickShipCollect1","DOO","2","1000","US","US","Notify Store to Pick SKU","Split"
"2","ClickShipCollect1","DOO","2","1000","VN","US","Notify Store to Pick SKU","Split"
"2","ClickShipCollect1","DOO","2","1000","ZHS","ZHS","通知仓库做SKU挑库","拆分"
"2","ClickShipCollect1","DOO","2","1000","ZHT","ZHT","通知倉庫做SKU挑庫","拆分"
"2","ClickShipCollect1","DOO","2","1500","AR","US","Settlement","Split"
"2","ClickShipCollect1","DOO","2","1500","CS","US","Settlement","Split"
"2","ClickShipCollect1","DOO","2","1500","D","D","Abrechnung","Aufteilen"
"2","ClickShipCollect1","DOO","2","1500","DK","US","Settlement","Split"
"2","ClickShipCollect1","DOO","2","1500","E","E","Liquidación","Fraccionar"
"2","ClickShipCollect1","DOO","2","1500","EL","US","Settlement","Split"
"2","ClickShipCollect1","DOO","2","1500","ESA","US","Settlement","Split"
"2","ClickShipCollect1","DOO","2","1500","ET","US","Settlement","Split"
"2","ClickShipCollect1","DOO","2","1500","F","F","Règlement","Fractionner"
"2","ClickShipCollect1","DOO","2","1500","FRC","FRC","Règlement","Fractionner"
"2","ClickShipCollect1","DOO","2","1500","HR","US","Settlement","Split"
"2","ClickShipCollect1","DOO","2","1500","HU","US","Settlement","Split"
"2","ClickShipCollect1","DOO","2","1500","I","I","Accordo","Dividere"
"2","ClickShipCollect1","DOO","2","1500","IS","US","Settlement","Split"
"2","ClickShipCollect1","DOO","2","1500","IW","US","Settlement","Split"
"2","ClickShipCollect1","DOO","2","1500","JA","JA","受領","分割"
"2","ClickShipCollect1","DOO","2","1500","KO","KO","정착지","분열"
"2","ClickShipCollect1","DOO","2","1500","LT","US","Settlement","Split"
"2","ClickShipCollect1","DOO","2","1500","LV","US","Settlement","Split"
"2","ClickShipCollect1","DOO","2","1500","N","US","Settlement","Split"
"2","ClickShipCollect1","DOO","2","1500","NL","NL","Vereffening","Split"
"2","ClickShipCollect1","DOO","2","1500","PL","US","Settlement","Split"
"2","ClickShipCollect1","DOO","2","1500","PT","US","Settlement","Split"
"2","ClickShipCollect1","DOO","2","1500","PTB","US","Settlement","Split"
"2","ClickShipCollect1","DOO","2","1500","RO","US","Settlement","Split"
"2","ClickShipCollect1","DOO","2","1500","RU","US","Settlement","Split"
"2","ClickShipCollect1","DOO","2","1500","S","US","Settlement","Split"
"2","ClickShipCollect1","DOO","2","1500","SF","US","Settlement","Split"
"2","ClickShipCollect1","DOO","2","1500","SK","US","Settlement","Split"
"2","ClickShipCollect1","DOO","2","1500","SL","US","Settlement","Split"
"2","ClickShipCollect1","DOO","2","1500","TH","US","Settlement","Split"
"2","ClickShipCollect1","DOO","2","1500","TR","US","Settlement","Split"
"2","ClickShipCollect1","DOO","2","1500","UK","US","Settlement","Split"
"2","ClickShipCollect1","DOO","2","1500","US","US","Settlement","Split"
"2","ClickShipCollect1","DOO","2","1500","VN","US","Settlement","Split"
"2","ClickShipCollect1","DOO","2","1500","ZHS","ZHS","结算","拆分"
"2","ClickShipCollect1","DOO","2","1500","ZHT","ZHT","結算","拆分"
"2","ClickShipCollect1","DOO","2","1600","AR","US","Wait for Settlement","Split"
"2","ClickShipCollect1","DOO","2","1600","CS","US","Wait for Settlement","Split"
"2","ClickShipCollect1","DOO","2","1600","D","D","Warten auf Abwicklung","Aufteilen"
"2","ClickShipCollect1","DOO","2","1600","DK","US","Wait for Settlement","Split"
"2","ClickShipCollect1","DOO","2","1600","E","E","Esperar liquidación","Fraccionar"
"2","ClickShipCollect1","DOO","2","1600","EL","US","Wait for Settlement","Split"
"2","ClickShipCollect1","DOO","2","1600","ESA","US","Wait for Settlement","Split"
"2","ClickShipCollect1","DOO","2","1600","ET","US","Wait for Settlement","Split"
"2","ClickShipCollect1","DOO","2","1600","F","F","Attendre le règlement ","Fractionner"
"2","ClickShipCollect1","DOO","2","1600","FRC","FRC","Attendre le règlement ","Fractionner"
"2","ClickShipCollect1","DOO","2","1600","HR","US","Wait for Settlement","Split"
"2","ClickShipCollect1","DOO","2","1600","HU","US","Wait for Settlement","Split"
"2","ClickShipCollect1","DOO","2","1600","I","I","In attesa dell'accordo","Dividere"
"2","ClickShipCollect1","DOO","2","1600","IS","US","Wait for Settlement","Split"
"2","ClickShipCollect1","DOO","2","1600","IW","US","Wait for Settlement","Split"
"2","ClickShipCollect1","DOO","2","1600","JA","JA","受領待ち","分割"
"2","ClickShipCollect1","DOO","2","1600","KO","KO","정착대기","분열"
"2","ClickShipCollect1","DOO","2","1600","LT","US","Wait for Settlement","Split"
"2","ClickShipCollect1","DOO","2","1600","LV","US","Wait for Settlement","Split"
"2","ClickShipCollect1","DOO","2","1600","N","US","Wait for Settlement","Split"
"2","ClickShipCollect1","DOO","2","1600","NL","NL","Wacht op vereffening","Split"
"2","ClickShipCollect1","DOO","2","1600","PL","US","Wait for Settlement","Split"
"2","ClickShipCollect1","DOO","2","1600","PT","US","Wait for Settlement","Split"
"2","ClickShipCollect1","DOO","2","1600","PTB","US","Wait for Settlement","Split"
"2","ClickShipCollect1","DOO","2","1600","RO","US","Wait for Settlement","Split"
"2","ClickShipCollect1","DOO","2","1600","RU","US","Wait for Settlement","Split"
"2","ClickShipCollect1","DOO","2","1600","S","US","Wait for Settlement","Split"
"2","ClickShipCollect1","DOO","2","1600","SF","US","Wait for Settlement","Split"
"2","ClickShipCollect1","DOO","2","1600","SK","US","Wait for Settlement","Split"
"2","ClickShipCollect1","DOO","2","1600","SL","US","Wait for Settlement","Split"
"2","ClickShipCollect1","DOO","2","1600","TH","US","Wait for Settlement","Split"
"2","ClickShipCollect1","DOO","2","1600","TR","US","Wait for Settlement","Split"
"2","ClickShipCollect1","DOO","2","1600","UK","US","Wait for Settlement","Split"
"2","ClickShipCollect1","DOO","2","1600","US","US","Wait for Settlement","Split"
"2","ClickShipCollect1","DOO","2","1600","VN","US","Wait for Settlement","Split"
"2","ClickShipCollect1","DOO","2","1600","ZHS","ZHS","等待结算","拆分"
"2","ClickShipCollect1","DOO","2","1600","ZHT","ZHT","等待結算","拆分"
"2","ClickShipCollect1","DOO","2","300","AR","US","Customer Pickup or Ship","Split"
"2","ClickShipCollect1","DOO","2","300","CS","US","Customer Pickup or Ship","Split"
"2","ClickShipCollect1","DOO","2","300","D","D","Selbstabholung oder Versand","Aufteilen"
"2","ClickShipCollect1","DOO","2","300","DK","US","Customer Pickup or Ship","Split"
"2","ClickShipCollect1","DOO","2","300","E","E","Recogida o envío por cliente","Fraccionar"
"2","ClickShipCollect1","DOO","2","300","EL","US","Customer Pickup or Ship","Split"
"2","ClickShipCollect1","DOO","2","300","ESA","US","Customer Pickup or Ship","Split"
"2","ClickShipCollect1","DOO","2","300","ET","US","Customer Pickup or Ship","Split"
"2","ClickShipCollect1","DOO","2","300","F","F","Enlèvement Client ou Expédition","Fractionner"
"2","ClickShipCollect1","DOO","2","300","FRC","FRC","Enlèvement Client ou Expédition","Fractionner"
"2","ClickShipCollect1","DOO","2","300","HR","US","Customer Pickup or Ship","Split"
"2","ClickShipCollect1","DOO","2","300","HU","US","Customer Pickup or Ship","Split"
"2","ClickShipCollect1","DOO","2","300","I","I","Ritiro cliente o spedizione","Dividere"
"2","ClickShipCollect1","DOO","2","300","IS","US","Customer Pickup or Ship","Split"
"2","ClickShipCollect1","DOO","2","300","IW","US","Customer Pickup or Ship","Split"
"2","ClickShipCollect1","DOO","2","300","JA","JA","顧客ピックアップまたは出荷","分割"
"2","ClickShipCollect1","DOO","2","300","KO","KO","고객 Pickup 또는 배송","분열"
"2","ClickShipCollect1","DOO","2","300","LT","US","Customer Pickup or Ship","Split"
"2","ClickShipCollect1","DOO","2","300","LV","US","Customer Pickup or Ship","Split"
"2","ClickShipCollect1","DOO","2","300","N","US","Customer Pickup or Ship","Split"
"2","ClickShipCollect1","DOO","2","300","NL","NL","Ophalen door klant of verzending","Split"
"2","ClickShipCollect1","DOO","2","300","PL","US","Customer Pickup or Ship","Split"
"2","ClickShipCollect1","DOO","2","300","PT","US","Customer Pickup or Ship","Split"
"2","ClickShipCollect1","DOO","2","300","PTB","US","Customer Pickup or Ship","Split"
"2","ClickShipCollect1","DOO","2","300","RO","US","Customer Pickup or Ship","Split"
"2","ClickShipCollect1","DOO","2","300","RU","US","Customer Pickup or Ship","Split"
"2","ClickShipCollect1","DOO","2","300","S","US","Customer Pickup or Ship","Split"
"2","ClickShipCollect1","DOO","2","300","SF","US","Customer Pickup or Ship","Split"
"2","ClickShipCollect1","DOO","2","300","SK","US","Customer Pickup or Ship","Split"
"2","ClickShipCollect1","DOO","2","300","SL","US","Customer Pickup or Ship","Split"
"2","ClickShipCollect1","DOO","2","300","TH","US","Customer Pickup or Ship","Split"
"2","ClickShipCollect1","DOO","2","300","TR","US","Customer Pickup or Ship","Split"
"2","ClickShipCollect1","DOO","2","300","UK","US","Customer Pickup or Ship","Split"
"2","ClickShipCollect1","DOO","2","300","US","US","Customer Pickup or Ship","Split"
"2","ClickShipCollect1","DOO","2","300","VN","US","Customer Pickup or Ship","Split"
"2","ClickShipCollect1","DOO","2","300","ZHS","ZHS","客户起运或者发运","拆分"
"2","ClickShipCollect1","DOO","2","300","ZHT","ZHT","客戶起隕或者發隕","拆分"
"2","ClickShipCollect1","DOO","2","1400","AR","US","Merge","Split"
"2","ClickShipCollect1","DOO","2","1400","CS","US","Merge","Split"
"2","ClickShipCollect1","DOO","2","1400","D","D","Merge","Aufteilen"
"2","ClickShipCollect1","DOO","2","1400","DK","US","Merge","Split"
"2","ClickShipCollect1","DOO","2","1400","E","E","Merge","Fraccionar"
"2","ClickShipCollect1","DOO","2","1400","EL","US","Merge","Split"
"2","ClickShipCollect1","DOO","2","1400","ESA","US","Merge","Split"
"2","ClickShipCollect1","DOO","2","1400","ET","US","Merge","Split"
"2","ClickShipCollect1","DOO","2","1400","F","F","Merge","Fractionner"
"2","ClickShipCollect1","DOO","2","1400","FRC","FRC","Merge","Fractionner"
"2","ClickShipCollect1","DOO","2","1400","HR","US","Merge","Split"
"2","ClickShipCollect1","DOO","2","1400","HU","US","Merge","Split"
"2","ClickShipCollect1","DOO","2","1400","I","I","Merge","Dividere"
"2","ClickShipCollect1","DOO","2","1400","IS","US","Merge","Split"
"2","ClickShipCollect1","DOO","2","1400","IW","US","Merge","Split"
"2","ClickShipCollect1","DOO","2","1400","JA","JA","マージ","分割"
"2","ClickShipCollect1","DOO","2","1400","KO","KO","Merge","분열"
"2","ClickShipCollect1","DOO","2","1400","LT","US","Merge","Split"
"2","ClickShipCollect1","DOO","2","1400","LV","US","Merge","Split"
"2","ClickShipCollect1","DOO","2","1400","N","US","Merge","Split"
"2","ClickShipCollect1","DOO","2","1400","NL","US","Merge","Split"
"2","ClickShipCollect1","DOO","2","1400","PL","US","Merge","Split"
"2","ClickShipCollect1","DOO","2","1400","PT","US","Merge","Split"
"2","ClickShipCollect1","DOO","2","1400","PTB","US","Merge","Split"
"2","ClickShipCollect1","DOO","2","1400","RO","US","Merge","Split"
"2","ClickShipCollect1","DOO","2","1400","RU","US","Merge","Split"
"2","ClickShipCollect1","DOO","2","1400","S","US","Merge","Split"
"2","ClickShipCollect1","DOO","2","1400","SF","US","Merge","Split"
"2","ClickShipCollect1","DOO","2","1400","SK","US","Merge","Split"
"2","ClickShipCollect1","DOO","2","1400","SL","US","Merge","Split"
"2","ClickShipCollect1","DOO","2","1400","TH","US","Merge","Split"
"2","ClickShipCollect1","DOO","2","1400","TR","US","Merge","Split"
"2","ClickShipCollect1","DOO","2","1400","UK","US","Merge","Split"
"2","ClickShipCollect1","DOO","2","1400","US","US","Merge","Split"
"2","ClickShipCollect1","DOO","2","1400","VN","US","Merge","Split"
"2","ClickShipCollect1","DOO","2","1400","ZHS","ZHS","Merge","拆分"
"2","ClickShipCollect1","DOO","2","1400","ZHT","ZHT","Merge","拆分"
